step,item,status,reinserts,hit_ratio
1,"printFreezingDisplayLogsopening app wtoken = AppWindowToken{9f4ef63 token=Token{a64f992 ActivityRecord{de9231d u0 com.tencent.qt.qtl/.activity.info.NewsDetailXmlActivity t761}}}, allDrawn= false, startingDisplayed =  false, startingMoved =  false, isRelaunching =  false",MISS,0,0.000000
2,"acquire lock=233570404, flags=0x1, tag=""View Lock"", name=com.android.systemui, ws=null, uid=10037, pid=2227",MISS,0,0.000000
3,"ready=true,policy=3,wakefulness=1,wksummary=0x23,uasummary=0x1,bootcompleted=true,boostinprogress=false,waitmodeenable=false,mode=false,manual=38,auto=-1,adj=0.0userId=0",MISS,0,0.000000
4,Skipping AppWindowToken{df0798e token=Token{78af589 ActivityRecord{3b04890 u0 com.tencent.qt.qtl/com.tencent.video.player.activity.PlayerActivity t761}}} -- going to hide,MISS,0,0.000000
5,visible is system.time.showampm,MISS,0,0.000000
6,mVisiblity.getValue is false,MISS,0,0.000000
7,visible is system.charge.show,MISS,0,0.000000
8,mVisiblity.getValue is false,HIT,0,0.125000
9,visible is system.call.count gt 0,MISS,0,0.111111
10,mVisiblity.getValue is false,HIT,0,0.200000
11,visible is system.message.count gt 0,MISS,0,0.181818
12,mVisiblity.getValue is false,HIT,0,0.250000
13,visible is system.ownerinfo.show,MISS,0,0.230769
14,mVisiblity.getValue is false,HIT,0,0.285714
15,"release:lock=233570404, flg=0x0, tag=""View Lock"", name=com.android.systemui"", ws=null, uid=10037, pid=2227",MISS,0,0.266667
16,"ready=true,policy=3,wakefulness=1,wksummary=0x23,uasummary=0x1,bootcompleted=true,boostinprogress=false,waitmodeenable=false,mode=false,manual=38,auto=-1,adj=0.0userId=0",HIT,0,0.312500
17,Skipping AppWindowToken{df0798e token=Token{78af589 ActivityRecord{3b04890 u0 com.tencent.qt.qtl/com.tencent.video.player.activity.PlayerActivity t761}}} -- going to hide,HIT,0,0.352941
18,"updateClipping isOverlap:false, getTopPadding=333.0, Translation=-24.0",MISS,0,0.333333
19,updateDimmedActivatedHideSensitive overlap:false,MISS,0,0.315789
20,getRunningAppProcesses: caller 10113 does not hold REAL_GET_TASKS; limiting output,MISS,0,0.300000
21,"release:lock=189667585, flg=0x0, tag=""*launch*"", name=android"", ws=WorkSource{10113}, uid=1000, pid=1702",MISS,0,0.285714
22,"ready=true,policy=3,wakefulness=1,wksummary=0x23,uasummary=0x1,bootcompleted=true,boostinprogress=false,waitmodeenable=false,mode=false,manual=38,auto=-1,adj=0.0userId=0",HIT,0,0.318182
23,"setSystemUiVisibility vis=40000500 mask=ffffffff oldVal=508 newVal=40000500 diff=40000008 fullscreenStackVis=0 dockedStackVis=0, fullscreenStackBounds=Rect(0, 0 - 720, 1280), dockedStackBounds=Rect(0, 0 - 0, 0)",MISS,0,0.304348
24,cancelAutohide,MISS,0,0.291667
25,"notifyUiVisibilityChanged:vis=0x40000500, SystemUiVisibility=0x40000500",MISS,0,0.280000
26,Destroying surface Surface(name=SurfaceView - com.tencent.qt.qtl/com.tencent.video.player.activity.PlayerActivity) called by com.android.server.wm.WindowStateAnimator.destroyDeferredSurfaceLocked:942 com.android.server.wm.WindowManagerService.performDeferredDestroyWindow:3407 com.android.server.wm.Session.performDeferredDestroy:225 android.view.IWindowSession$Stub.onTransact:398 com.android.server.wm.Session.onTransact:136 android.os.Binder.execTransact:565 <bottom of call stack> <bottom of call stack>,MISS,0,0.269231
27,Destroying surface Surface(name=com.tencent.qt.qtl/com.tencent.video.player.activity.PlayerActivity) called by com.android.server.wm.WindowStateAnimator.destroySurface:2060 com.android.server.wm.WindowStateAnimator.destroySurfaceLocked:913 com.android.server.wm.WindowState.destroyOrSaveSurface:2201 com.android.server.wm.WindowManagerService.tryStartExitingAnimation:3299 com.android.server.wm.WindowManagerService.relayoutWindow:3179 com.android.server.wm.Session.relayout:215 android.view.IWindowSession$Stub.onTransact:286 com.android.server.wm.Session.onTransact:136,MISS,0,0.259259
28,"release:lock=62617001, flg=0x0, tag=""WindowManager"", name=android"", ws=WorkSource{10113}, uid=1000, pid=1702",MISS,0,0.250000
29,"userActivityNoUpdateLocked: eventTime=261843648, event=0, flags=0x1, uid=1000",MISS,0,0.241379
30,"ready=true,policy=3,wakefulness=1,wksummary=0x1,uasummary=0x1,bootcompleted=true,boostinprogress=false,waitmodeenable=false,mode=false,manual=38,auto=-1,adj=0.0userId=0",MISS,0,0.233333
31,"orientation change is complete, call stopFreezingDisplayLocked",MISS,0,0.225806
32,Screen frozen for +1s0ms due to Window{ca98d5 u0 com.tencent.qt.qtl/com.tencent.qt.qtl.activity.info.NewsDetailXmlActivity},MISS,0,0.218750
33,startAnimation begin,MISS,0,0.212121
34,startAnimation end,MISS,0,0.205882
35,"release:lock=226887582, flg=0x0, tag=""SCREEN_FROZEN"", name=android"", ws=null, uid=1000, pid=1702",MISS,0,0.200000
36,"ready=true,policy=3,wakefulness=1,wksummary=0x1,uasummary=0x1,bootcompleted=true,boostinprogress=false,waitmodeenable=false,mode=false,manual=38,auto=-1,adj=0.0userId=0",HIT,0,0.222222
37,remove(PendingIntent{19abed0: PendingIntentRecord{a485420 com.tencent.qt.qtl broadcastIntent}}) changed bounds; rebatching,MISS,0,0.216216
38,"rotationForOrientationLw(orient=1, last=0); user=0 USER_ROTATION_LOCKED",MISS,0,0.210526
39,"Application requested orientation 1, got rotation 0 which has compatible metrics",MISS,0,0.205128
40,"acquire lock=166121161, flags=0x1, tag=""RILJ_ACK_WL"", name=com.android.phone, ws=null, uid=1001, pid=2626",MISS,0,0.200000
41,"ready=true,policy=3,wakefulness=1,wksummary=0x1,uasummary=0x1,bootcompleted=true,boostinprogress=false,waitmodeenable=false,mode=false,manual=38,auto=-1,adj=0.0userId=0",HIT,0,0.219512
42,"ready=true,policy=3,wakefulness=1,wksummary=0x1,uasummary=0x1,bootcompleted=true,boostinprogress=false,waitmodeenable=false,mode=false,manual=38,auto=-1,adj=0.0userId=0",HIT,0,0.238095
43,"ready=true,policy=3,wakefulness=1,wksummary=0x1,uasummary=0x1,bootcompleted=true,boostinprogress=false,waitmodeenable=false,mode=false,manual=38,auto=-1,adj=0.0userId=0",HIT,0,0.255814
44,"ready=true,policy=3,wakefulness=1,wksummary=0x1,uasummary=0x1,bootcompleted=true,boostinprogress=false,waitmodeenable=false,mode=false,manual=38,auto=-1,adj=0.0userId=0",HIT,0,0.272727
45,"ready=true,policy=3,wakefulness=1,wksummary=0x1,uasummary=0x1,bootcompleted=true,boostinprogress=false,waitmodeenable=false,mode=false,manual=38,auto=-1,adj=0.0userId=0",HIT,0,0.288889
46,"ready=true,policy=3,wakefulness=1,wksummary=0x1,uasummary=0x1,bootcompleted=true,boostinprogress=false,waitmodeenable=false,mode=false,manual=38,auto=-1,adj=0.0userId=0",HIT,0,0.304348
47,shouldBlockLocation running ...,MISS,0,0.297872
48,shouldBlockLocation  ret:false,MISS,0,0.291667
49,shouldBlockLocation running ...,HIT,0,0.306122
50,shouldBlockLocation  ret:false,HIT,0,0.320000
51,getNeighboringCellInfo calling app is com.amap.android.ams,MISS,0,0.313725
52,shouldBlockLocation running ...,HIT,0,0.326923
53,shouldBlockLocation  ret:false,HIT,0,0.339623
54,"ready=true,policy=3,wakefulness=1,wksummary=0x1,uasummary=0x1,bootcompleted=true,boostinprogress=false,waitmodeenable=false,mode=false,manual=38,auto=-1,adj=0.0userId=0",HIT,0,0.351852
55,"ready=true,policy=3,wakefulness=1,wksummary=0x1,uasummary=0x1,bootcompleted=true,boostinprogress=false,waitmodeenable=false,mode=false,manual=38,auto=-1,adj=0.0userId=0",HIT,0,0.363636
56,shouldBlockLocation running ...,HIT,0,0.375000
57,shouldBlockLocation  ret:false,HIT,0,0.385965
58,"ready=true,policy=3,wakefulness=1,wksummary=0x1,uasummary=0x1,bootcompleted=true,boostinprogress=false,waitmodeenable=false,mode=false,manual=38,auto=-1,adj=0.0userId=0",HIT,0,0.396552
59,"ready=true,policy=3,wakefulness=1,wksummary=0x1,uasummary=0x1,bootcompleted=true,boostinprogress=false,waitmodeenable=false,mode=false,manual=38,auto=-1,adj=0.0userId=0",HIT,0,0.406780
60,"ready=true,policy=3,wakefulness=1,wksummary=0x1,uasummary=0x1,bootcompleted=true,boostinprogress=false,waitmodeenable=false,mode=false,manual=38,auto=-1,adj=0.0userId=0",HIT,0,0.416667
61,"ready=true,policy=3,wakefulness=1,wksummary=0x1,uasummary=0x1,bootcompleted=true,boostinprogress=false,waitmodeenable=false,mode=false,manual=38,auto=-1,adj=0.0userId=0",HIT,0,0.426230
62,"release:lock=166121161, flg=0x0, tag=""RILJ_ACK_WL"", name=com.android.phone"", ws=null, uid=1001, pid=2626",MISS,0,0.419355
63,"ready=true,policy=3,wakefulness=1,wksummary=0x1,uasummary=0x1,bootcompleted=true,boostinprogress=false,waitmodeenable=false,mode=false,manual=38,auto=-1,adj=0.0userId=0",HIT,0,0.428571
64,shouldBlockLocation running ...,HIT,0,0.437500
65,shouldBlockLocation  ret:false,HIT,0,0.446154
66,"release:lock=264232593, flg=0x0, tag=""AudioMix"", name=audioserver"", ws=null, uid=1041, pid=0",MISS,0,0.439394
67,"ready=true,policy=3,wakefulness=1,wksummary=0x0,uasummary=0x1,bootcompleted=true,boostinprogress=false,waitmodeenable=false,mode=false,manual=38,auto=-1,adj=0.0userId=0",MISS,0,0.432836
68,"Releasing suspend blocker ""PowerManagerService.WakeLocks"".",MISS,0,0.426471
69,HBM brightnessIn =38,MISS,0,0.420290
70,HBM brightnessOut =38,MISS,0,0.414286
71,"Animating brightness: target=38, rate=200",MISS,0,0.408451
72,"userActivityNoUpdateLocked: eventTime=261849942, event=2, flags=0x0, uid=1000",MISS,0,0.402778
73,"ready=true,policy=3,wakefulness=1,wksummary=0x0,uasummary=0x1,bootcompleted=true,boostinprogress=false,waitmodeenable=false,mode=false,manual=38,auto=-1,adj=0.0userId=0",HIT,0,0.410959
74,suspendAutohide,MISS,0,0.405405
75,interceptKeyTq keycode=4 interactive=true keyguardActive=false policyFlags=2b000002 down true canceled false,MISS,0,0.400000
76,"interceptKeyBeforeQueueing: key 4 , result : 1",MISS,0,0.394737
77,"userActivityNoUpdateLocked: eventTime=261849949, event=1, flags=0x0, uid=1000",MISS,0,0.389610
78,"ready=true,policy=3,wakefulness=1,wksummary=0x0,uasummary=0x1,bootcompleted=true,boostinprogress=false,waitmodeenable=false,mode=false,manual=38,auto=-1,adj=0.0userId=0",HIT,0,0.397436
79,resumeSuspendedAutohide,MISS,0,0.392405
80,interceptKeyTq keycode=4 interactive=true keyguardActive=false policyFlags=2b000002 down false canceled false,MISS,0,0.387500
81,"interceptKeyBeforeQueueing: key 4 , result : 1",HIT,0,0.395062
82,querySoundEffectsEnabled...,MISS,0,0.390244
83,"acquire lock=189667585, flags=0x1, tag=""*launch*"", name=android, ws=WorkSource{10113}, uid=1000, pid=1702",MISS,0,0.385542
84,"ready=true,policy=3,wakefulness=1,wksummary=0x1,uasummary=0x1,bootcompleted=true,boostinprogress=false,waitmodeenable=false,mode=false,manual=38,auto=-1,adj=0.0userId=0",HIT,0,0.392857
85,"Acquiring suspend blocker ""PowerManagerService.WakeLocks"".",MISS,0,0.388235
86,Skipping AppWindowToken{9f4ef63 token=Token{a64f992 ActivityRecord{de9231d u0 com.tencent.qt.qtl/.activity.info.NewsDetailXmlActivity t761}}} -- going to hide,MISS,0,0.383721
87,"setSystemUiVisibility vis=508 mask=ffffffff oldVal=40000500 newVal=508 diff=40000008 fullscreenStackVis=0 dockedStackVis=0, fullscreenStackBounds=Rect(0, 0 - 720, 1280), dockedStackBounds=Rect(0, 0 - 0, 0)",MISS,0,0.379310
88,cancelAutohide,HIT,0,0.386364
89,"notifyUiVisibilityChanged:vis=0x508, SystemUiVisibility=0x508",MISS,0,0.382022
90,Bad activity token: android.os.BinderProxy@2bd79ce,MISS,0,0.377778
91,java.lang.ClassCastException: android.os.BinderProxy cannot be cast to com.android.server.am.ActivityRecord$Token,MISS,0,0.373626
92,Skipping AppWindowToken{9f4ef63 token=Token{a64f992 ActivityRecord{de9231d u0 com.tencent.qt.qtl/.activity.info.NewsDetailXmlActivity t761}}} -- going to hide,HIT,0,0.380435
93,"release:lock=189667585, flg=0x0, tag=""*launch*"", name=android"", ws=WorkSource{10113}, uid=1000, pid=1702",HIT,0,0.387097
94,"ready=true,policy=3,wakefulness=1,wksummary=0x0,uasummary=0x1,bootcompleted=true,boostinprogress=false,waitmodeenable=false,mode=false,manual=38,auto=-1,adj=0.0userId=0",HIT,0,0.393617
95,"Releasing suspend blocker ""PowerManagerService.WakeLocks"".",HIT,0,0.400000
96,"setSystemUiVisibility vis=40000500 mask=ffffffff oldVal=508 newVal=40000500 diff=40000008 fullscreenStackVis=0 dockedStackVis=0, fullscreenStackBounds=Rect(0, 0 - 720, 1280), dockedStackBounds=Rect(0, 0 - 0, 0)",HIT,0,0.406250
97,cancelAutohide,HIT,0,0.412371
98,"notifyUiVisibilityChanged:vis=0x40000500, SystemUiVisibility=0x40000500",HIT,0,0.418367
99,"userActivityNoUpdateLocked: eventTime=261850777, event=2, flags=0x0, uid=1000",MISS,0,0.414141
100,"ready=true,policy=3,wakefulness=1,wksummary=0x0,uasummary=0x1,bootcompleted=true,boostinprogress=false,waitmodeenable=false,mode=false,manual=38,auto=-1,adj=0.0userId=0",HIT,0,0.420000
101,suspendAutohide,HIT,0,0.425743
102,suspendAutohide,HIT,0,0.431373
103,"onTouchEvent::0, x=271.0, y=14.0",MISS,0,0.427184
104,schedulePeek,MISS,0,0.423077
105,getRingtonePlayer...,MISS,0,0.419048
106,disable: < expand ICONS* alerts SYSTEM_INFO* back home recent clock navigationbar search quick_settings >,MISS,0,0.415094
107,suspendAutohide,HIT,0,0.420561
108,"updateLightsLocked,mInCall =false,mScreenOn = true,ledNotification == null?true",MISS,0,0.416667
109,"updateLightsLocked,turn off notificationLight",MISS,0,0.412844
110,getRingtonePlayer...,HIT,0,0.418182
111,"updateLightsLocked,mInCall =false,mScreenOn = true,ledNotification == null?true",HIT,0,0.423423
112,"updateLightsLocked,turn off notificationLight",HIT,0,0.428571
113,"overlapAmount:196.0, previousNotificationEnd:0.0, newYTranslation:-196.0, location:4, i:0, getTopPadding:333.0, getLocationOnScreen():-529",MISS,0,0.424779
114,"state.clipTopAmount:180, i:0",MISS,0,0.421053
115,"updateClipping isOverlap:true, getTopPadding=333.0, Translation=-529.0",MISS,0,0.417391
116,updateDimmedActivatedHideSensitive overlap:true,MISS,0,0.413793
117,getRunningAppProcesses: caller 10113 does not hold REAL_GET_TASKS; limiting output,HIT,0,0.418803
118,"setSystemUiVisibility vis=40000600 mask=ffffffff oldVal=40000500 newVal=40000600 diff=300 fullscreenStackVis=0 dockedStackVis=0, fullscreenStackBounds=Rect(0, 0 - 720, 1280), dockedStackBounds=Rect(0, 0 - 0, 0)",MISS,0,0.415254
119,"notifyUiVisibilityChanged:vis=0x40000600, SystemUiVisibility=0x40000600",MISS,0,0.411765
120,suspendAutohide,HIT,0,0.416667
121,onExpandingStarted,MISS,0,0.413223
122,suspendAutohide,HIT,0,0.418033
123,onTrackingStarted,MISS,0,0.414634
124,Destroying surface Surface(name=com.tencent.qt.qtl/com.tencent.qt.qtl.activity.info.NewsDetailXmlActivity) called by com.android.server.wm.WindowStateAnimator.destroySurface:2060 com.android.server.wm.WindowStateAnimator.destroySurfaceLocked:913 com.android.server.wm.WindowState.removeLocked:1554 com.android.server.wm.WindowManagerService.removeWindowInnerLocked:2739 com.android.server.wm.WindowManagerService.removeWindowInnerLocked:2702 com.android.server.wm.WindowManagerService.removeWindowLocked:2691 com.android.server.wm.WindowManagerService.removeWindowLocked:2560 com.android.server.wm.WindowManagerService.removeWindow:2555,MISS,0,0.411290
125,suspendAutohide,HIT,0,0.416000
126,"overlapAmount:146.0, previousNotificationEnd:0.0, newYTranslation:-146.0, location:4, i:0, getTopPadding:333.0, getLocationOnScreen():-479",MISS,0,0.412698
127,"state.clipTopAmount:130, i:0",MISS,0,0.409449
128,"updateClipping isOverlap:true, getTopPadding=333.0, Translation=-479.0",MISS,0,0.406250
129,updateDimmedActivatedHideSensitive overlap:true,HIT,0,0.410853
130,suspendAutohide,HIT,0,0.415385
131,"overlapAmount:119.0, previousNotificationEnd:0.0, newYTranslation:-119.0, location:4, i:0, getTopPadding:333.0, getLocationOnScreen():-452",MISS,0,0.412214
132,"state.clipTopAmount:103, i:0",MISS,0,0.409091
133,"updateClipping isOverlap:true, getTopPadding=333.0, Translation=-452.0",MISS,0,0.406015
134,updateDimmedActivatedHideSensitive overlap:true,HIT,0,0.410448
135,suspendAutohide,HIT,0,0.414815
136,"overlapAmount:85.0, previousNotificationEnd:0.0, newYTranslation:-85.0, location:4, i:0, getTopPadding:333.0, getLocationOnScreen():-418",MISS,0,0.411765
137,"state.clipTopAmount:69, i:0",MISS,0,0.408759
138,"updateClipping isOverlap:true, getTopPadding=333.0, Translation=-418.0",MISS,0,0.405797
139,updateDimmedActivatedHideSensitive overlap:true,HIT,0,0.410072
140,suspendAutohide,HIT,0,0.414286
141,"overlapAmount:46.0, previousNotificationEnd:0.0, newYTranslation:-46.0, location:4, i:0, getTopPadding:333.0, getLocationOnScreen():-379",MISS,0,0.411348
142,"state.clipTopAmount:30, i:0",MISS,0,0.408451
143,"updateClipping isOverlap:true, getTopPadding=333.0, Translation=-379.0",MISS,0,0.405594
144,updateDimmedActivatedHideSensitive overlap:true,HIT,0,0.409722
145,suspendAutohide,HIT,0,0.413793
146,"overlapAmount:5.0, previousNotificationEnd:0.0, newYTranslation:-5.0, location:4, i:0, getTopPadding:333.0, getLocationOnScreen():-338",MISS,0,0.410959
147,"state.clipTopAmount:-1, i:0",MISS,0,0.408163
148,"updateClipping isOverlap:true, getTopPadding=333.0, Translation=-338.0",MISS,0,0.405405
149,updateDimmedActivatedHideSensitive overlap:true,HIT,0,0.409396
150,suspendAutohide,HIT,0,0.413333
151,"updateClipping isOverlap:false, getTopPadding=333.0, Translation=-293.0",MISS,0,0.410596
152,updateDimmedActivatedHideSensitive overlap:false,HIT,0,0.414474
153,suspendAutohide,HIT,0,0.418301
154,"updateClipping isOverlap:false, getTopPadding=333.0, Translation=-250.0",MISS,0,0.415584
155,updateDimmedActivatedHideSensitive overlap:false,HIT,0,0.419355
156,suspendAutohide,HIT,0,0.423077
157,suspendAutohide,HIT,0,0.426752
158,"onTouchEvent::1, x=296.0, y=327.0",MISS,0,0.424051
159,cancelPeek: false,MISS,0,0.421384
160,"flingToHeight: vel=2849.079, expand=true, target=553.0, collapseSpeedUpFactor=1.0, expandBecauseOfFalsing=false",MISS,0,0.418750
161,onTrackingStopped: true,MISS,0,0.416149
162,"updateClipping isOverlap:false, getTopPadding=333.0, Translation=-240.0",MISS,0,0.413580
163,updateDimmedActivatedHideSensitive overlap:false,HIT,0,0.417178
164,"updateClipping isOverlap:false, getTopPadding=333.0, Translation=-200.0",MISS,0,0.414634
165,updateDimmedActivatedHideSensitive overlap:false,HIT,0,0.418182
166,"updateClipping isOverlap:false, getTopPadding=333.0, Translation=-168.0",MISS,0,0.415663
167,updateDimmedActivatedHideSensitive overlap:false,HIT,0,0.419162
168,"updateClipping isOverlap:false, getTopPadding=333.0, Translation=-139.0",MISS,0,0.416667
169,updateDimmedActivatedHideSensitive overlap:false,HIT,0,0.420118
170,"updateClipping isOverlap:false, getTopPadding=333.0, Translation=-113.0",MISS,0,0.417647
171,updateDimmedActivatedHideSensitive overlap:false,HIT,0,0.421053
172,"updateClipping isOverlap:false, getTopPadding=333.0, Translation=-90.0",MISS,0,0.418605
173,updateDimmedActivatedHideSensitive overlap:false,HIT,0,0.421965
174,"updateClipping isOverlap:false, getTopPadding=333.0, Translation=-72.0",MISS,0,0.419540
175,updateDimmedActivatedHideSensitive overlap:false,HIT,0,0.422857
176,"updateClipping isOverlap:false, getTopPadding=333.0, Translation=-55.0",MISS,0,0.420455
177,updateDimmedActivatedHideSensitive overlap:false,HIT,0,0.423729
178,"updateClipping isOverlap:false, getTopPadding=333.0, Translation=-40.0",MISS,0,0.421348
179,updateDimmedActivatedHideSensitive overlap:false,HIT,0,0.424581
180,"updateClipping isOverlap:false, getTopPadding=333.0, Translation=-29.0",MISS,0,0.422222
181,updateDimmedActivatedHideSensitive overlap:false,HIT,0,0.425414
182,"updateClipping isOverlap:false, getTopPadding=333.0, Translation=-19.0",MISS,0,0.423077
183,updateDimmedActivatedHideSensitive overlap:false,HIT,0,0.426230
184,"updateClipping isOverlap:false, getTopPadding=333.0, Translation=-11.0",MISS,0,0.423913
185,updateDimmedActivatedHideSensitive overlap:false,HIT,0,0.427027
186,"updateClipping isOverlap:false, getTopPadding=333.0, Translation=-6.0",MISS,0,0.424731
187,updateDimmedActivatedHideSensitive overlap:false,HIT,0,0.427807
188,"updateClipping isOverlap:false, getTopPadding=333.0, Translation=-2.0",MISS,0,0.425532
189,updateDimmedActivatedHideSensitive overlap:false,HIT,0,0.428571
190,"updateClipping isOverlap:false, getTopPadding=333.0, Translation=-1.0",MISS,0,0.426316
191,updateDimmedActivatedHideSensitive overlap:false,HIT,0,0.429319
192,onExpandingFinished,MISS,0,0.427083
193,"updateClipping isOverlap:false, getTopPadding=333.0, Translation=0.0",MISS,0,0.424870
194,updateDimmedActivatedHideSensitive overlap:false,HIT,0,0.427835
195,Sending non-protected broadcast com.android.systemui.statusbar.visible.change from system 2227:com.android.systemui/u0a37 pkg com.android.systemui,MISS,0,0.425641
196,logNotificationVisibilityChanges runInThread start,MISS,0,0.423469
197,onNotificationVisibilityChanged called,MISS,0,0.421320
198,logNotificationVisibilityChanges runInThread over,MISS,0,0.419192
199,isSimPinSecure mSimDatas is null or empty,MISS,0,0.417085
200,registerCallback not in UI.,MISS,0,0.415000
201,android.util.AndroidRuntimeException: Must execute in UI,MISS,0,0.412935
202,*** register callback for com.android.systemui.statusbar.policy.KeyguardMonitor@712d093,MISS,0,0.410891
203,registerCallback not in UI.,HIT,0,0.413793
204,android.util.AndroidRuntimeException: Must execute in UI,HIT,0,0.416667
205,*** unregister callback for null,MISS,0,0.414634
206,[PhoneIntfMgr] getDataEnabled: subId=1 phoneId=1,MISS,0,0.412621
207,[PhoneIntfMgr] getDataEnabled: subId=1 retVal=true,MISS,0,0.410628
208,"userActivityNoUpdateLocked: eventTime=261851646, event=2, flags=0x0, uid=1000",MISS,0,0.408654
209,"ready=true,policy=3,wakefulness=1,wksummary=0x0,uasummary=0x1,bootcompleted=true,boostinprogress=false,waitmodeenable=false,mode=false,manual=38,auto=-1,adj=0.0userId=0",HIT,0,0.411483
210,"onInterceptTouchEvent MotionEvent { action=ACTION_DOWN, actionButton=0, id[0]=0, x[0]=317.0, y[0]=419.0, toolType[0]=TOOL_TYPE_FINGER, buttonState=0, metaState=0, flags=0x0, edgeFlags=0x0, pointerCount=1, historySize=0, eventTime=261851646, downTime=261851646, deviceId=3, source=0x1002 }, mBlockTouches=false",MISS,0,0.409524
211,"updateClipping isOverlap:false, getTopPadding=333.0, Translation=0.0",HIT,0,0.412322
212,updateDimmedActivatedHideSensitive overlap:false,MISS,0,0.410377
213,"onInterceptTouchEvent MotionEvent { action=ACTION_UP, actionButton=0, id[0]=0, x[0]=317.0, y[0]=419.0, toolType[0]=TOOL_TYPE_FINGER, buttonState=0, metaState=0, flags=0x0, edgeFlags=0x0, pointerCount=1, historySize=0, eventTime=261851713, downTime=261851646, deviceId=3, source=0x1002 }, mBlockTouches=false",MISS,0,0.408451
214,playSoundEffect   effectType: 0,MISS,0,0.406542
215,querySoundEffectsEnabled...,HIT,0,0.409302
216,"animateCollapsePanels:flags=2, force=true, delayed=true, mExpandedVisible=true",MISS,0,0.407407
217,onExpandingStarted,HIT,0,0.410138
218,logNotificationVisibilityChanges runInThread start,HIT,0,0.412844
219,onNotificationVisibilityChanged called,HIT,0,0.415525
220,logNotificationVisibilityChanges runInThread over,HIT,0,0.418182
221,START u0 {act=com.tencent.mobileqq.action.MAINACTIVITY flg=0x14000000 cmp=com.tencent.mobileqq/.activity.SplashActivity (has extras)} from uid 10111 on display 0,MISS,0,0.416290
222,"ActivityRecord info: ActivityInfo{d1c8e63 com.tencent.mobileqq.activity.SplashActivity}, euid: 0",MISS,0,0.414414
223,"setSystemUiVisibility vis=40000500 mask=ffffffff oldVal=40000600 newVal=40000500 diff=300 fullscreenStackVis=0 dockedStackVis=0, fullscreenStackBounds=Rect(0, 0 - 720, 1280), dockedStackBounds=Rect(0, 0 - 0, 0)",MISS,0,0.412556
224,"notifyUiVisibilityChanged:vis=0x40000500, SystemUiVisibility=0x40000500",MISS,0,0.410714
225,"acquire lock=189667585, flags=0x1, tag=""*launch*"", name=android, ws=WorkSource{10111}, uid=1000, pid=1702",MISS,0,0.408889
226,"ready=true,policy=3,wakefulness=1,wksummary=0x1,uasummary=0x1,bootcompleted=true,boostinprogress=false,waitmodeenable=false,mode=false,manual=38,auto=-1,adj=0.0userId=0",MISS,0,0.407080
227,"Acquiring suspend blocker ""PowerManagerService.WakeLocks"".",HIT,0,0.409692
228,onNotificationClick called,MISS,0,0.407895
229,"cancelNotification,index:0",MISS,0,0.406114
230,"cancelNotification,cancelNotificationLocked,callingUid = 10037,callingPid = 2227",MISS,0,0.404348
231,"cancelNotificationLocked called,tell the app,reason = 1",MISS,0,0.402597
232,cancelNotificationLocked:0|com.tencent.mobileqq|121|null|10111,MISS,0,0.400862
233,"cancelNotificationLocked,remove =com.tencent.mobileqq",MISS,0,0.399142
234,applyOptionsLocked: Unknown animationType=0,MISS,0,0.397436
235,cancelPeek: false,HIT,0,0.400000
236,"flingToHeight: vel=0.0, expand=false, target=0.0, collapseSpeedUpFactor=1.0, expandBecauseOfFalsing=false",MISS,0,0.398305
237,"updateClipping isOverlap:false, getTopPadding=333.0, Translation=-6.0",HIT,0,0.400844
238,updateDimmedActivatedHideSensitive overlap:false,HIT,0,0.403361
239,"updateClipping isOverlap:false, getTopPadding=333.0, Translation=-21.0",MISS,0,0.401674
240,updateDimmedActivatedHideSensitive overlap:false,HIT,0,0.404167
241,"updateClipping isOverlap:false, getTopPadding=333.0, Translation=-43.0",MISS,0,0.402490
242,updateDimmedActivatedHideSensitive overlap:false,HIT,0,0.404959
243,"Taking screenshot from Surface with crop:[Rect(0, 48 - 720, 1208)], width:[432], height:[696], minLayer:[21085], maxLayer:[21085], inRotation:[false], rot:[0]",MISS,0,0.403292
244,"updateClipping isOverlap:false, getTopPadding=333.0, Translation=-70.0",MISS,0,0.401639
245,updateDimmedActivatedHideSensitive overlap:false,HIT,0,0.404082
246,"updateClipping isOverlap:false, getTopPadding=333.0, Translation=-102.0",MISS,0,0.402439
247,updateDimmedActivatedHideSensitive overlap:false,HIT,0,0.404858
248,"updateClipping isOverlap:false, getTopPadding=333.0, Translation=-139.0",HIT,0,0.407258
249,updateDimmedActivatedHideSensitive overlap:false,HIT,0,0.409639
250,"updateLightsLocked,mInCall =false,mScreenOn = true,ledNotification == null?true",HIT,0,0.412000
251,"updateLightsLocked,turn off notificationLight",HIT,0,0.414343
252,"updateClipping isOverlap:false, getTopPadding=333.0, Translation=-178.0",MISS,0,0.412698
253,updateDimmedActivatedHideSensitive overlap:false,HIT,0,0.415020
254,"updateClipping isOverlap:false, getTopPadding=333.0, Translation=-222.0",MISS,0,0.413386
255,updateDimmedActivatedHideSensitive overlap:false,HIT,0,0.415686
256,"updateClipping isOverlap:false, getTopPadding=333.0, Translation=-270.0",MISS,0,0.414062
257,updateDimmedActivatedHideSensitive overlap:false,HIT,0,0.416342
258,removeNotification:0|com.tencent.mobileqq|121|null|10111,MISS,0,0.414729
259,"updateNotificationShade: total=0, active=0",MISS,0,0.413127
260,"animateCollapsePanels:flags=0, force=false, delayed=false, mExpandedVisible=true",MISS,0,0.411538
261,"updateClipping isOverlap:false, getTopPadding=333.0, Translation=-321.0",MISS,0,0.409962
262,updateDimmedActivatedHideSensitive overlap:false,HIT,0,0.412214
263,The change in focus caused us to need to do a layout begin,MISS,0,0.410646
264,The change in focus caused us to need to do a layout end,MISS,0,0.409091
265,"overlapAmount:95.0, previousNotificationEnd:0.0, newYTranslation:-95.0, location:4, i:0, getTopPadding:333.0, getLocationOnScreen():-428",MISS,0,0.407547
266,"state.clipTopAmount:79, i:0",MISS,0,0.406015
267,"updateClipping isOverlap:true, getTopPadding=333.0, Translation=-428.0",MISS,0,0.404494
268,updateDimmedActivatedHideSensitive overlap:true,HIT,0,0.406716
269,"setSystemUiVisibility vis=508 mask=ffffffff oldVal=40000500 newVal=508 diff=40000008 fullscreenStackVis=0 dockedStackVis=0, fullscreenStackBounds=Rect(0, 0 - 720, 1280), dockedStackBounds=Rect(0, 0 - 0, 0)",HIT,0,0.408922
270,cancelAutohide,MISS,0,0.407407
271,"notifyUiVisibilityChanged:vis=0x508, SystemUiVisibility=0x508",HIT,0,0.409594
272,setLightsOn(true),MISS,0,0.408088
273,"setSystemUiVisibility vis=0 mask=1 oldVal=508 newVal=508 diff=0 fullscreenStackVis=0 dockedStackVis=0, fullscreenStackBounds=Rect(0, 0 - 0, 0), dockedStackBounds=Rect(0, 0 - 0, 0)",MISS,0,0.406593
274,"overlapAmount:154.0, previousNotificationEnd:0.0, newYTranslation:-154.0, location:4, i:0, getTopPadding:333.0, getLocationOnScreen():-487",MISS,0,0.405109
275,"state.clipTopAmount:138, i:0",MISS,0,0.403636
276,"updateClipping isOverlap:true, getTopPadding=333.0, Translation=-487.0",MISS,0,0.402174
277,updateDimmedActivatedHideSensitive overlap:true,HIT,0,0.404332
278,"overlapAmount:213.0, previousNotificationEnd:0.0, newYTranslation:-213.0, location:4, i:0, getTopPadding:333.0, getLocationOnScreen():-546",MISS,0,0.402878
279,"state.clipTopAmount:197, i:0",MISS,0,0.401434
280,"updateClipping isOverlap:true, getTopPadding=333.0, Translation=-546.0",MISS,0,0.400000
281,updateDimmedActivatedHideSensitive overlap:true,HIT,0,0.402135
282,"updateNotificationShade: total=0, active=0",HIT,0,0.404255
283,removeNotificationChildren,MISS,0,0.402827
284,onExpandingFinished,HIT,0,0.404930
285,"updateNotificationShade: total=0, active=0",HIT,0,0.407018
286,removeNotificationChildren,HIT,0,0.409091
287,Sending non-protected broadcast com.android.systemui.statusbar.visible.change from system 2227:com.android.systemui/u0a37 pkg com.android.systemui,HIT,0,0.411150
288,"updateClipping isOverlap:false, getTopPadding=333.0, Translation=0.0",HIT,0,0.413194
289,updateDimmedActivatedHideSensitive overlap:false,HIT,0,0.415225
290,"Skipping, withExcluded: false, tr.intent:Intent { flg=0x10804000 cmp=com.android.systemui/.recents.RecentsActivity bnds=[264,444][920,908] }",MISS,0,0.413793
291,"Skipping, withExcluded: false, tr.intent:Intent { act=android.intent.action.MAIN flg=0x10840000 cmp=com.android.incallui/.InCallActivity (has extras) }",MISS,0,0.412371
292,"Skipping, withExcluded: false, tr.intent:Intent { flg=0x18800000 cmp=com.tencent.mm/.plugin.base.stub.WXEntryActivity (has extras) }",MISS,0,0.410959
293,"Skipping, withExcluded: false, tr.intent:Intent { flg=0x10800000 cmp=com.tencent.qqmusic/.business.lockscreen.LockScreenActivity (has extras) }",MISS,0,0.409556
294,"Skipping, withExcluded: false, tr.intent:Intent { act=com.android.contacts.action.CHOOSE_SUB dat=tel:xxxxxxxxxxx flg=0x10808000 cmp=com.android.contacts/.ChooseSubActivity (has extras) }",MISS,0,0.408163
295,"Skipping, withExcluded: false, tr.intent:Intent { act=android.intent.action.VIEW dat=file:///storage/emulated/0/Tencent/QQfile_recv/b.apk typ=application/vnd.android.package-archive flg=0x10800000 cmp=com.android.packageinstaller/.PackageInstallerActivity (has extras) }",MISS,0,0.406780
296,"getRecentTasks: num=20,flags=62,totalTasks=46",MISS,0,0.405405
297,getRecentTasks: topActivity=ComponentInfo{com.tencent.mobileqq/com.tencent.mobileqq.activity.SplashActivity},MISS,0,0.404040
298,"ready=true,policy=3,wakefulness=1,wksummary=0x1,uasummary=0x1,bootcompleted=true,boostinprogress=false,waitmodeenable=false,mode=false,manual=38,auto=-1,adj=0.0userId=0",HIT,0,0.406040
299,"Skipping, withExcluded: false, tr.intent:Intent { flg=0x10804000 cmp=com.android.systemui/.recents.RecentsActivity bnds=[264,444][920,908] }",HIT,0,0.408027
300,"Skipping, withExcluded: false, tr.intent:Intent { act=android.intent.action.MAIN flg=0x10840000 cmp=com.android.incallui/.InCallActivity (has extras) }",HIT,0,0.410000
301,"Skipping, withExcluded: false, tr.intent:Intent { flg=0x18800000 cmp=com.tencent.mm/.plugin.base.stub.WXEntryActivity (has extras) }",HIT,0,0.411960
302,"getRecentTasks: num=10,flags=62,totalTasks=46",MISS,0,0.410596
303,getRecentTasks: topActivity=ComponentInfo{com.tencent.mobileqq/com.tencent.mobileqq.activity.SplashActivity},HIT,0,0.412541
304,"cancelNotificationWithTag pid 28601,uid = 10111,tag = null,pkg =com.tencent.mobileqq,id =121",MISS,0,0.411184
305,"cancelNotification,index:-1",MISS,0,0.409836
306,"cancelNotificationWithTag pid 28601,uid = 10111,tag = null,pkg =com.tencent.mobileqq,id =119",MISS,0,0.408497
307,"cancelNotification,index:-1",HIT,0,0.410423
308,"cancelNotificationWithTag pid 28601,uid = 10111,tag = null,pkg =com.tencent.mobileqq,id =122",MISS,0,0.409091
309,setLightsOn(true),HIT,0,0.411003
310,"setSystemUiVisibility vis=0 mask=1 oldVal=508 newVal=508 diff=0 fullscreenStackVis=0 dockedStackVis=0, fullscreenStackBounds=Rect(0, 0 - 0, 0), dockedStackBounds=Rect(0, 0 - 0, 0)",HIT,0,0.412903
311,"setSystemUiVisibility vis=40000500 mask=ffffffff oldVal=508 newVal=40000500 diff=40000008 fullscreenStackVis=0 dockedStackVis=0, fullscreenStackBounds=Rect(0, 0 - 720, 1280), dockedStackBounds=Rect(0, 0 - 0, 0)",MISS,0,0.411576
312,cancelAutohide,HIT,0,0.413462
313,"notifyUiVisibilityChanged:vis=0x40000500, SystemUiVisibility=0x40000500",HIT,0,0.415335
314,makeExpandedInvisible: mExpandedVisible=true,MISS,0,0.414013
315,closeQs,MISS,0,0.412698
316,cancelPeek: false,HIT,0,0.414557
317,instantCollapse,MISS,0,0.413249
318,cancelPeek: false,HIT,0,0.415094
319,closeQs,HIT,0,0.416928
320,resumeSuspendedAutohide,MISS,0,0.415625
321,disable: < expand icons* alerts system_info* back home recent clock navigationbar search quick_settings >,MISS,0,0.414330
322,"cancelNotificationWithTag pid 28601,uid = 10111,tag = null,pkg =com.tencent.mobileqq,id =123",MISS,0,0.413043
323,"cancelNotification,index:-1",HIT,0,0.414861
324,"cancelNotification,index:-1",HIT,0,0.416667
325,getRunningAppProcesses: caller 10111 does not hold REAL_GET_TASKS; limiting output,MISS,0,0.415385
326,"release:lock=189667585, flg=0x0, tag=""*launch*"", name=android"", ws=WorkSource{10111}, uid=1000, pid=1702",MISS,0,0.414110
327,"ready=true,policy=3,wakefulness=1,wksummary=0x1,uasummary=0x1,bootcompleted=true,boostinprogress=false,waitmodeenable=false,mode=false,manual=38,auto=-1,adj=0.0userId=0",HIT,0,0.415902
328,"cancelNotificationWithTag pid 28601,uid = 10111,tag = null,pkg =com.tencent.mobileqq,id =129",MISS,0,0.414634
329,"cancelNotification,index:-1",HIT,0,0.416413
330,"cancelNotificationWithTag pid 28601,uid = 10111,tag = null,pkg =com.tencent.mobileqq,id =135",MISS,0,0.415152
331,"cancelNotificationWithTag pid 28601,uid = 10111,tag = null,pkg =com.tencent.mobileqq,id =140",MISS,0,0.413897
332,"cancelNotificationWithTag pid 28601,uid = 10111,tag = null,pkg =com.tencent.mobileqq,id =144",MISS,0,0.412651
333,"cancelNotification,index:-1",HIT,0,0.414414
334,"cancelNotification,index:-1",HIT,0,0.416168
335,"cancelNotification,index:-1",HIT,0,0.417910
336,"cancelNotificationWithTag pid 28601,uid = 10111,tag = null,pkg =com.tencent.mobileqq,id =193",MISS,0,0.416667
337,"cancelNotification,index:-1",HIT,0,0.418398
338,"ready=true,policy=3,wakefulness=1,wksummary=0x0,uasummary=0x1,bootcompleted=true,boostinprogress=false,waitmodeenable=false,mode=false,manual=38,auto=-1,adj=0.0userId=0",MISS,0,0.417160
339,"Releasing suspend blocker ""PowerManagerService.WakeLocks"".",MISS,0,0.415929
340,"updateClipping isOverlap:false, getTopPadding=333.0, Translation=0.0",HIT,0,0.417647
341,updateDimmedActivatedHideSensitive overlap:false,HIT,0,0.419355
342,setLightsOn(true),HIT,0,0.421053
343,"setSystemUiVisibility vis=0 mask=1 oldVal=40000500 newVal=40000500 diff=0 fullscreenStackVis=0 dockedStackVis=0, fullscreenStackBounds=Rect(0, 0 - 0, 0), dockedStackBounds=Rect(0, 0 - 0, 0)",MISS,0,0.419825
344,registerCallback not in UI.,HIT,0,0.421512
345,android.util.AndroidRuntimeException: Must execute in UI,HIT,0,0.423188
346,*** unregister callback for com.android.systemui.statusbar.policy.KeyguardMonitor@712d093,MISS,0,0.421965
347,setLightsOn(true),HIT,0,0.423631
348,"setSystemUiVisibility vis=0 mask=1 oldVal=40000500 newVal=40000500 diff=0 fullscreenStackVis=0 dockedStackVis=0, fullscreenStackBounds=Rect(0, 0 - 0, 0), dockedStackBounds=Rect(0, 0 - 0, 0)",HIT,0,0.425287
349,setLightsOn(true),HIT,0,0.426934
350,"setSystemUiVisibility vis=0 mask=1 oldVal=40000500 newVal=40000500 diff=0 fullscreenStackVis=0 dockedStackVis=0, fullscreenStackBounds=Rect(0, 0 - 0, 0), dockedStackBounds=Rect(0, 0 - 0, 0)",HIT,0,0.428571
351,setLightsOn(true),HIT,0,0.430199
352,"setSystemUiVisibility vis=0 mask=1 oldVal=40000500 newVal=40000500 diff=0 fullscreenStackVis=0 dockedStackVis=0, fullscreenStackBounds=Rect(0, 0 - 0, 0), dockedStackBounds=Rect(0, 0 - 0, 0)",HIT,0,0.431818
353,getTasks: caller 10113 does not hold REAL_GET_TASKS; limiting output,MISS,0,0.430595
354,setLightsOn(true),HIT,0,0.432203
355,"setSystemUiVisibility vis=0 mask=1 oldVal=40000500 newVal=40000500 diff=0 fullscreenStackVis=0 dockedStackVis=0, fullscreenStackBounds=Rect(0, 0 - 0, 0), dockedStackBounds=Rect(0, 0 - 0, 0)",HIT,0,0.433803
356,Destroying surface Surface(name=com.tencent.qt.qtl/com.tencent.qt.qtl.activity.main.MainTabActivity) called by com.android.server.wm.WindowStateAnimator.destroySurface:2060 com.android.server.wm.WindowStateAnimator.destroySurfaceLocked:913 com.android.server.wm.WindowState.destroyOrSaveSurface:2201 com.android.server.wm.AppWindowToken.destroySurfaces:374 com.android.server.wm.AppWindowToken.notifyAppStopped:400 com.android.server.wm.WindowManagerService.notifyAppStopped:4869 com.android.server.am.ActivityStack.activityStoppedLocked:1393 com.android.server.am.ActivityManagerService.activityStopped:7690,MISS,0,0.432584
357,HBM brightnessIn =38,MISS,0,0.431373
358,HBM brightnessOut =38,MISS,0,0.430168
359,"Animating brightness: target=38, rate=200",MISS,0,0.428969
360,getTasks: caller 10111 does not hold REAL_GET_TASKS; limiting output,MISS,0,0.427778
361,isMusicActive...,MISS,0,0.426593
362,isMusicActive...,HIT,0,0.428177
363,"Start dump, calling from : pid=12782, uid=1000",MISS,0,0.426997
364,HBM brightnessIn =38,HIT,0,0.428571
365,HBM brightnessOut =38,HIT,0,0.430137
366,"Animating brightness: target=38, rate=200",HIT,0,0.431694
367,getRunningAppProcesses: caller 10113 does not hold REAL_GET_TASKS; limiting output,MISS,0,0.430518
368,getRunningAppProcesses: caller 10113 does not hold REAL_GET_TASKS; limiting output,HIT,0,0.432065
369,getRunningAppProcesses: caller 10113 does not hold REAL_GET_TASKS; limiting output,HIT,0,0.433604
370,"acquire lock=237091223, flags=0x1, tag=""WiredAccessoryManager"", name=android, ws=null, uid=1000, pid=1702",MISS,0,0.432432
371,"ready=true,policy=3,wakefulness=1,wksummary=0x1,uasummary=0x1,bootcompleted=true,boostinprogress=false,waitmodeenable=false,mode=false,manual=38,auto=-1,adj=0.0userId=0",HIT,0,0.433962
372,"Acquiring suspend blocker ""PowerManagerService.WakeLocks"".",MISS,0,0.432796
373,setWiredDeviceConnectionState  type: -2147483632  state: 0,MISS,0,0.431635
374,"acquire lock=86152250, flags=0x1, tag=""handleAudioEvent"", name=android, ws=null, uid=1000, pid=1702",MISS,0,0.430481
375,"ready=true,policy=3,wakefulness=1,wksummary=0x1,uasummary=0x1,bootcompleted=true,boostinprogress=false,waitmodeenable=false,mode=false,manual=38,auto=-1,adj=0.0userId=0",HIT,0,0.432000
376,setWiredDeviceConnectionState  type: 4  state: 0,MISS,0,0.430851
377,"release:lock=237091223, flg=0x0, tag=""WiredAccessoryManager"", name=android"", ws=null, uid=1000, pid=1702",MISS,0,0.429708
378,"ready=true,policy=3,wakefulness=1,wksummary=0x1,uasummary=0x1,bootcompleted=true,boostinprogress=false,waitmodeenable=false,mode=false,manual=38,auto=-1,adj=0.0userId=0",HIT,0,0.431217
379,isMusicActive...,HIT,0,0.432718
380,"ActivityManagerService,attachApplication,callingPid = 12787",MISS,0,0.431579
381,getRunningAppProcesses: caller 10111 does not hold REAL_GET_TASKS; limiting output,HIT,0,0.433071
382,HBM brightnessIn =38,HIT,0,0.434555
383,HBM brightnessOut =38,HIT,0,0.436031
384,"Animating brightness: target=38, rate=200",HIT,0,0.437500
385,"acquire lock=219829192, flags=0x1, tag=""AudioMix"", name=audioserver, ws=null, uid=1041, pid=0",MISS,0,0.436364
386,"ready=true,policy=3,wakefulness=1,wksummary=0x1,uasummary=0x1,bootcompleted=true,boostinprogress=false,waitmodeenable=false,mode=false,manual=38,auto=-1,adj=0.0userId=0",HIT,0,0.437824
387,"release:lock=86152250, flg=0x0, tag=""handleAudioEvent"", name=android"", ws=null, uid=1000, pid=1702",MISS,0,0.436693
388,"ready=true,policy=3,wakefulness=1,wksummary=0x1,uasummary=0x1,bootcompleted=true,boostinprogress=false,waitmodeenable=false,mode=false,manual=38,auto=-1,adj=0.0userId=0",HIT,0,0.438144
389,isBluetoothA2dpOn...,MISS,0,0.437018
390,isMusicActive...,HIT,0,0.438462
391,isBluetoothScoOn...,MISS,0,0.437340
392,getLastAudibleStreamVolume  treamType: 0,MISS,0,0.436224
393,"ready=true,policy=3,wakefulness=1,wksummary=0x1,uasummary=0x1,bootcompleted=true,boostinprogress=false,waitmodeenable=false,mode=false,manual=38,auto=-1,adj=0.0userId=0",HIT,0,0.437659
394,"ready=true,policy=3,wakefulness=1,wksummary=0x1,uasummary=0x1,bootcompleted=true,boostinprogress=false,waitmodeenable=false,mode=false,manual=38,auto=-1,adj=0.0userId=0",HIT,0,0.439086
395,"cancelNotification,index:-1",HIT,0,0.440506
396,getRunningAppProcesses: caller 10091 does not hold REAL_GET_TASKS; limiting output,MISS,0,0.439394
397,getRunningAppProcesses: caller 10091 does not hold REAL_GET_TASKS; limiting output,HIT,0,0.440806
398,"ready=true,policy=3,wakefulness=1,wksummary=0x1,uasummary=0x1,bootcompleted=true,boostinprogress=false,waitmodeenable=false,mode=false,manual=38,auto=-1,adj=0.0userId=0",HIT,0,0.442211
399,getRunningAppProcesses: caller 10091 does not hold REAL_GET_TASKS; limiting output,HIT,0,0.443609
400,getRunningAppProcesses: caller 10091 does not hold REAL_GET_TASKS; limiting output,HIT,0,0.445000
401,getRunningAppProcesses: caller 10091 does not hold REAL_GET_TASKS; limiting output,HIT,0,0.446384
402,getLastAudibleStreamVolume  treamType: 1,MISS,0,0.445274
403,getLastAudibleStreamVolume  treamType: 2,MISS,0,0.444169
404,getRunningAppProcesses: caller 10091 does not hold REAL_GET_TASKS; limiting output,HIT,0,0.445545
405,"ready=true,policy=3,wakefulness=1,wksummary=0x1,uasummary=0x1,bootcompleted=true,boostinprogress=false,waitmodeenable=false,mode=false,manual=38,auto=-1,adj=0.0userId=0",HIT,0,0.446914
406,getDevicesForStream  streamType: 3,MISS,0,0.445813
407,getLastAudibleStreamVolume  treamType: 3,MISS,0,0.444717
408,getDevicesForStream  streamType: 3,HIT,0,0.446078
409,getRunningAppProcesses: caller 10091 does not hold REAL_GET_TASKS; limiting output,HIT,0,0.447433
410,getRunningAppProcesses: caller 10091 does not hold REAL_GET_TASKS; limiting output,HIT,0,0.448780
411,getLastAudibleStreamVolume  treamType: 4,MISS,0,0.447689
412,getLastAudibleStreamVolume  treamType: 5,MISS,0,0.446602
413,getLastAudibleStreamVolume  treamType: 6,MISS,0,0.445521
414,getLastAudibleStreamVolume  treamType: 7,MISS,0,0.444444
415,getLastAudibleStreamVolume  treamType: 8,MISS,0,0.443373
416,cleanUpApplicationRecord -- 12025,MISS,0,0.442308
417,"cleanUpApplicationRecordLocked, pid: 12025, restart: false",MISS,0,0.441247
418,"cleanUpApplicationRecordLocked, reset pid: 12025, euid: 0",MISS,0,0.440191
419,stopWifiDisplayScanLocked record.mWifiDisplayScanRequested=false,MISS,0,0.439141
420,stopWifiDisplayScanLocked mWifiDisplayScanRequestCount=0,MISS,0,0.438095
421,getMode...,MISS,0,0.437055
422,setSpeakerphoneOn  on: true,MISS,0,0.436019
423,setSpeakerphoneOn on:true,MISS,0,0.434988
424,getRunningAppProcesses: caller 10091 does not hold REAL_GET_TASKS; limiting output,HIT,0,0.436321
425,getRunningAppProcesses: caller 10113 does not hold REAL_GET_TASKS; limiting output,HIT,0,0.437647
426,getRunningAppProcesses: caller 10091 does not hold REAL_GET_TASKS; limiting output,HIT,0,0.438967
427,HBM brightnessIn =38,HIT,0,0.440281
428,HBM brightnessOut =38,HIT,0,0.441589
429,"Animating brightness: target=38, rate=200",HIT,0,0.442890
430,"release:lock=219829192, flg=0x0, tag=""AudioMix"", name=audioserver"", ws=null, uid=1041, pid=0",MISS,0,0.441860
431,"ready=true,policy=3,wakefulness=1,wksummary=0x0,uasummary=0x1,bootcompleted=true,boostinprogress=false,waitmodeenable=false,mode=false,manual=38,auto=-1,adj=0.0userId=0",HIT,0,0.443155
432,"Releasing suspend blocker ""PowerManagerService.WakeLocks"".",HIT,0,0.444444
433,"sending alarm Alarm{aa90550 type 3 when 509142332 PendingIntent{1749923: PendingIntentRecord{9600e20 android broadcastIntent}}},repeatInterval = 0,listenerTag =time_tick",MISS,0,0.443418
434,"ready=true,policy=3,wakefulness=1,wksummary=0x1,uasummary=0x1,bootcompleted=true,boostinprogress=false,waitmodeenable=false,mode=false,manual=38,auto=-1,adj=0.0userId=0",HIT,0,0.444700
435,"Acquiring suspend blocker ""PowerManagerService.WakeLocks"".",HIT,0,0.445977
436,Received TIME_TICK alarm; rescheduling,MISS,0,0.444954
437,scheduleTimeTickEvent triggerAtTime = 509202333,MISS,0,0.443936
438,"updateClipping isOverlap:false, getTopPadding=333.0, Translation=0.0",MISS,0,0.442922
439,updateDimmedActivatedHideSensitive overlap:false,MISS,0,0.441913
440,"updateClipping isOverlap:false, getTopPadding=333.0, Translation=0.0",HIT,0,0.443182
441,updateDimmedActivatedHideSensitive overlap:false,HIT,0,0.444444
442,received broadcast android.intent.action.TIME_TICK,MISS,0,0.443439
443,handleTimeUpdate,MISS,0,0.442438
444,"ready=true,policy=3,wakefulness=1,wksummary=0x0,uasummary=0x1,bootcompleted=true,boostinprogress=false,waitmodeenable=false,mode=false,manual=38,auto=-1,adj=0.0userId=0",HIT,0,0.443694
445,"Releasing suspend blocker ""PowerManagerService.WakeLocks"".",HIT,0,0.444944
446,"userActivityNoUpdateLocked: eventTime=261866434, event=2, flags=0x0, uid=1000",MISS,0,0.443946
447,"ready=true,policy=3,wakefulness=1,wksummary=0x0,uasummary=0x1,bootcompleted=true,boostinprogress=false,waitmodeenable=false,mode=false,manual=38,auto=-1,adj=0.0userId=0",HIT,0,0.445190
448,setLightsOn(true),HIT,0,0.446429
449,"setSystemUiVisibility vis=0 mask=1 oldVal=40000500 newVal=40000500 diff=0 fullscreenStackVis=0 dockedStackVis=0, fullscreenStackBounds=Rect(0, 0 - 0, 0), dockedStackBounds=Rect(0, 0 - 0, 0)",HIT,0,0.447661
450,setLightsOn(true),HIT,0,0.448889
451,"setSystemUiVisibility vis=0 mask=1 oldVal=40000500 newVal=40000500 diff=0 fullscreenStackVis=0 dockedStackVis=0, fullscreenStackBounds=Rect(0, 0 - 0, 0), dockedStackBounds=Rect(0, 0 - 0, 0)",HIT,0,0.450111
452,setLightsOn(true),HIT,0,0.451327
453,"setSystemUiVisibility vis=0 mask=1 oldVal=40000500 newVal=40000500 diff=0 fullscreenStackVis=0 dockedStackVis=0, fullscreenStackBounds=Rect(0, 0 - 0, 0), dockedStackBounds=Rect(0, 0 - 0, 0)",HIT,0,0.452539
454,setLightsOn(true),HIT,0,0.453744
455,"setSystemUiVisibility vis=0 mask=1 oldVal=40000500 newVal=40000500 diff=0 fullscreenStackVis=0 dockedStackVis=0, fullscreenStackBounds=Rect(0, 0 - 0, 0), dockedStackBounds=Rect(0, 0 - 0, 0)",HIT,0,0.454945
456,setLightsOn(true),HIT,0,0.456140
457,"setSystemUiVisibility vis=0 mask=1 oldVal=40000500 newVal=40000500 diff=0 fullscreenStackVis=0 dockedStackVis=0, fullscreenStackBounds=Rect(0, 0 - 0, 0), dockedStackBounds=Rect(0, 0 - 0, 0)",HIT,0,0.457330
458,setLightsOn(true),HIT,0,0.458515
459,"setSystemUiVisibility vis=0 mask=1 oldVal=40000500 newVal=40000500 diff=0 fullscreenStackVis=0 dockedStackVis=0, fullscreenStackBounds=Rect(0, 0 - 0, 0), dockedStackBounds=Rect(0, 0 - 0, 0)",HIT,0,0.459695
460,setLightsOn(true),HIT,0,0.460870
461,"setSystemUiVisibility vis=0 mask=1 oldVal=40000500 newVal=40000500 diff=0 fullscreenStackVis=0 dockedStackVis=0, fullscreenStackBounds=Rect(0, 0 - 0, 0), dockedStackBounds=Rect(0, 0 - 0, 0)",HIT,0,0.462039
462,setLightsOn(true),HIT,0,0.463203
463,"setSystemUiVisibility vis=0 mask=1 oldVal=40000500 newVal=40000500 diff=0 fullscreenStackVis=0 dockedStackVis=0, fullscreenStackBounds=Rect(0, 0 - 0, 0), dockedStackBounds=Rect(0, 0 - 0, 0)",HIT,0,0.464363
464,setLightsOn(true),HIT,0,0.465517
465,"setSystemUiVisibility vis=0 mask=1 oldVal=40000500 newVal=40000500 diff=0 fullscreenStackVis=0 dockedStackVis=0, fullscreenStackBounds=Rect(0, 0 - 0, 0), dockedStackBounds=Rect(0, 0 - 0, 0)",HIT,0,0.466667
466,setLightsOn(true),HIT,0,0.467811
467,"setSystemUiVisibility vis=0 mask=1 oldVal=40000500 newVal=40000500 diff=0 fullscreenStackVis=0 dockedStackVis=0, fullscreenStackBounds=Rect(0, 0 - 0, 0), dockedStackBounds=Rect(0, 0 - 0, 0)",HIT,0,0.468951
468,setLightsOn(true),HIT,0,0.470085
469,"setSystemUiVisibility vis=0 mask=1 oldVal=40000500 newVal=40000500 diff=0 fullscreenStackVis=0 dockedStackVis=0, fullscreenStackBounds=Rect(0, 0 - 0, 0), dockedStackBounds=Rect(0, 0 - 0, 0)",HIT,0,0.471215
470,setLightsOn(true),HIT,0,0.472340
471,"setSystemUiVisibility vis=0 mask=1 oldVal=40000500 newVal=40000500 diff=0 fullscreenStackVis=0 dockedStackVis=0, fullscreenStackBounds=Rect(0, 0 - 0, 0), dockedStackBounds=Rect(0, 0 - 0, 0)",HIT,0,0.473461
472,setLightsOn(true),HIT,0,0.474576
473,"setSystemUiVisibility vis=0 mask=1 oldVal=40000500 newVal=40000500 diff=0 fullscreenStackVis=0 dockedStackVis=0, fullscreenStackBounds=Rect(0, 0 - 0, 0), dockedStackBounds=Rect(0, 0 - 0, 0)",HIT,0,0.475687
474,setLightsOn(true),HIT,0,0.476793
475,"setSystemUiVisibility vis=0 mask=1 oldVal=40000500 newVal=40000500 diff=0 fullscreenStackVis=0 dockedStackVis=0, fullscreenStackBounds=Rect(0, 0 - 0, 0), dockedStackBounds=Rect(0, 0 - 0, 0)",HIT,0,0.477895
476,setLightsOn(true),HIT,0,0.478992
477,"setSystemUiVisibility vis=0 mask=1 oldVal=40000500 newVal=40000500 diff=0 fullscreenStackVis=0 dockedStackVis=0, fullscreenStackBounds=Rect(0, 0 - 0, 0), dockedStackBounds=Rect(0, 0 - 0, 0)",HIT,0,0.480084
478,setLightsOn(true),HIT,0,0.481172
479,"setSystemUiVisibility vis=0 mask=1 oldVal=40000500 newVal=40000500 diff=0 fullscreenStackVis=0 dockedStackVis=0, fullscreenStackBounds=Rect(0, 0 - 0, 0), dockedStackBounds=Rect(0, 0 - 0, 0)",HIT,0,0.482255
480,"userActivityNoUpdateLocked: eventTime=261867236, event=2, flags=0x0, uid=1000",MISS,0,0.481250
481,"ready=true,policy=3,wakefulness=1,wksummary=0x0,uasummary=0x1,bootcompleted=true,boostinprogress=false,waitmodeenable=false,mode=false,manual=38,auto=-1,adj=0.0userId=0",HIT,0,0.482328
482,setLightsOn(true),HIT,0,0.483402
483,"setSystemUiVisibility vis=0 mask=1 oldVal=40000500 newVal=40000500 diff=0 fullscreenStackVis=0 dockedStackVis=0, fullscreenStackBounds=Rect(0, 0 - 0, 0), dockedStackBounds=Rect(0, 0 - 0, 0)",HIT,0,0.484472
484,setLightsOn(true),HIT,0,0.485537
485,"setSystemUiVisibility vis=0 mask=1 oldVal=40000500 newVal=40000500 diff=0 fullscreenStackVis=0 dockedStackVis=0, fullscreenStackBounds=Rect(0, 0 - 0, 0), dockedStackBounds=Rect(0, 0 - 0, 0)",HIT,0,0.486598
486,setLightsOn(true),HIT,0,0.487654
487,"setSystemUiVisibility vis=0 mask=1 oldVal=40000500 newVal=40000500 diff=0 fullscreenStackVis=0 dockedStackVis=0, fullscreenStackBounds=Rect(0, 0 - 0, 0), dockedStackBounds=Rect(0, 0 - 0, 0)",HIT,0,0.488706
488,setLightsOn(true),HIT,0,0.489754
489,"setSystemUiVisibility vis=0 mask=1 oldVal=40000500 newVal=40000500 diff=0 fullscreenStackVis=0 dockedStackVis=0, fullscreenStackBounds=Rect(0, 0 - 0, 0), dockedStackBounds=Rect(0, 0 - 0, 0)",HIT,0,0.490798
490,setLightsOn(true),HIT,0,0.491837
491,"setSystemUiVisibility vis=0 mask=1 oldVal=40000500 newVal=40000500 diff=0 fullscreenStackVis=0 dockedStackVis=0, fullscreenStackBounds=Rect(0, 0 - 0, 0), dockedStackBounds=Rect(0, 0 - 0, 0)",HIT,0,0.492872
492,setLightsOn(true),HIT,0,0.493902
493,"setSystemUiVisibility vis=0 mask=1 oldVal=40000500 newVal=40000500 diff=0 fullscreenStackVis=0 dockedStackVis=0, fullscreenStackBounds=Rect(0, 0 - 0, 0), dockedStackBounds=Rect(0, 0 - 0, 0)",HIT,0,0.494929
494,setLightsOn(true),HIT,0,0.495951
495,"setSystemUiVisibility vis=0 mask=1 oldVal=40000500 newVal=40000500 diff=0 fullscreenStackVis=0 dockedStackVis=0, fullscreenStackBounds=Rect(0, 0 - 0, 0), dockedStackBounds=Rect(0, 0 - 0, 0)",HIT,0,0.496970
496,setLightsOn(true),HIT,0,0.497984
497,"setSystemUiVisibility vis=0 mask=1 oldVal=40000500 newVal=40000500 diff=0 fullscreenStackVis=0 dockedStackVis=0, fullscreenStackBounds=Rect(0, 0 - 0, 0), dockedStackBounds=Rect(0, 0 - 0, 0)",HIT,0,0.498994
498,"userActivityNoUpdateLocked: eventTime=261867854, event=2, flags=0x0, uid=1000",MISS,0,0.497992
499,"ready=true,policy=3,wakefulness=1,wksummary=0x0,uasummary=0x1,bootcompleted=true,boostinprogress=false,waitmodeenable=false,mode=false,manual=38,auto=-1,adj=0.0userId=0",HIT,0,0.498998
500,setLightsOn(true),HIT,0,0.500000
501,"setSystemUiVisibility vis=0 mask=1 oldVal=40000500 newVal=40000500 diff=0 fullscreenStackVis=0 dockedStackVis=0, fullscreenStackBounds=Rect(0, 0 - 0, 0), dockedStackBounds=Rect(0, 0 - 0, 0)",HIT,0,0.500998
502,HBM brightnessIn =38,HIT,0,0.501992
503,HBM brightnessOut =38,HIT,0,0.502982
504,"Animating brightness: target=38, rate=200",HIT,0,0.503968
505,setLightsOn(true),HIT,0,0.504950
506,"setSystemUiVisibility vis=0 mask=1 oldVal=40000500 newVal=40000500 diff=0 fullscreenStackVis=0 dockedStackVis=0, fullscreenStackBounds=Rect(0, 0 - 0, 0), dockedStackBounds=Rect(0, 0 - 0, 0)",HIT,0,0.505929
507,getRunningAppProcesses: caller 10091 does not hold REAL_GET_TASKS; limiting output,HIT,0,0.506903
508,getRunningAppProcesses: caller 10091 does not hold REAL_GET_TASKS; limiting output,HIT,0,0.507874
509,"userActivityNoUpdateLocked: eventTime=261868506, event=2, flags=0x0, uid=1000",MISS,0,0.506876
510,"ready=true,policy=3,wakefulness=1,wksummary=0x0,uasummary=0x1,bootcompleted=true,boostinprogress=false,waitmodeenable=false,mode=false,manual=38,auto=-1,adj=0.0userId=0",HIT,0,0.507843
511,setLightsOn(true),HIT,0,0.508806
512,"setSystemUiVisibility vis=0 mask=1 oldVal=40000500 newVal=40000500 diff=0 fullscreenStackVis=0 dockedStackVis=0, fullscreenStackBounds=Rect(0, 0 - 0, 0), dockedStackBounds=Rect(0, 0 - 0, 0)",HIT,0,0.509766
513,playSoundEffect   effectType: 0,MISS,0,0.508772
514,querySoundEffectsEnabled...,MISS,0,0.507782
515,getRunningAppProcesses: caller 10111 does not hold REAL_GET_TASKS; limiting output,HIT,0,0.508738
516,Destroying surface Surface(name=PopupWindow:9b04807) called by com.android.server.wm.WindowStateAnimator.destroySurface:2060 com.android.server.wm.WindowStateAnimator.destroySurfaceLocked:913 com.android.server.wm.WindowState.removeLocked:1554 com.android.server.wm.WindowManagerService.removeWindowInnerLocked:2739 com.android.server.wm.WindowManagerService.removeWindowInnerLocked:2702 com.android.server.wm.WindowManagerService.removeWindowLocked:2691 com.android.server.wm.WindowManagerService.removeWindowLocked:2560 com.android.server.wm.WindowManagerService.removeWindow:2555,MISS,0,0.507752
517,setLightsOn(true),HIT,0,0.508704
518,"setSystemUiVisibility vis=0 mask=1 oldVal=40000500 newVal=40000500 diff=0 fullscreenStackVis=0 dockedStackVis=0, fullscreenStackBounds=Rect(0, 0 - 0, 0), dockedStackBounds=Rect(0, 0 - 0, 0)",HIT,0,0.509653
519,getRunningAppProcesses: caller 10111 does not hold REAL_GET_TASKS; limiting output,HIT,0,0.510597
520,Destroying surface Surface(name=PopupWindow:317e46) called by com.android.server.wm.WindowStateAnimator.destroySurface:2060 com.android.server.wm.WindowStateAnimator.destroySurfaceLocked:913 com.android.server.wm.WindowState.removeLocked:1554 com.android.server.wm.WindowManagerService.removeWindowInnerLocked:2739 com.android.server.wm.WindowManagerService.removeWindowInnerLocked:2702 com.android.server.wm.WindowManagerService.removeWindowLocked:2691 com.android.server.wm.WindowManagerService.removeWindowLocked:2560 com.android.server.wm.WindowManagerService.removeWindow:2555,MISS,0,0.509615
521,setLightsOn(true),HIT,0,0.510557
522,"setSystemUiVisibility vis=0 mask=1 oldVal=40000500 newVal=40000500 diff=0 fullscreenStackVis=0 dockedStackVis=0, fullscreenStackBounds=Rect(0, 0 - 0, 0), dockedStackBounds=Rect(0, 0 - 0, 0)",HIT,0,0.511494
523,setLightsOn(true),HIT,0,0.512428
524,"setSystemUiVisibility vis=0 mask=1 oldVal=40000500 newVal=40000500 diff=0 fullscreenStackVis=0 dockedStackVis=0, fullscreenStackBounds=Rect(0, 0 - 0, 0), dockedStackBounds=Rect(0, 0 - 0, 0)",HIT,0,0.513359
525,setLightsOn(true),HIT,0,0.514286
526,"setSystemUiVisibility vis=0 mask=1 oldVal=40000500 newVal=40000500 diff=0 fullscreenStackVis=0 dockedStackVis=0, fullscreenStackBounds=Rect(0, 0 - 0, 0), dockedStackBounds=Rect(0, 0 - 0, 0)",HIT,0,0.515209
527,setLightsOn(true),HIT,0,0.516129
528,"setSystemUiVisibility vis=0 mask=1 oldVal=40000500 newVal=40000500 diff=0 fullscreenStackVis=0 dockedStackVis=0, fullscreenStackBounds=Rect(0, 0 - 0, 0), dockedStackBounds=Rect(0, 0 - 0, 0)",HIT,0,0.517045
529,setLightsOn(true),HIT,0,0.517958
530,"setSystemUiVisibility vis=0 mask=1 oldVal=40000500 newVal=40000500 diff=0 fullscreenStackVis=0 dockedStackVis=0, fullscreenStackBounds=Rect(0, 0 - 0, 0), dockedStackBounds=Rect(0, 0 - 0, 0)",HIT,0,0.518868
531,getTasks: caller 10111 does not hold REAL_GET_TASKS; limiting output,HIT,0,0.519774
532,getTasks: caller 10111 does not hold REAL_GET_TASKS; limiting output,HIT,0,0.520677
533,getTasks: caller 10111 does not hold REAL_GET_TASKS; limiting output,HIT,0,0.521576
534,getTasks: caller 10111 does not hold REAL_GET_TASKS; limiting output,HIT,0,0.522472
535,getTasks: caller 10111 does not hold REAL_GET_TASKS; limiting output,HIT,0,0.523364
536,getRunningAppProcesses: caller 10111 does not hold REAL_GET_TASKS; limiting output,HIT,0,0.524254
537,"userActivityNoUpdateLocked: eventTime=261870094, event=2, flags=0x0, uid=1000",MISS,0,0.523277
538,"ready=true,policy=3,wakefulness=1,wksummary=0x0,uasummary=0x1,bootcompleted=true,boostinprogress=false,waitmodeenable=false,mode=false,manual=38,auto=-1,adj=0.0userId=0",HIT,0,0.524164
539,setLightsOn(true),HIT,0,0.525046
540,"setSystemUiVisibility vis=0 mask=1 oldVal=40000500 newVal=40000500 diff=0 fullscreenStackVis=0 dockedStackVis=0, fullscreenStackBounds=Rect(0, 0 - 0, 0), dockedStackBounds=Rect(0, 0 - 0, 0)",HIT,0,0.525926
541,setLightsOn(true),HIT,0,0.526802
542,"setSystemUiVisibility vis=0 mask=1 oldVal=40000500 newVal=40000500 diff=0 fullscreenStackVis=0 dockedStackVis=0, fullscreenStackBounds=Rect(0, 0 - 0, 0), dockedStackBounds=Rect(0, 0 - 0, 0)",HIT,0,0.527675
543,setLightsOn(true),HIT,0,0.528545
544,"setSystemUiVisibility vis=0 mask=1 oldVal=40000500 newVal=40000500 diff=0 fullscreenStackVis=0 dockedStackVis=0, fullscreenStackBounds=Rect(0, 0 - 0, 0), dockedStackBounds=Rect(0, 0 - 0, 0)",HIT,0,0.529412
545,setLightsOn(true),HIT,0,0.530275
546,"setSystemUiVisibility vis=0 mask=1 oldVal=40000500 newVal=40000500 diff=0 fullscreenStackVis=0 dockedStackVis=0, fullscreenStackBounds=Rect(0, 0 - 0, 0), dockedStackBounds=Rect(0, 0 - 0, 0)",HIT,0,0.531136
547,setLightsOn(true),HIT,0,0.531993
548,"setSystemUiVisibility vis=0 mask=1 oldVal=40000500 newVal=40000500 diff=0 fullscreenStackVis=0 dockedStackVis=0, fullscreenStackBounds=Rect(0, 0 - 0, 0), dockedStackBounds=Rect(0, 0 - 0, 0)",HIT,0,0.532847
549,setLightsOn(true),HIT,0,0.533698
550,"setSystemUiVisibility vis=0 mask=1 oldVal=40000500 newVal=40000500 diff=0 fullscreenStackVis=0 dockedStackVis=0, fullscreenStackBounds=Rect(0, 0 - 0, 0), dockedStackBounds=Rect(0, 0 - 0, 0)",HIT,0,0.534545
551,setLightsOn(true),HIT,0,0.535390
552,"setSystemUiVisibility vis=0 mask=1 oldVal=40000500 newVal=40000500 diff=0 fullscreenStackVis=0 dockedStackVis=0, fullscreenStackBounds=Rect(0, 0 - 0, 0), dockedStackBounds=Rect(0, 0 - 0, 0)",HIT,0,0.536232
553,setLightsOn(true),HIT,0,0.537071
554,"setSystemUiVisibility vis=0 mask=1 oldVal=40000500 newVal=40000500 diff=0 fullscreenStackVis=0 dockedStackVis=0, fullscreenStackBounds=Rect(0, 0 - 0, 0), dockedStackBounds=Rect(0, 0 - 0, 0)",HIT,0,0.537906
555,setLightsOn(true),HIT,0,0.538739
556,"setSystemUiVisibility vis=0 mask=1 oldVal=40000500 newVal=40000500 diff=0 fullscreenStackVis=0 dockedStackVis=0, fullscreenStackBounds=Rect(0, 0 - 0, 0), dockedStackBounds=Rect(0, 0 - 0, 0)",HIT,0,0.539568
557,setLightsOn(true),HIT,0,0.540395
558,"setSystemUiVisibility vis=0 mask=1 oldVal=40000500 newVal=40000500 diff=0 fullscreenStackVis=0 dockedStackVis=0, fullscreenStackBounds=Rect(0, 0 - 0, 0), dockedStackBounds=Rect(0, 0 - 0, 0)",HIT,0,0.541219
559,"userActivityNoUpdateLocked: eventTime=261870612, event=2, flags=0x0, uid=1000",MISS,0,0.540250
560,"ready=true,policy=3,wakefulness=1,wksummary=0x0,uasummary=0x1,bootcompleted=true,boostinprogress=false,waitmodeenable=false,mode=false,manual=38,auto=-1,adj=0.0userId=0",HIT,0,0.541071
561,HBM brightnessIn =38,HIT,0,0.541889
562,HBM brightnessOut =38,HIT,0,0.542705
563,"Animating brightness: target=38, rate=200",HIT,0,0.543517
564,setLightsOn(true),HIT,0,0.544326
565,"setSystemUiVisibility vis=0 mask=1 oldVal=40000500 newVal=40000500 diff=0 fullscreenStackVis=0 dockedStackVis=0, fullscreenStackBounds=Rect(0, 0 - 0, 0), dockedStackBounds=Rect(0, 0 - 0, 0)",HIT,0,0.545133
566,setLightsOn(true),HIT,0,0.545936
567,"setSystemUiVisibility vis=0 mask=1 oldVal=40000500 newVal=40000500 diff=0 fullscreenStackVis=0 dockedStackVis=0, fullscreenStackBounds=Rect(0, 0 - 0, 0), dockedStackBounds=Rect(0, 0 - 0, 0)",HIT,0,0.546737
568,setLightsOn(true),HIT,0,0.547535
569,"setSystemUiVisibility vis=0 mask=1 oldVal=40000500 newVal=40000500 diff=0 fullscreenStackVis=0 dockedStackVis=0, fullscreenStackBounds=Rect(0, 0 - 0, 0), dockedStackBounds=Rect(0, 0 - 0, 0)",HIT,0,0.548330
570,Destroying surface Surface(name=PopupWindow:d76a91d) called by com.android.server.wm.WindowStateAnimator.destroySurface:2060 com.android.server.wm.WindowStateAnimator.destroySurfaceLocked:913 com.android.server.wm.WindowState.removeLocked:1554 com.android.server.wm.WindowManagerService.removeWindowInnerLocked:2739 com.android.server.wm.WindowManagerService.removeWindowInnerLocked:2702 com.android.server.wm.WindowManagerService.removeWindowLocked:2691 com.android.server.wm.WindowManagerService.removeWindowLocked:2560 com.android.server.wm.WindowManagerService.removeWindow:2555,MISS,0,0.547368
571,setLightsOn(true),HIT,0,0.548161
572,"setSystemUiVisibility vis=0 mask=1 oldVal=40000500 newVal=40000500 diff=0 fullscreenStackVis=0 dockedStackVis=0, fullscreenStackBounds=Rect(0, 0 - 0, 0), dockedStackBounds=Rect(0, 0 - 0, 0)",HIT,0,0.548951
573,Destroying surface Surface(name=PopupWindow:9b04807) called by com.android.server.wm.WindowStateAnimator.destroySurface:2060 com.android.server.wm.WindowStateAnimator.destroySurfaceLocked:913 com.android.server.wm.WindowState.removeLocked:1554 com.android.server.wm.WindowManagerService.removeWindowInnerLocked:2739 com.android.server.wm.WindowManagerService.removeWindowInnerLocked:2702 com.android.server.wm.WindowManagerService.removeWindowLocked:2691 com.android.server.wm.WindowManagerService.removeWindowLocked:2560 com.android.server.wm.WindowManagerService.removeWindow:2555,HIT,0,0.549738
574,setLightsOn(true),HIT,0,0.550523
575,"setSystemUiVisibility vis=0 mask=1 oldVal=40000500 newVal=40000500 diff=0 fullscreenStackVis=0 dockedStackVis=0, fullscreenStackBounds=Rect(0, 0 - 0, 0), dockedStackBounds=Rect(0, 0 - 0, 0)",HIT,0,0.551304
576,HBM brightnessIn =38,HIT,0,0.552083
577,HBM brightnessOut =38,HIT,0,0.552860
578,"Animating brightness: target=38, rate=200",HIT,0,0.553633
579,HBM brightnessIn =38,HIT,0,0.554404
580,HBM brightnessOut =38,HIT,0,0.555172
581,"Animating brightness: target=38, rate=200",HIT,0,0.555938
582,getRunningAppProcesses: caller 10111 does not hold REAL_GET_TASKS; limiting output,HIT,0,0.556701
583,"userActivityNoUpdateLocked: eventTime=261871547, event=2, flags=0x0, uid=1000",MISS,0,0.555746
584,"ready=true,policy=3,wakefulness=1,wksummary=0x0,uasummary=0x1,bootcompleted=true,boostinprogress=false,waitmodeenable=false,mode=false,manual=38,auto=-1,adj=0.0userId=0",HIT,0,0.556507
585,HBM brightnessIn =38,HIT,0,0.557265
586,HBM brightnessOut =38,HIT,0,0.558020
587,"Animating brightness: target=38, rate=200",HIT,0,0.558773
588,"userActivityNoUpdateLocked: eventTime=261872249, event=2, flags=0x0, uid=1000",MISS,0,0.557823
589,"ready=true,policy=3,wakefulness=1,wksummary=0x0,uasummary=0x1,bootcompleted=true,boostinprogress=false,waitmodeenable=false,mode=false,manual=38,auto=-1,adj=0.0userId=0",HIT,0,0.558574
590,setLightsOn(true),HIT,0,0.559322
591,"setSystemUiVisibility vis=0 mask=1 oldVal=40000500 newVal=40000500 diff=0 fullscreenStackVis=0 dockedStackVis=0, fullscreenStackBounds=Rect(0, 0 - 0, 0), dockedStackBounds=Rect(0, 0 - 0, 0)",HIT,0,0.560068
592,setLightsOn(true),HIT,0,0.560811
593,"setSystemUiVisibility vis=0 mask=1 oldVal=40000500 newVal=40000500 diff=0 fullscreenStackVis=0 dockedStackVis=0, fullscreenStackBounds=Rect(0, 0 - 0, 0), dockedStackBounds=Rect(0, 0 - 0, 0)",HIT,0,0.561551
594,setLightsOn(true),HIT,0,0.562290
595,"setSystemUiVisibility vis=0 mask=1 oldVal=40000500 newVal=40000500 diff=0 fullscreenStackVis=0 dockedStackVis=0, fullscreenStackBounds=Rect(0, 0 - 0, 0), dockedStackBounds=Rect(0, 0 - 0, 0)",HIT,0,0.563025
596,setLightsOn(true),HIT,0,0.563758
597,"setSystemUiVisibility vis=0 mask=1 oldVal=40000500 newVal=40000500 diff=0 fullscreenStackVis=0 dockedStackVis=0, fullscreenStackBounds=Rect(0, 0 - 0, 0), dockedStackBounds=Rect(0, 0 - 0, 0)",HIT,0,0.564489
598,setLightsOn(true),HIT,0,0.565217
599,"setSystemUiVisibility vis=0 mask=1 oldVal=40000500 newVal=40000500 diff=0 fullscreenStackVis=0 dockedStackVis=0, fullscreenStackBounds=Rect(0, 0 - 0, 0), dockedStackBounds=Rect(0, 0 - 0, 0)",HIT,0,0.565943
600,setLightsOn(true),HIT,0,0.566667
601,"setSystemUiVisibility vis=0 mask=1 oldVal=40000500 newVal=40000500 diff=0 fullscreenStackVis=0 dockedStackVis=0, fullscreenStackBounds=Rect(0, 0 - 0, 0), dockedStackBounds=Rect(0, 0 - 0, 0)",HIT,0,0.567388
602,"acquire lock=60373518, flags=0x1, tag=""RILJ_ACK_WL"", name=com.android.phone, ws=null, uid=1001, pid=2626",MISS,0,0.566445
603,"ready=true,policy=3,wakefulness=1,wksummary=0x1,uasummary=0x1,bootcompleted=true,boostinprogress=false,waitmodeenable=false,mode=false,manual=38,auto=-1,adj=0.0userId=0",MISS,0,0.565506
604,"Acquiring suspend blocker ""PowerManagerService.WakeLocks"".",HIT,0,0.566225
605,"ready=true,policy=3,wakefulness=1,wksummary=0x1,uasummary=0x1,bootcompleted=true,boostinprogress=false,waitmodeenable=false,mode=false,manual=38,auto=-1,adj=0.0userId=0",HIT,0,0.566942
606,setLightsOn(true),HIT,0,0.567657
607,"setSystemUiVisibility vis=0 mask=1 oldVal=40000500 newVal=40000500 diff=0 fullscreenStackVis=0 dockedStackVis=0, fullscreenStackBounds=Rect(0, 0 - 0, 0), dockedStackBounds=Rect(0, 0 - 0, 0)",HIT,0,0.568369
608,"ready=true,policy=3,wakefulness=1,wksummary=0x1,uasummary=0x1,bootcompleted=true,boostinprogress=false,waitmodeenable=false,mode=false,manual=38,auto=-1,adj=0.0userId=0",HIT,0,0.569079
609,"ready=true,policy=3,wakefulness=1,wksummary=0x1,uasummary=0x1,bootcompleted=true,boostinprogress=false,waitmodeenable=false,mode=false,manual=38,auto=-1,adj=0.0userId=0",HIT,0,0.569787
610,"ready=true,policy=3,wakefulness=1,wksummary=0x1,uasummary=0x1,bootcompleted=true,boostinprogress=false,waitmodeenable=false,mode=false,manual=38,auto=-1,adj=0.0userId=0",HIT,0,0.570492
611,setLightsOn(true),HIT,0,0.571195
612,"setSystemUiVisibility vis=0 mask=1 oldVal=40000500 newVal=40000500 diff=0 fullscreenStackVis=0 dockedStackVis=0, fullscreenStackBounds=Rect(0, 0 - 0, 0), dockedStackBounds=Rect(0, 0 - 0, 0)",HIT,0,0.571895
613,"ready=true,policy=3,wakefulness=1,wksummary=0x1,uasummary=0x1,bootcompleted=true,boostinprogress=false,waitmodeenable=false,mode=false,manual=38,auto=-1,adj=0.0userId=0",HIT,0,0.572594
614,shouldBlockLocation running ...,MISS,0,0.571661
615,shouldBlockLocation  ret:false,MISS,0,0.570732
616,"userActivityNoUpdateLocked: eventTime=261872817, event=2, flags=0x0, uid=1000",MISS,0,0.569805
617,"ready=true,policy=3,wakefulness=1,wksummary=0x1,uasummary=0x1,bootcompleted=true,boostinprogress=false,waitmodeenable=false,mode=false,manual=38,auto=-1,adj=0.0userId=0",HIT,0,0.570502
618,shouldBlockLocation running ...,HIT,0,0.571197
619,shouldBlockLocation  ret:false,HIT,0,0.571890
620,getNeighboringCellInfo calling app is com.amap.android.ams,MISS,0,0.570968
621,shouldBlockLocation running ...,HIT,0,0.571659
622,shouldBlockLocation  ret:false,HIT,0,0.572347
623,"ready=true,policy=3,wakefulness=1,wksummary=0x1,uasummary=0x1,bootcompleted=true,boostinprogress=false,waitmodeenable=false,mode=false,manual=38,auto=-1,adj=0.0userId=0",HIT,0,0.573034
624,"release:lock=60373518, flg=0x0, tag=""RILJ_ACK_WL"", name=com.android.phone"", ws=null, uid=1001, pid=2626",MISS,0,0.572115
625,"ready=true,policy=3,wakefulness=1,wksummary=0x1,uasummary=0x1,bootcompleted=true,boostinprogress=false,waitmodeenable=false,mode=false,manual=38,auto=-1,adj=0.0userId=0",HIT,0,0.572800
626,setLightsOn(true),HIT,0,0.573482
627,"setSystemUiVisibility vis=0 mask=1 oldVal=40000500 newVal=40000500 diff=0 fullscreenStackVis=0 dockedStackVis=0, fullscreenStackBounds=Rect(0, 0 - 0, 0), dockedStackBounds=Rect(0, 0 - 0, 0)",HIT,0,0.574163
628,"ready=true,policy=3,wakefulness=1,wksummary=0x0,uasummary=0x1,bootcompleted=true,boostinprogress=false,waitmodeenable=false,mode=false,manual=38,auto=-1,adj=0.0userId=0",HIT,0,0.574841
629,"Releasing suspend blocker ""PowerManagerService.WakeLocks"".",HIT,0,0.575517
630,shouldBlockLocation running ...,HIT,0,0.576190
631,shouldBlockLocation  ret:false,HIT,0,0.576862
632,"ready=true,policy=3,wakefulness=1,wksummary=0x1,uasummary=0x1,bootcompleted=true,boostinprogress=false,waitmodeenable=false,mode=false,manual=38,auto=-1,adj=0.0userId=0",HIT,0,0.577532
633,"Acquiring suspend blocker ""PowerManagerService.WakeLocks"".",HIT,0,0.578199
634,setLightsOn(true),HIT,0,0.578864
635,"setSystemUiVisibility vis=0 mask=1 oldVal=40000500 newVal=40000500 diff=0 fullscreenStackVis=0 dockedStackVis=0, fullscreenStackBounds=Rect(0, 0 - 0, 0), dockedStackBounds=Rect(0, 0 - 0, 0)",HIT,0,0.579528
636,"ready=true,policy=3,wakefulness=1,wksummary=0x0,uasummary=0x1,bootcompleted=true,boostinprogress=false,waitmodeenable=false,mode=false,manual=38,auto=-1,adj=0.0userId=0",HIT,0,0.580189
637,"Releasing suspend blocker ""PowerManagerService.WakeLocks"".",HIT,0,0.580848
638,"ready=true,policy=3,wakefulness=1,wksummary=0x1,uasummary=0x1,bootcompleted=true,boostinprogress=false,waitmodeenable=false,mode=false,manual=38,auto=-1,adj=0.0userId=0",HIT,0,0.581505
639,"Acquiring suspend blocker ""PowerManagerService.WakeLocks"".",HIT,0,0.582160
640,"ready=true,policy=3,wakefulness=1,wksummary=0x0,uasummary=0x1,bootcompleted=true,boostinprogress=false,waitmodeenable=false,mode=false,manual=38,auto=-1,adj=0.0userId=0",HIT,0,0.582812
641,"Releasing suspend blocker ""PowerManagerService.WakeLocks"".",HIT,0,0.583463
642,shouldBlockLocation running ...,HIT,0,0.584112
643,shouldBlockLocation  ret:false,HIT,0,0.584759
644,"userActivityNoUpdateLocked: eventTime=261874138, event=2, flags=0x0, uid=1000",MISS,0,0.583851
645,"ready=true,policy=3,wakefulness=1,wksummary=0x0,uasummary=0x1,bootcompleted=true,boostinprogress=false,waitmodeenable=false,mode=false,manual=38,auto=-1,adj=0.0userId=0",HIT,0,0.584496
646,setLightsOn(true),HIT,0,0.585139
647,"setSystemUiVisibility vis=0 mask=1 oldVal=40000500 newVal=40000500 diff=0 fullscreenStackVis=0 dockedStackVis=0, fullscreenStackBounds=Rect(0, 0 - 0, 0), dockedStackBounds=Rect(0, 0 - 0, 0)",HIT,0,0.585781
648,setLightsOn(true),HIT,0,0.586420
649,"setSystemUiVisibility vis=0 mask=1 oldVal=40000500 newVal=40000500 diff=0 fullscreenStackVis=0 dockedStackVis=0, fullscreenStackBounds=Rect(0, 0 - 0, 0), dockedStackBounds=Rect(0, 0 - 0, 0)",HIT,0,0.587057
650,setLightsOn(true),HIT,0,0.587692
651,"setSystemUiVisibility vis=0 mask=1 oldVal=40000500 newVal=40000500 diff=0 fullscreenStackVis=0 dockedStackVis=0, fullscreenStackBounds=Rect(0, 0 - 0, 0), dockedStackBounds=Rect(0, 0 - 0, 0)",HIT,0,0.588326
652,HBM brightnessIn =38,HIT,0,0.588957
653,HBM brightnessOut =38,HIT,0,0.589587
654,"Animating brightness: target=38, rate=200",HIT,0,0.590214
655,getTasks: caller 10111 does not hold REAL_GET_TASKS; limiting output,HIT,0,0.590840
656,getTasks: caller 10111 does not hold REAL_GET_TASKS; limiting output,HIT,0,0.591463
657,"userActivityNoUpdateLocked: eventTime=261875239, event=2, flags=0x0, uid=1000",MISS,0,0.590563
658,"ready=true,policy=3,wakefulness=1,wksummary=0x0,uasummary=0x1,bootcompleted=true,boostinprogress=false,waitmodeenable=false,mode=false,manual=38,auto=-1,adj=0.0userId=0",HIT,0,0.591185
659,setLightsOn(true),HIT,0,0.591806
660,"setSystemUiVisibility vis=0 mask=1 oldVal=40000500 newVal=40000500 diff=0 fullscreenStackVis=0 dockedStackVis=0, fullscreenStackBounds=Rect(0, 0 - 0, 0), dockedStackBounds=Rect(0, 0 - 0, 0)",HIT,0,0.592424
661,setLightsOn(true),HIT,0,0.593041
662,"setSystemUiVisibility vis=0 mask=1 oldVal=40000500 newVal=40000500 diff=0 fullscreenStackVis=0 dockedStackVis=0, fullscreenStackBounds=Rect(0, 0 - 0, 0), dockedStackBounds=Rect(0, 0 - 0, 0)",HIT,0,0.593656
663,setLightsOn(true),HIT,0,0.594268
664,"setSystemUiVisibility vis=0 mask=1 oldVal=40000500 newVal=40000500 diff=0 fullscreenStackVis=0 dockedStackVis=0, fullscreenStackBounds=Rect(0, 0 - 0, 0), dockedStackBounds=Rect(0, 0 - 0, 0)",HIT,0,0.594880
665,setLightsOn(true),HIT,0,0.595489
666,"setSystemUiVisibility vis=0 mask=1 oldVal=40000500 newVal=40000500 diff=0 fullscreenStackVis=0 dockedStackVis=0, fullscreenStackBounds=Rect(0, 0 - 0, 0), dockedStackBounds=Rect(0, 0 - 0, 0)",HIT,0,0.596096
667,HBM brightnessIn =38,HIT,0,0.596702
668,HBM brightnessOut =38,HIT,0,0.597305
669,"Animating brightness: target=38, rate=200",HIT,0,0.597907
670,"userActivityNoUpdateLocked: eventTime=261879585, event=2, flags=0x0, uid=1000",MISS,0,0.597015
671,"ready=true,policy=3,wakefulness=1,wksummary=0x0,uasummary=0x1,bootcompleted=true,boostinprogress=false,waitmodeenable=false,mode=false,manual=38,auto=-1,adj=0.0userId=0",HIT,0,0.597615
672,setLightsOn(true),HIT,0,0.598214
673,"setSystemUiVisibility vis=0 mask=1 oldVal=40000500 newVal=40000500 diff=0 fullscreenStackVis=0 dockedStackVis=0, fullscreenStackBounds=Rect(0, 0 - 0, 0), dockedStackBounds=Rect(0, 0 - 0, 0)",HIT,0,0.598811
674,Destroying surface Surface(name=PopupWindow:d76a91d) called by com.android.server.wm.WindowStateAnimator.destroySurface:2060 com.android.server.wm.WindowStateAnimator.destroySurfaceLocked:913 com.android.server.wm.WindowState.removeLocked:1554 com.android.server.wm.WindowManagerService.removeWindowInnerLocked:2739 com.android.server.wm.WindowManagerService.removeWindowInnerLocked:2702 com.android.server.wm.WindowManagerService.removeWindowLocked:2691 com.android.server.wm.WindowManagerService.removeWindowLocked:2560 com.android.server.wm.WindowManagerService.removeWindow:2555,HIT,0,0.599407
675,setLightsOn(true),HIT,0,0.600000
676,"setSystemUiVisibility vis=0 mask=1 oldVal=40000500 newVal=40000500 diff=0 fullscreenStackVis=0 dockedStackVis=0, fullscreenStackBounds=Rect(0, 0 - 0, 0), dockedStackBounds=Rect(0, 0 - 0, 0)",HIT,0,0.600592
677,Destroying surface Surface(name=PopupWindow:9b04807) called by com.android.server.wm.WindowStateAnimator.destroySurface:2060 com.android.server.wm.WindowStateAnimator.destroySurfaceLocked:913 com.android.server.wm.WindowState.removeLocked:1554 com.android.server.wm.WindowManagerService.removeWindowInnerLocked:2739 com.android.server.wm.WindowManagerService.removeWindowInnerLocked:2702 com.android.server.wm.WindowManagerService.removeWindowLocked:2691 com.android.server.wm.WindowManagerService.removeWindowLocked:2560 com.android.server.wm.WindowManagerService.removeWindow:2555,HIT,0,0.601182
678,setLightsOn(true),HIT,0,0.601770
679,"setSystemUiVisibility vis=0 mask=1 oldVal=40000500 newVal=40000500 diff=0 fullscreenStackVis=0 dockedStackVis=0, fullscreenStackBounds=Rect(0, 0 - 0, 0), dockedStackBounds=Rect(0, 0 - 0, 0)",HIT,0,0.602356
680,HBM brightnessIn =38,HIT,0,0.602941
681,HBM brightnessOut =38,HIT,0,0.603524
682,"Animating brightness: target=38, rate=200",HIT,0,0.604106
683,"userActivityNoUpdateLocked: eventTime=261880856, event=2, flags=0x0, uid=1000",MISS,0,0.603221
684,"ready=true,policy=3,wakefulness=1,wksummary=0x0,uasummary=0x1,bootcompleted=true,boostinprogress=false,waitmodeenable=false,mode=false,manual=38,auto=-1,adj=0.0userId=0",HIT,0,0.603801
685,setLightsOn(true),MISS,0,0.602920
686,"setSystemUiVisibility vis=0 mask=1 oldVal=40000500 newVal=40000500 diff=0 fullscreenStackVis=0 dockedStackVis=0, fullscreenStackBounds=Rect(0, 0 - 0, 0), dockedStackBounds=Rect(0, 0 - 0, 0)",HIT,0,0.603499
687,setLightsOn(true),HIT,0,0.604076
688,"setSystemUiVisibility vis=0 mask=1 oldVal=40000500 newVal=40000500 diff=0 fullscreenStackVis=0 dockedStackVis=0, fullscreenStackBounds=Rect(0, 0 - 0, 0), dockedStackBounds=Rect(0, 0 - 0, 0)",HIT,0,0.604651
689,setLightsOn(true),HIT,0,0.605225
690,"setSystemUiVisibility vis=0 mask=1 oldVal=40000500 newVal=40000500 diff=0 fullscreenStackVis=0 dockedStackVis=0, fullscreenStackBounds=Rect(0, 0 - 0, 0), dockedStackBounds=Rect(0, 0 - 0, 0)",HIT,0,0.605797
691,setLightsOn(true),HIT,0,0.606368
692,"setSystemUiVisibility vis=0 mask=1 oldVal=40000500 newVal=40000500 diff=0 fullscreenStackVis=0 dockedStackVis=0, fullscreenStackBounds=Rect(0, 0 - 0, 0), dockedStackBounds=Rect(0, 0 - 0, 0)",HIT,0,0.606936
693,getRunningAppProcesses: caller 10113 does not hold REAL_GET_TASKS; limiting output,HIT,0,0.607504
694,setLightsOn(true),HIT,0,0.608069
695,"setSystemUiVisibility vis=0 mask=1 oldVal=40000500 newVal=40000500 diff=0 fullscreenStackVis=0 dockedStackVis=0, fullscreenStackBounds=Rect(0, 0 - 0, 0), dockedStackBounds=Rect(0, 0 - 0, 0)",HIT,0,0.608633
696,setLightsOn(true),HIT,0,0.609195
697,"setSystemUiVisibility vis=0 mask=1 oldVal=40000500 newVal=40000500 diff=0 fullscreenStackVis=0 dockedStackVis=0, fullscreenStackBounds=Rect(0, 0 - 0, 0), dockedStackBounds=Rect(0, 0 - 0, 0)",HIT,0,0.609756
698,"userActivityNoUpdateLocked: eventTime=261881405, event=2, flags=0x0, uid=1000",MISS,0,0.608883
699,"ready=true,policy=3,wakefulness=1,wksummary=0x0,uasummary=0x1,bootcompleted=true,boostinprogress=false,waitmodeenable=false,mode=false,manual=38,auto=-1,adj=0.0userId=0",HIT,0,0.609442
700,setLightsOn(true),HIT,0,0.610000
701,"setSystemUiVisibility vis=0 mask=1 oldVal=40000500 newVal=40000500 diff=0 fullscreenStackVis=0 dockedStackVis=0, fullscreenStackBounds=Rect(0, 0 - 0, 0), dockedStackBounds=Rect(0, 0 - 0, 0)",HIT,0,0.610556
702,setLightsOn(true),HIT,0,0.611111
703,"setSystemUiVisibility vis=0 mask=1 oldVal=40000500 newVal=40000500 diff=0 fullscreenStackVis=0 dockedStackVis=0, fullscreenStackBounds=Rect(0, 0 - 0, 0), dockedStackBounds=Rect(0, 0 - 0, 0)",HIT,0,0.611664
704,setLightsOn(true),HIT,0,0.612216
705,"setSystemUiVisibility vis=0 mask=1 oldVal=40000500 newVal=40000500 diff=0 fullscreenStackVis=0 dockedStackVis=0, fullscreenStackBounds=Rect(0, 0 - 0, 0), dockedStackBounds=Rect(0, 0 - 0, 0)",HIT,0,0.612766
706,setLightsOn(true),HIT,0,0.613314
707,"setSystemUiVisibility vis=0 mask=1 oldVal=40000500 newVal=40000500 diff=0 fullscreenStackVis=0 dockedStackVis=0, fullscreenStackBounds=Rect(0, 0 - 0, 0), dockedStackBounds=Rect(0, 0 - 0, 0)",HIT,0,0.613861
708,getRunningAppProcesses: caller 10113 does not hold REAL_GET_TASKS; limiting output,HIT,0,0.614407
709,"userActivityNoUpdateLocked: eventTime=261883596, event=2, flags=0x0, uid=1000",MISS,0,0.613540
710,"ready=true,policy=3,wakefulness=1,wksummary=0x0,uasummary=0x1,bootcompleted=true,boostinprogress=false,waitmodeenable=false,mode=false,manual=38,auto=-1,adj=0.0userId=0",HIT,0,0.614085
711,setLightsOn(true),HIT,0,0.614627
712,"setSystemUiVisibility vis=0 mask=1 oldVal=40000500 newVal=40000500 diff=0 fullscreenStackVis=0 dockedStackVis=0, fullscreenStackBounds=Rect(0, 0 - 0, 0), dockedStackBounds=Rect(0, 0 - 0, 0)",HIT,0,0.615169
713,setLightsOn(true),HIT,0,0.615708
714,"setSystemUiVisibility vis=0 mask=1 oldVal=40000500 newVal=40000500 diff=0 fullscreenStackVis=0 dockedStackVis=0, fullscreenStackBounds=Rect(0, 0 - 0, 0), dockedStackBounds=Rect(0, 0 - 0, 0)",HIT,0,0.616246
715,HBM brightnessIn =38,HIT,0,0.616783
716,HBM brightnessOut =38,HIT,0,0.617318
717,"Animating brightness: target=38, rate=200",HIT,0,0.617852
718,setLightsOn(true),HIT,0,0.618384
719,"setSystemUiVisibility vis=0 mask=1 oldVal=40000500 newVal=40000500 diff=0 fullscreenStackVis=0 dockedStackVis=0, fullscreenStackBounds=Rect(0, 0 - 0, 0), dockedStackBounds=Rect(0, 0 - 0, 0)",HIT,0,0.618915
720,HBM brightnessIn =38,HIT,0,0.619444
721,HBM brightnessOut =38,HIT,0,0.619972
722,"Animating brightness: target=38, rate=200",HIT,0,0.620499
723,"userActivityNoUpdateLocked: eventTime=261884464, event=2, flags=0x0, uid=1000",MISS,0,0.619640
724,"ready=true,policy=3,wakefulness=1,wksummary=0x0,uasummary=0x1,bootcompleted=true,boostinprogress=false,waitmodeenable=false,mode=false,manual=38,auto=-1,adj=0.0userId=0",HIT,0,0.620166
725,setLightsOn(true),HIT,0,0.620690
726,"setSystemUiVisibility vis=0 mask=1 oldVal=40000500 newVal=40000500 diff=0 fullscreenStackVis=0 dockedStackVis=0, fullscreenStackBounds=Rect(0, 0 - 0, 0), dockedStackBounds=Rect(0, 0 - 0, 0)",HIT,0,0.621212
727,isMusicActive...,HIT,0,0.621733
728,setLightsOn(true),HIT,0,0.622253
729,"setSystemUiVisibility vis=0 mask=1 oldVal=40000500 newVal=40000500 diff=0 fullscreenStackVis=0 dockedStackVis=0, fullscreenStackBounds=Rect(0, 0 - 0, 0), dockedStackBounds=Rect(0, 0 - 0, 0)",HIT,0,0.622771
730,setLightsOn(true),HIT,0,0.623288
731,"setSystemUiVisibility vis=0 mask=1 oldVal=40000500 newVal=40000500 diff=0 fullscreenStackVis=0 dockedStackVis=0, fullscreenStackBounds=Rect(0, 0 - 0, 0), dockedStackBounds=Rect(0, 0 - 0, 0)",HIT,0,0.623803
732,setLightsOn(true),HIT,0,0.624317
733,"setSystemUiVisibility vis=0 mask=1 oldVal=40000500 newVal=40000500 diff=0 fullscreenStackVis=0 dockedStackVis=0, fullscreenStackBounds=Rect(0, 0 - 0, 0), dockedStackBounds=Rect(0, 0 - 0, 0)",HIT,0,0.624829
734,"userActivityNoUpdateLocked: eventTime=261885300, event=2, flags=0x0, uid=1000",MISS,0,0.623978
735,"ready=true,policy=3,wakefulness=1,wksummary=0x0,uasummary=0x1,bootcompleted=true,boostinprogress=false,waitmodeenable=false,mode=false,manual=38,auto=-1,adj=0.0userId=0",HIT,0,0.624490
736,setLightsOn(true),HIT,0,0.625000
737,"setSystemUiVisibility vis=0 mask=1 oldVal=40000500 newVal=40000500 diff=0 fullscreenStackVis=0 dockedStackVis=0, fullscreenStackBounds=Rect(0, 0 - 0, 0), dockedStackBounds=Rect(0, 0 - 0, 0)",HIT,0,0.625509
738,"userActivityNoUpdateLocked: eventTime=261885816, event=2, flags=0x0, uid=1000",MISS,0,0.624661
739,"ready=true,policy=3,wakefulness=1,wksummary=0x0,uasummary=0x1,bootcompleted=true,boostinprogress=false,waitmodeenable=false,mode=false,manual=38,auto=-1,adj=0.0userId=0",HIT,0,0.625169
740,setLightsOn(true),HIT,0,0.625676
741,"setSystemUiVisibility vis=0 mask=1 oldVal=40000500 newVal=40000500 diff=0 fullscreenStackVis=0 dockedStackVis=0, fullscreenStackBounds=Rect(0, 0 - 0, 0), dockedStackBounds=Rect(0, 0 - 0, 0)",HIT,0,0.626181
742,setLightsOn(true),HIT,0,0.626685
743,"setSystemUiVisibility vis=0 mask=1 oldVal=40000500 newVal=40000500 diff=0 fullscreenStackVis=0 dockedStackVis=0, fullscreenStackBounds=Rect(0, 0 - 0, 0), dockedStackBounds=Rect(0, 0 - 0, 0)",HIT,0,0.627187
744,setLightsOn(true),HIT,0,0.627688
745,"setSystemUiVisibility vis=0 mask=1 oldVal=40000500 newVal=40000500 diff=0 fullscreenStackVis=0 dockedStackVis=0, fullscreenStackBounds=Rect(0, 0 - 0, 0), dockedStackBounds=Rect(0, 0 - 0, 0)",HIT,0,0.628188
746,setLightsOn(true),HIT,0,0.628686
747,"setSystemUiVisibility vis=0 mask=1 oldVal=40000500 newVal=40000500 diff=0 fullscreenStackVis=0 dockedStackVis=0, fullscreenStackBounds=Rect(0, 0 - 0, 0), dockedStackBounds=Rect(0, 0 - 0, 0)",HIT,0,0.629183
748,"userActivityNoUpdateLocked: eventTime=261886520, event=2, flags=0x0, uid=1000",MISS,0,0.628342
749,"ready=true,policy=3,wakefulness=1,wksummary=0x0,uasummary=0x1,bootcompleted=true,boostinprogress=false,waitmodeenable=false,mode=false,manual=38,auto=-1,adj=0.0userId=0",HIT,0,0.628838
750,setLightsOn(true),HIT,0,0.629333
751,"setSystemUiVisibility vis=0 mask=1 oldVal=40000500 newVal=40000500 diff=0 fullscreenStackVis=0 dockedStackVis=0, fullscreenStackBounds=Rect(0, 0 - 0, 0), dockedStackBounds=Rect(0, 0 - 0, 0)",HIT,0,0.629827
752,"userActivityNoUpdateLocked: eventTime=261887070, event=2, flags=0x0, uid=1000",MISS,0,0.628989
753,"ready=true,policy=3,wakefulness=1,wksummary=0x0,uasummary=0x1,bootcompleted=true,boostinprogress=false,waitmodeenable=false,mode=false,manual=38,auto=-1,adj=0.0userId=0",HIT,0,0.629482
754,playSoundEffect   effectType: 0,HIT,0,0.629973
755,querySoundEffectsEnabled...,HIT,0,0.630464
756,Destroying surface Surface(name=PopupWindow:9b04807) called by com.android.server.wm.WindowStateAnimator.destroySurface:2060 com.android.server.wm.WindowStateAnimator.destroySurfaceLocked:913 com.android.server.wm.WindowState.removeLocked:1554 com.android.server.wm.WindowManagerService.removeWindowInnerLocked:2739 com.android.server.wm.WindowManagerService.removeWindowInnerLocked:2702 com.android.server.wm.WindowManagerService.removeWindowLocked:2691 com.android.server.wm.WindowManagerService.removeWindowLocked:2560 com.android.server.wm.WindowManagerService.removeWindow:2555,HIT,0,0.630952
757,setLightsOn(true),HIT,0,0.631440
758,"setSystemUiVisibility vis=0 mask=1 oldVal=40000500 newVal=40000500 diff=0 fullscreenStackVis=0 dockedStackVis=0, fullscreenStackBounds=Rect(0, 0 - 0, 0), dockedStackBounds=Rect(0, 0 - 0, 0)",HIT,0,0.631926
759,Destroying surface Surface(name=PopupWindow:317e46) called by com.android.server.wm.WindowStateAnimator.destroySurface:2060 com.android.server.wm.WindowStateAnimator.destroySurfaceLocked:913 com.android.server.wm.WindowState.removeLocked:1554 com.android.server.wm.WindowManagerService.removeWindowInnerLocked:2739 com.android.server.wm.WindowManagerService.removeWindowInnerLocked:2702 com.android.server.wm.WindowManagerService.removeWindowLocked:2691 com.android.server.wm.WindowManagerService.removeWindowLocked:2560 com.android.server.wm.WindowManagerService.removeWindow:2555,HIT,0,0.632411
760,setLightsOn(true),HIT,0,0.632895
761,"setSystemUiVisibility vis=0 mask=1 oldVal=40000500 newVal=40000500 diff=0 fullscreenStackVis=0 dockedStackVis=0, fullscreenStackBounds=Rect(0, 0 - 0, 0), dockedStackBounds=Rect(0, 0 - 0, 0)",HIT,0,0.633377
762,setLightsOn(true),HIT,0,0.633858
763,"setSystemUiVisibility vis=0 mask=1 oldVal=40000500 newVal=40000500 diff=0 fullscreenStackVis=0 dockedStackVis=0, fullscreenStackBounds=Rect(0, 0 - 0, 0), dockedStackBounds=Rect(0, 0 - 0, 0)",HIT,0,0.634338
764,setLightsOn(true),HIT,0,0.634817
765,"setSystemUiVisibility vis=0 mask=1 oldVal=40000500 newVal=40000500 diff=0 fullscreenStackVis=0 dockedStackVis=0, fullscreenStackBounds=Rect(0, 0 - 0, 0), dockedStackBounds=Rect(0, 0 - 0, 0)",HIT,0,0.635294
766,setLightsOn(true),HIT,0,0.635770
767,"setSystemUiVisibility vis=0 mask=1 oldVal=40000500 newVal=40000500 diff=0 fullscreenStackVis=0 dockedStackVis=0, fullscreenStackBounds=Rect(0, 0 - 0, 0), dockedStackBounds=Rect(0, 0 - 0, 0)",HIT,0,0.636245
768,setLightsOn(true),HIT,0,0.636719
769,"setSystemUiVisibility vis=0 mask=1 oldVal=40000500 newVal=40000500 diff=0 fullscreenStackVis=0 dockedStackVis=0, fullscreenStackBounds=Rect(0, 0 - 0, 0), dockedStackBounds=Rect(0, 0 - 0, 0)",HIT,0,0.637191
770,HBM brightnessIn =38,HIT,0,0.637662
771,HBM brightnessOut =38,HIT,0,0.638132
772,"Animating brightness: target=38, rate=200",HIT,0,0.638601
773,getRunningAppProcesses: caller 10113 does not hold REAL_GET_TASKS; limiting output,HIT,0,0.639069
774,getTasks: caller 10111 does not hold REAL_GET_TASKS; limiting output,HIT,0,0.639535
775,getTasks: caller 10111 does not hold REAL_GET_TASKS; limiting output,HIT,0,0.640000
776,getTasks: caller 10111 does not hold REAL_GET_TASKS; limiting output,HIT,0,0.640464
777,getTasks: caller 10111 does not hold REAL_GET_TASKS; limiting output,HIT,0,0.640927
778,getRunningAppProcesses: caller 10111 does not hold REAL_GET_TASKS; limiting output,HIT,0,0.641388
779,isMusicActive...,HIT,0,0.641849
780,"sending alarm Alarm{19069ff type 3 when 509169377 PendingIntent{50303cc: PendingIntentRecord{e204f60 com.android.phone broadcastIntent}}},repeatInterval = 0,listenerTag =null",MISS,0,0.641026
781,"ready=true,policy=3,wakefulness=1,wksummary=0x1,uasummary=0x1,bootcompleted=true,boostinprogress=false,waitmodeenable=false,mode=false,manual=38,auto=-1,adj=0.0userId=0",HIT,0,0.641485
782,"Acquiring suspend blocker ""PowerManagerService.WakeLocks"".",HIT,0,0.641944
783,Killing 23484:com.android.calendar/u0a13 (adj 906): empty for 1810s,MISS,0,0.641124
784,"ready=true,policy=3,wakefulness=1,wksummary=0x0,uasummary=0x1,bootcompleted=true,boostinprogress=false,waitmodeenable=false,mode=false,manual=38,auto=-1,adj=0.0userId=0",HIT,0,0.641582
785,"Releasing suspend blocker ""PowerManagerService.WakeLocks"".",HIT,0,0.642038
786,stopWifiDisplayScanLocked record.mWifiDisplayScanRequested=false,HIT,0,0.642494
787,stopWifiDisplayScanLocked mWifiDisplayScanRequestCount=0,HIT,0,0.642948
788,cleanUpApplicationRecord -- 5784,MISS,0,0.642132
789,"cleanUpApplicationRecordLocked, pid: 5784, restart: false",MISS,0,0.641318
790,"cleanUpApplicationRecordLocked, reset pid: 5784, euid: 0",MISS,0,0.640506
791,stopWifiDisplayScanLocked record.mWifiDisplayScanRequested=false,HIT,0,0.640961
792,stopWifiDisplayScanLocked mWifiDisplayScanRequestCount=0,HIT,0,0.641414
793,cleanUpApplicationRecord -- 23484,MISS,0,0.640605
794,"cleanUpApplicationRecordLocked, pid: 23484, restart: false",MISS,0,0.639798
795,"cleanUpApplicationRecordLocked, reset pid: 23484, euid: 0",MISS,0,0.638994
796,stopWifiDisplayScanLocked record.mWifiDisplayScanRequested=false,HIT,0,0.639447
797,stopWifiDisplayScanLocked mWifiDisplayScanRequestCount=0,HIT,0,0.639900
798,cleanUpApplicationRecord -- 5769,MISS,0,0.639098
799,"cleanUpApplicationRecordLocked, pid: 5769, restart: false",MISS,0,0.638298
800,"cleanUpApplicationRecordLocked, reset pid: 5769, euid: 0",MISS,0,0.637500
801,HBM brightnessIn =38,HIT,0,0.637953
802,HBM brightnessOut =38,HIT,0,0.638404
803,"Animating brightness: target=38, rate=200",HIT,0,0.638854
804,HBM brightnessIn =38,HIT,0,0.639303
805,HBM brightnessOut =38,HIT,0,0.639752
806,"Animating brightness: target=38, rate=200",HIT,0,0.640199
807,HBM brightnessIn =38,HIT,0,0.640644
808,HBM brightnessOut =38,HIT,0,0.641089
809,"Animating brightness: target=38, rate=200",HIT,0,0.641533
810,getRunningAppProcesses: caller 10091 does not hold REAL_GET_TASKS; limiting output,HIT,0,0.641975
811,getTasks: caller 10111 does not hold REAL_GET_TASKS; limiting output,HIT,0,0.642417
812,getTasks: caller 10111 does not hold REAL_GET_TASKS; limiting output,HIT,0,0.642857
813,HBM brightnessIn =38,HIT,0,0.643296
814,HBM brightnessOut =38,HIT,0,0.643735
815,"Animating brightness: target=38, rate=200",HIT,0,0.644172
816,HBM brightnessIn =38,HIT,0,0.644608
817,HBM brightnessOut =38,HIT,0,0.645043
818,"Animating brightness: target=38, rate=200",HIT,0,0.645477
819,HBM brightnessIn =38,HIT,0,0.645910
820,HBM brightnessOut =38,HIT,0,0.646341
821,"Animating brightness: target=38, rate=200",HIT,0,0.646772
822,HBM brightnessIn =38,HIT,0,0.647202
823,HBM brightnessOut =38,HIT,0,0.647631
824,"Animating brightness: target=38, rate=200",HIT,0,0.648058
825,getRunningAppProcesses: caller 10113 does not hold REAL_GET_TASKS; limiting output,HIT,0,0.648485
826,getRunningAppProcesses: caller 10113 does not hold REAL_GET_TASKS; limiting output,HIT,0,0.648910
827,HBM brightnessIn =38,HIT,0,0.649335
828,HBM brightnessOut =38,HIT,0,0.649758
829,"Animating brightness: target=38, rate=200",HIT,0,0.650181
830,getRunningAppProcesses: caller 10111 does not hold REAL_GET_TASKS; limiting output,HIT,0,0.650602
831,HBM brightnessIn =38,HIT,0,0.651023
832,HBM brightnessOut =38,HIT,0,0.651442
833,"Animating brightness: target=38, rate=200",HIT,0,0.651861
834,HBM brightnessIn =38,HIT,0,0.652278
835,HBM brightnessOut =38,HIT,0,0.652695
836,"Animating brightness: target=38, rate=200",HIT,0,0.653110
837,isMusicActive...,HIT,0,0.653524
838,HBM brightnessIn =38,HIT,0,0.653938
839,HBM brightnessOut =38,HIT,0,0.654350
840,"Animating brightness: target=38, rate=200",HIT,0,0.654762
841,getRunningAppProcesses: caller 10113 does not hold REAL_GET_TASKS; limiting output,HIT,0,0.655172
842,getRunningAppProcesses: caller 10113 does not hold REAL_GET_TASKS; limiting output,HIT,0,0.655582
843,getRunningAppProcesses: caller 10111 does not hold REAL_GET_TASKS; limiting output,HIT,0,0.655991
844,isMusicActive...,HIT,0,0.656398
845,"ready=true,policy=3,wakefulness=1,wksummary=0x1,uasummary=0x1,bootcompleted=true,boostinprogress=false,waitmodeenable=false,mode=false,manual=38,auto=-1,adj=0.0userId=0",HIT,0,0.656805
846,"Acquiring suspend blocker ""PowerManagerService.WakeLocks"".",HIT,0,0.657210
847,"ready=true,policy=3,wakefulness=1,wksummary=0x0,uasummary=0x1,bootcompleted=true,boostinprogress=false,waitmodeenable=false,mode=false,manual=38,auto=-1,adj=0.0userId=0",HIT,0,0.657615
848,"Releasing suspend blocker ""PowerManagerService.WakeLocks"".",HIT,0,0.658019
849,HBM brightnessIn =38,HIT,0,0.658422
850,HBM brightnessOut =38,HIT,0,0.658824
851,"Animating brightness: target=38, rate=200",HIT,0,0.659224
852,HBM brightnessIn =38,HIT,0,0.659624
853,HBM brightnessOut =38,HIT,0,0.660023
854,"Animating brightness: target=38, rate=200",HIT,0,0.660422
855,"sending alarm Alarm{c1705d3 type 3 when 509202333 PendingIntent{1749923: PendingIntentRecord{9600e20 android broadcastIntent}}},repeatInterval = 0,listenerTag =time_tick",MISS,0,0.659649
856,"ready=true,policy=3,wakefulness=1,wksummary=0x1,uasummary=0x1,bootcompleted=true,boostinprogress=false,waitmodeenable=false,mode=false,manual=38,auto=-1,adj=0.0userId=0",HIT,0,0.660047
857,"Acquiring suspend blocker ""PowerManagerService.WakeLocks"".",HIT,0,0.660443
858,Received TIME_TICK alarm; rescheduling,HIT,0,0.660839
859,scheduleTimeTickEvent triggerAtTime = 509262332,MISS,0,0.660070
860,"updateClipping isOverlap:false, getTopPadding=333.0, Translation=0.0",HIT,0,0.660465
861,updateDimmedActivatedHideSensitive overlap:false,HIT,0,0.660859
862,"updateClipping isOverlap:false, getTopPadding=333.0, Translation=0.0",HIT,0,0.661253
863,updateDimmedActivatedHideSensitive overlap:false,HIT,0,0.661645
864,received broadcast android.intent.action.TIME_TICK,HIT,0,0.662037
865,handleTimeUpdate,HIT,0,0.662428
866,getRunningAppProcesses: caller 10113 does not hold REAL_GET_TASKS; limiting output,HIT,0,0.662818
867,"ready=true,policy=3,wakefulness=1,wksummary=0x0,uasummary=0x1,bootcompleted=true,boostinprogress=false,waitmodeenable=false,mode=false,manual=38,auto=-1,adj=0.0userId=0",HIT,0,0.663206
868,"Releasing suspend blocker ""PowerManagerService.WakeLocks"".",HIT,0,0.663594
869,"acquire lock=134680583, flags=0x1, tag=""RILJ_ACK_WL"", name=com.android.phone, ws=null, uid=1001, pid=2626",MISS,0,0.662831
870,"ready=true,policy=3,wakefulness=1,wksummary=0x1,uasummary=0x1,bootcompleted=true,boostinprogress=false,waitmodeenable=false,mode=false,manual=38,auto=-1,adj=0.0userId=0",HIT,0,0.663218
871,"Acquiring suspend blocker ""PowerManagerService.WakeLocks"".",HIT,0,0.663605
872,remove(PendingIntent{e4e2534: PendingIntentRecord{e204f60 com.android.phone broadcastIntent}}) changed bounds; rebatching,MISS,0,0.662844
873,"release:lock=134680583, flg=0x0, tag=""RILJ_ACK_WL"", name=com.android.phone"", ws=null, uid=1001, pid=2626",MISS,0,0.662085
874,"ready=true,policy=3,wakefulness=1,wksummary=0x0,uasummary=0x1,bootcompleted=true,boostinprogress=false,waitmodeenable=false,mode=false,manual=38,auto=-1,adj=0.0userId=0",HIT,0,0.662471
875,"Releasing suspend blocker ""PowerManagerService.WakeLocks"".",HIT,0,0.662857
876,getRunningAppProcesses: caller 10113 does not hold REAL_GET_TASKS; limiting output,HIT,0,0.663242
877,"acquire lock=134680583, flags=0x1, tag=""RILJ_ACK_WL"", name=com.android.phone, ws=null, uid=1001, pid=2626",HIT,0,0.663626
878,"ready=true,policy=3,wakefulness=1,wksummary=0x1,uasummary=0x1,bootcompleted=true,boostinprogress=false,waitmodeenable=false,mode=false,manual=38,auto=-1,adj=0.0userId=0",HIT,0,0.664009
879,"Acquiring suspend blocker ""PowerManagerService.WakeLocks"".",HIT,0,0.664391
880,"acquire lock=134680583, flags=0x1, tag=""RILJ_ACK_WL"", name=com.android.phone, ws=null, uid=1001, pid=2626",HIT,0,0.664773
881,"ready=true,policy=3,wakefulness=1,wksummary=0x1,uasummary=0x1,bootcompleted=true,boostinprogress=false,waitmodeenable=false,mode=false,manual=38,auto=-1,adj=0.0userId=0",HIT,0,0.665153
882,"ready=true,policy=3,wakefulness=1,wksummary=0x1,uasummary=0x1,bootcompleted=true,boostinprogress=false,waitmodeenable=false,mode=false,manual=38,auto=-1,adj=0.0userId=0",HIT,0,0.665533
883,"ready=true,policy=3,wakefulness=1,wksummary=0x1,uasummary=0x1,bootcompleted=true,boostinprogress=false,waitmodeenable=false,mode=false,manual=38,auto=-1,adj=0.0userId=0",HIT,0,0.665912
884,"ready=true,policy=3,wakefulness=1,wksummary=0x1,uasummary=0x1,bootcompleted=true,boostinprogress=false,waitmodeenable=false,mode=false,manual=38,auto=-1,adj=0.0userId=0",HIT,0,0.666290
885,"ready=true,policy=3,wakefulness=1,wksummary=0x1,uasummary=0x1,bootcompleted=true,boostinprogress=false,waitmodeenable=false,mode=false,manual=38,auto=-1,adj=0.0userId=0",HIT,0,0.666667
886,"ready=true,policy=3,wakefulness=1,wksummary=0x1,uasummary=0x1,bootcompleted=true,boostinprogress=false,waitmodeenable=false,mode=false,manual=38,auto=-1,adj=0.0userId=0",HIT,0,0.667043
887,shouldBlockLocation running ...,HIT,0,0.667418
888,shouldBlockLocation  ret:false,HIT,0,0.667793
889,shouldBlockLocation running ...,HIT,0,0.668166
890,shouldBlockLocation  ret:false,HIT,0,0.668539
891,"release:lock=134680583, flg=0x0, tag=""RILJ_ACK_WL"", name=com.android.phone"", ws=null, uid=1001, pid=2626",HIT,0,0.668911
892,"ready=true,policy=3,wakefulness=1,wksummary=0x0,uasummary=0x1,bootcompleted=true,boostinprogress=false,waitmodeenable=false,mode=false,manual=38,auto=-1,adj=0.0userId=0",HIT,0,0.669283
893,"Releasing suspend blocker ""PowerManagerService.WakeLocks"".",HIT,0,0.669653
894,getNeighboringCellInfo calling app is com.amap.android.ams,HIT,0,0.670022
895,shouldBlockLocation running ...,HIT,0,0.670391
896,shouldBlockLocation  ret:false,HIT,0,0.670759
897,"ready=true,policy=3,wakefulness=1,wksummary=0x1,uasummary=0x1,bootcompleted=true,boostinprogress=false,waitmodeenable=false,mode=false,manual=38,auto=-1,adj=0.0userId=0",HIT,0,0.671126
898,"Acquiring suspend blocker ""PowerManagerService.WakeLocks"".",HIT,0,0.671492
899,"ready=true,policy=3,wakefulness=1,wksummary=0x0,uasummary=0x1,bootcompleted=true,boostinprogress=false,waitmodeenable=false,mode=false,manual=38,auto=-1,adj=0.0userId=0",HIT,0,0.671858
900,"Releasing suspend blocker ""PowerManagerService.WakeLocks"".",HIT,0,0.672222
901,shouldBlockLocation running ...,HIT,0,0.672586
902,shouldBlockLocation  ret:false,HIT,0,0.672949
903,"ready=true,policy=3,wakefulness=1,wksummary=0x1,uasummary=0x1,bootcompleted=true,boostinprogress=false,waitmodeenable=false,mode=false,manual=38,auto=-1,adj=0.0userId=0",HIT,0,0.673311
904,"Acquiring suspend blocker ""PowerManagerService.WakeLocks"".",HIT,0,0.673673
905,"ready=true,policy=3,wakefulness=1,wksummary=0x0,uasummary=0x1,bootcompleted=true,boostinprogress=false,waitmodeenable=false,mode=false,manual=38,auto=-1,adj=0.0userId=0",HIT,0,0.674033
906,"Releasing suspend blocker ""PowerManagerService.WakeLocks"".",HIT,0,0.674393
907,"ready=true,policy=3,wakefulness=1,wksummary=0x1,uasummary=0x1,bootcompleted=true,boostinprogress=false,waitmodeenable=false,mode=false,manual=38,auto=-1,adj=0.0userId=0",HIT,0,0.674752
908,"Acquiring suspend blocker ""PowerManagerService.WakeLocks"".",HIT,0,0.675110
909,"ready=true,policy=3,wakefulness=1,wksummary=0x0,uasummary=0x1,bootcompleted=true,boostinprogress=false,waitmodeenable=false,mode=false,manual=38,auto=-1,adj=0.0userId=0",HIT,0,0.675468
910,"Releasing suspend blocker ""PowerManagerService.WakeLocks"".",HIT,0,0.675824
911,shouldBlockLocation running ...,HIT,0,0.676180
912,shouldBlockLocation  ret:false,HIT,0,0.676535
913,HBM brightnessIn =38,HIT,0,0.676889
914,HBM brightnessOut =38,HIT,0,0.677243
915,"Animating brightness: target=38, rate=200",HIT,0,0.677596
916,Unable to start service Intent { act=com.tencent.android.tpush.action.keepalive cmp=com.qqgame.hlddz/com.tencent.android.tpush.service.XGPushService } U=0: not found,MISS,0,0.676856
917,"ready=true,policy=3,wakefulness=1,wksummary=0x1,uasummary=0x1,bootcompleted=true,boostinprogress=false,waitmodeenable=false,mode=false,manual=38,auto=-1,adj=0.0userId=0",HIT,0,0.677208
918,"Acquiring suspend blocker ""PowerManagerService.WakeLocks"".",HIT,0,0.677560
919,getRunningAppProcesses: caller 10091 does not hold REAL_GET_TASKS; limiting output,HIT,0,0.677911
920,getRunningAppProcesses: caller 10091 does not hold REAL_GET_TASKS; limiting output,HIT,0,0.678261
921,"ready=true,policy=3,wakefulness=1,wksummary=0x0,uasummary=0x1,bootcompleted=true,boostinprogress=false,waitmodeenable=false,mode=false,manual=38,auto=-1,adj=0.0userId=0",HIT,0,0.678610
922,"Releasing suspend blocker ""PowerManagerService.WakeLocks"".",HIT,0,0.678959
923,"acquire lock=120758482, flags=0x1, tag=""RILJ_ACK_WL"", name=com.android.phone, ws=null, uid=1001, pid=2626",MISS,0,0.678223
924,"ready=true,policy=3,wakefulness=1,wksummary=0x1,uasummary=0x1,bootcompleted=true,boostinprogress=false,waitmodeenable=false,mode=false,manual=38,auto=-1,adj=0.0userId=0",HIT,0,0.678571
925,"Acquiring suspend blocker ""PowerManagerService.WakeLocks"".",HIT,0,0.678919
926,"release:lock=120758482, flg=0x0, tag=""RILJ_ACK_WL"", name=com.android.phone"", ws=null, uid=1001, pid=2626",MISS,0,0.678186
927,"ready=true,policy=3,wakefulness=1,wksummary=0x0,uasummary=0x1,bootcompleted=true,boostinprogress=false,waitmodeenable=false,mode=false,manual=38,auto=-1,adj=0.0userId=0",HIT,0,0.678533
928,"Releasing suspend blocker ""PowerManagerService.WakeLocks"".",HIT,0,0.678879
929,"acquire lock=120758482, flags=0x1, tag=""RILJ_ACK_WL"", name=com.android.phone, ws=null, uid=1001, pid=2626",HIT,0,0.679225
930,"ready=true,policy=3,wakefulness=1,wksummary=0x1,uasummary=0x1,bootcompleted=true,boostinprogress=false,waitmodeenable=false,mode=false,manual=38,auto=-1,adj=0.0userId=0",HIT,0,0.679570
931,"Acquiring suspend blocker ""PowerManagerService.WakeLocks"".",HIT,0,0.679914
932,"acquire lock=120758482, flags=0x1, tag=""RILJ_ACK_WL"", name=com.android.phone, ws=null, uid=1001, pid=2626",HIT,0,0.680258
933,"ready=true,policy=3,wakefulness=1,wksummary=0x1,uasummary=0x1,bootcompleted=true,boostinprogress=false,waitmodeenable=false,mode=false,manual=38,auto=-1,adj=0.0userId=0",HIT,0,0.680600
934,"ready=true,policy=3,wakefulness=1,wksummary=0x1,uasummary=0x1,bootcompleted=true,boostinprogress=false,waitmodeenable=false,mode=false,manual=38,auto=-1,adj=0.0userId=0",HIT,0,0.680942
935,"ready=true,policy=3,wakefulness=1,wksummary=0x1,uasummary=0x1,bootcompleted=true,boostinprogress=false,waitmodeenable=false,mode=false,manual=38,auto=-1,adj=0.0userId=0",HIT,0,0.681283
936,"ready=true,policy=3,wakefulness=1,wksummary=0x1,uasummary=0x1,bootcompleted=true,boostinprogress=false,waitmodeenable=false,mode=false,manual=38,auto=-1,adj=0.0userId=0",HIT,0,0.681624
937,"ready=true,policy=3,wakefulness=1,wksummary=0x1,uasummary=0x1,bootcompleted=true,boostinprogress=false,waitmodeenable=false,mode=false,manual=38,auto=-1,adj=0.0userId=0",HIT,0,0.681964
938,"ready=true,policy=3,wakefulness=1,wksummary=0x1,uasummary=0x1,bootcompleted=true,boostinprogress=false,waitmodeenable=false,mode=false,manual=38,auto=-1,adj=0.0userId=0",HIT,0,0.682303
939,shouldBlockLocation running ...,HIT,0,0.682641
940,shouldBlockLocation  ret:false,HIT,0,0.682979
941,shouldBlockLocation running ...,HIT,0,0.683316
942,shouldBlockLocation  ret:false,HIT,0,0.683652
943,getNeighboringCellInfo calling app is com.amap.android.ams,HIT,0,0.683987
944,shouldBlockLocation running ...,HIT,0,0.684322
945,shouldBlockLocation  ret:false,HIT,0,0.684656
946,"ready=true,policy=3,wakefulness=1,wksummary=0x1,uasummary=0x1,bootcompleted=true,boostinprogress=false,waitmodeenable=false,mode=false,manual=38,auto=-1,adj=0.0userId=0",HIT,0,0.684989
947,"release:lock=120758482, flg=0x0, tag=""RILJ_ACK_WL"", name=com.android.phone"", ws=null, uid=1001, pid=2626",HIT,0,0.685322
948,"ready=true,policy=3,wakefulness=1,wksummary=0x1,uasummary=0x1,bootcompleted=true,boostinprogress=false,waitmodeenable=false,mode=false,manual=38,auto=-1,adj=0.0userId=0",HIT,0,0.685654
949,"ready=true,policy=3,wakefulness=1,wksummary=0x0,uasummary=0x1,bootcompleted=true,boostinprogress=false,waitmodeenable=false,mode=false,manual=38,auto=-1,adj=0.0userId=0",HIT,0,0.685985
950,"Releasing suspend blocker ""PowerManagerService.WakeLocks"".",HIT,0,0.686316
951,shouldBlockLocation running ...,HIT,0,0.686646
952,shouldBlockLocation  ret:false,HIT,0,0.686975
953,"ready=true,policy=3,wakefulness=1,wksummary=0x1,uasummary=0x1,bootcompleted=true,boostinprogress=false,waitmodeenable=false,mode=false,manual=38,auto=-1,adj=0.0userId=0",HIT,0,0.687303
954,"Acquiring suspend blocker ""PowerManagerService.WakeLocks"".",HIT,0,0.687631
955,"ready=true,policy=3,wakefulness=1,wksummary=0x0,uasummary=0x1,bootcompleted=true,boostinprogress=false,waitmodeenable=false,mode=false,manual=38,auto=-1,adj=0.0userId=0",HIT,0,0.687958
956,"Releasing suspend blocker ""PowerManagerService.WakeLocks"".",HIT,0,0.688285
957,"ready=true,policy=3,wakefulness=1,wksummary=0x1,uasummary=0x1,bootcompleted=true,boostinprogress=false,waitmodeenable=false,mode=false,manual=38,auto=-1,adj=0.0userId=0",HIT,0,0.688610
958,"Acquiring suspend blocker ""PowerManagerService.WakeLocks"".",HIT,0,0.688935
959,"ready=true,policy=3,wakefulness=1,wksummary=0x0,uasummary=0x1,bootcompleted=true,boostinprogress=false,waitmodeenable=false,mode=false,manual=38,auto=-1,adj=0.0userId=0",HIT,0,0.689260
960,"Releasing suspend blocker ""PowerManagerService.WakeLocks"".",HIT,0,0.689583
961,shouldBlockLocation running ...,HIT,0,0.689906
962,shouldBlockLocation  ret:false,HIT,0,0.690229
963,HBM brightnessIn =38,HIT,0,0.690550
964,HBM brightnessOut =38,HIT,0,0.690871
965,"Animating brightness: target=38, rate=200",HIT,0,0.691192
966,"acquire lock=120758482, flags=0x1, tag=""RILJ_ACK_WL"", name=com.android.phone, ws=null, uid=1001, pid=2626",HIT,0,0.691511
967,"ready=true,policy=3,wakefulness=1,wksummary=0x1,uasummary=0x1,bootcompleted=true,boostinprogress=false,waitmodeenable=false,mode=false,manual=38,auto=-1,adj=0.0userId=0",HIT,0,0.691830
968,"Acquiring suspend blocker ""PowerManagerService.WakeLocks"".",HIT,0,0.692149
969,"acquire lock=120758482, flags=0x1, tag=""RILJ_ACK_WL"", name=com.android.phone, ws=null, uid=1001, pid=2626",HIT,0,0.692466
970,"ready=true,policy=3,wakefulness=1,wksummary=0x1,uasummary=0x1,bootcompleted=true,boostinprogress=false,waitmodeenable=false,mode=false,manual=38,auto=-1,adj=0.0userId=0",HIT,0,0.692784
971,"ready=true,policy=3,wakefulness=1,wksummary=0x1,uasummary=0x1,bootcompleted=true,boostinprogress=false,waitmodeenable=false,mode=false,manual=38,auto=-1,adj=0.0userId=0",HIT,0,0.693100
972,"ready=true,policy=3,wakefulness=1,wksummary=0x1,uasummary=0x1,bootcompleted=true,boostinprogress=false,waitmodeenable=false,mode=false,manual=38,auto=-1,adj=0.0userId=0",HIT,0,0.693416
973,"ready=true,policy=3,wakefulness=1,wksummary=0x1,uasummary=0x1,bootcompleted=true,boostinprogress=false,waitmodeenable=false,mode=false,manual=38,auto=-1,adj=0.0userId=0",HIT,0,0.693731
974,"ready=true,policy=3,wakefulness=1,wksummary=0x1,uasummary=0x1,bootcompleted=true,boostinprogress=false,waitmodeenable=false,mode=false,manual=38,auto=-1,adj=0.0userId=0",HIT,0,0.694045
975,"ready=true,policy=3,wakefulness=1,wksummary=0x1,uasummary=0x1,bootcompleted=true,boostinprogress=false,waitmodeenable=false,mode=false,manual=38,auto=-1,adj=0.0userId=0",HIT,0,0.694359
976,shouldBlockLocation running ...,HIT,0,0.694672
977,shouldBlockLocation  ret:false,HIT,0,0.694985
978,shouldBlockLocation running ...,HIT,0,0.695297
979,shouldBlockLocation  ret:false,HIT,0,0.695608
980,"release:lock=120758482, flg=0x0, tag=""RILJ_ACK_WL"", name=com.android.phone"", ws=null, uid=1001, pid=2626",HIT,0,0.695918
981,"ready=true,policy=3,wakefulness=1,wksummary=0x0,uasummary=0x1,bootcompleted=true,boostinprogress=false,waitmodeenable=false,mode=false,manual=38,auto=-1,adj=0.0userId=0",HIT,0,0.696228
982,"Releasing suspend blocker ""PowerManagerService.WakeLocks"".",HIT,0,0.696538
983,getNeighboringCellInfo calling app is com.amap.android.ams,HIT,0,0.696846
984,shouldBlockLocation running ...,HIT,0,0.697154
985,shouldBlockLocation  ret:false,HIT,0,0.697462
986,"ready=true,policy=3,wakefulness=1,wksummary=0x1,uasummary=0x1,bootcompleted=true,boostinprogress=false,waitmodeenable=false,mode=false,manual=38,auto=-1,adj=0.0userId=0",HIT,0,0.697769
987,"Acquiring suspend blocker ""PowerManagerService.WakeLocks"".",HIT,0,0.698075
988,"ready=true,policy=3,wakefulness=1,wksummary=0x0,uasummary=0x1,bootcompleted=true,boostinprogress=false,waitmodeenable=false,mode=false,manual=38,auto=-1,adj=0.0userId=0",HIT,0,0.698381
989,"Releasing suspend blocker ""PowerManagerService.WakeLocks"".",HIT,0,0.698686
990,shouldBlockLocation running ...,HIT,0,0.698990
991,shouldBlockLocation  ret:false,HIT,0,0.699294
992,shouldBlockLocation running ...,HIT,0,0.699597
993,shouldBlockLocation  ret:false,HIT,0,0.699899
994,HBM brightnessIn =38,HIT,0,0.700201
995,HBM brightnessOut =38,HIT,0,0.700503
996,"Animating brightness: target=38, rate=200",HIT,0,0.700803
997,HBM brightnessIn =38,HIT,0,0.701103
998,HBM brightnessOut =38,HIT,0,0.701403
999,"Animating brightness: target=38, rate=200",HIT,0,0.701702
1000,getRunningAppProcesses: caller 10111 does not hold REAL_GET_TASKS; limiting output,HIT,0,0.702000
1001,unregisterAudioFocusListener...,MISS,0,0.701299
1002,abandonAudioFocus,MISS,0,0.700599
1003,"[HSM] stayAwake false uid: 10111, pid: 28601",MISS,0,0.699900
1004,Pid:28601 MediaPlayer destructor,MISS,0,0.699203
1005,getRunningAppProcesses: caller 10111 does not hold REAL_GET_TASKS; limiting output,MISS,0,0.698507
1006,getRunningAppProcesses: caller 10111 does not hold REAL_GET_TASKS; limiting output,HIT,0,0.698807
1007,stopWifiDisplayScanLocked record.mWifiDisplayScanRequested=false,HIT,0,0.699106
1008,stopWifiDisplayScanLocked mWifiDisplayScanRequestCount=0,HIT,0,0.699405
1009,Process com.tencent.mobileqq:qzone (pid 12236) has died,MISS,0,0.698712
1010,cleanUpApplicationRecord -- 12236,MISS,0,0.698020
1011,Scheduling restart of crashed service com.tencent.mobileqq/cooperation.qzone.remote.logic.QzoneWebPluginProxyService in 1000ms,MISS,0,0.697329
1012,"cleanUpApplicationRecordLocked, pid: 12236, restart: false",MISS,0,0.696640
1013,"cleanUpApplicationRecordLocked, reset pid: 12236, euid: 0",MISS,0,0.695953
1014,getTasks: caller 10111 does not hold REAL_GET_TASKS; limiting output,HIT,0,0.696252
1015,isMusicActive...,HIT,0,0.696552
1016,HBM brightnessIn =38,HIT,0,0.696850
1017,HBM brightnessOut =38,HIT,0,0.697148
1018,"Animating brightness: target=38, rate=200",HIT,0,0.697446
1019,HBM brightnessIn =38,HIT,0,0.697743
1020,HBM brightnessOut =38,HIT,0,0.698039
1021,"Animating brightness: target=38, rate=200",HIT,0,0.698335
1022,HBM brightnessIn =38,HIT,0,0.698630
1023,HBM brightnessOut =38,HIT,0,0.698925
1024,"Animating brightness: target=38, rate=200",HIT,0,0.699219
1025,"new Process app=ProcessRecord{6eaaf00 0:com.tencent.mobileqq:qzone/u0a111}, name: com.tencent.mobileqq:qzone, euid: 0",MISS,0,0.698537
1026,Start proc 13003:com.tencent.mobileqq:qzone/u0a111 for service com.tencent.mobileqq/cooperation.qzone.remote.logic.QzoneWebPluginProxyService,MISS,0,0.697856
1027,"ActivityManagerService,attachApplication,callingPid = 13003",MISS,0,0.697176
1028,getRunningAppProcesses: caller 10111 does not hold REAL_GET_TASKS; limiting output,HIT,0,0.697471
1029,getRunningAppProcesses: caller 10111 does not hold REAL_GET_TASKS; limiting output,HIT,0,0.697765
1030,HBM brightnessIn =38,HIT,0,0.698058
1031,HBM brightnessOut =38,HIT,0,0.698351
1032,"Animating brightness: target=38, rate=200",HIT,0,0.698643
1033,getRunningAppProcesses: caller 10111 does not hold REAL_GET_TASKS; limiting output,HIT,0,0.698935
1034,HBM brightnessIn =38,HIT,0,0.699226
1035,HBM brightnessOut =38,HIT,0,0.699517
1036,"Animating brightness: target=38, rate=200",HIT,0,0.699807
1037,getRunningAppProcesses: caller 10113 does not hold REAL_GET_TASKS; limiting output,HIT,0,0.700096
1038,getRunningAppProcesses: caller 10111 does not hold REAL_GET_TASKS; limiting output,HIT,0,0.700385
1039,getRunningAppProcesses: caller 10111 does not hold REAL_GET_TASKS; limiting output,HIT,0,0.700674
1040,getRunningAppProcesses: caller 10111 does not hold REAL_GET_TASKS; limiting output,HIT,0,0.700962
1041,getRunningAppProcesses: caller 10111 does not hold REAL_GET_TASKS; limiting output,HIT,0,0.701249
1042,getRunningAppProcesses: caller 10111 does not hold REAL_GET_TASKS; limiting output,HIT,0,0.701536
1043,getRunningAppProcesses: caller 10111 does not hold REAL_GET_TASKS; limiting output,HIT,0,0.701822
1044,getRunningAppProcesses: caller 10111 does not hold REAL_GET_TASKS; limiting output,HIT,0,0.702107
1045,getRunningAppProcesses: caller 10111 does not hold REAL_GET_TASKS; limiting output,HIT,0,0.702392
1046,getRunningAppProcesses: caller 10111 does not hold REAL_GET_TASKS; limiting output,HIT,0,0.702677
1047,getRunningAppProcesses: caller 10111 does not hold REAL_GET_TASKS; limiting output,HIT,0,0.702961
1048,getRunningAppProcesses: caller 10111 does not hold REAL_GET_TASKS; limiting output,HIT,0,0.703244
1049,getRunningAppProcesses: caller 10113 does not hold REAL_GET_TASKS; limiting output,HIT,0,0.703527
1050,getRunningAppProcesses: caller 10113 does not hold REAL_GET_TASKS; limiting output,HIT,0,0.703810
1051,HBM brightnessIn =38,HIT,0,0.704091
1052,HBM brightnessOut =38,HIT,0,0.704373
1053,"Animating brightness: target=38, rate=200",HIT,0,0.704653
1054,getTasks: caller 10111 does not hold REAL_GET_TASKS; limiting output,HIT,0,0.704934
1055,getTasks: caller 10111 does not hold REAL_GET_TASKS; limiting output,HIT,0,0.705213
1056,getTasks: caller 10111 does not hold REAL_GET_TASKS; limiting output,HIT,0,0.705492
1057,getRunningAppProcesses: caller 10111 does not hold REAL_GET_TASKS; limiting output,HIT,0,0.705771
1058,"userActivityNoUpdateLocked: eventTime=261949797, event=2, flags=0x0, uid=1000",MISS,0,0.705104
1059,"ready=true,policy=3,wakefulness=1,wksummary=0x0,uasummary=0x1,bootcompleted=true,boostinprogress=false,waitmodeenable=false,mode=false,manual=38,auto=-1,adj=0.0userId=0",MISS,0,0.704438
1060,suspendAutohide,MISS,0,0.703774
1061,interceptKeyTq keycode=4 interactive=true keyguardActive=false policyFlags=2b000002 down true canceled false,MISS,0,0.703110
1062,"interceptKeyBeforeQueueing: key 4 , result : 1",MISS,0,0.702448
1063,"userActivityNoUpdateLocked: eventTime=261949805, event=1, flags=0x0, uid=1000",MISS,0,0.701787
1064,"ready=true,policy=3,wakefulness=1,wksummary=0x0,uasummary=0x1,bootcompleted=true,boostinprogress=false,waitmodeenable=false,mode=false,manual=38,auto=-1,adj=0.0userId=0",HIT,0,0.702068
1065,Destroying surface Surface(name=PopupWindow:317e46) called by com.android.server.wm.WindowStateAnimator.destroySurface:2060 com.android.server.wm.WindowStateAnimator.destroySurfaceLocked:913 com.android.server.wm.WindowState.removeLocked:1554 com.android.server.wm.WindowManagerService.removeWindowInnerLocked:2739 com.android.server.wm.WindowManagerService.removeWindowInnerLocked:2702 com.android.server.wm.WindowManagerService.removeWindowLocked:2691 com.android.server.wm.WindowManagerService.removeWindowLocked:2560 com.android.server.wm.WindowManagerService.removeWindow:2555,HIT,0,0.702347
1066,setLightsOn(true),HIT,0,0.702627
1067,"setSystemUiVisibility vis=0 mask=1 oldVal=40000500 newVal=40000500 diff=0 fullscreenStackVis=0 dockedStackVis=0, fullscreenStackBounds=Rect(0, 0 - 0, 0), dockedStackBounds=Rect(0, 0 - 0, 0)",MISS,0,0.701968
1068,resumeSuspendedAutohide,MISS,0,0.701311
1069,interceptKeyTq keycode=4 interactive=true keyguardActive=false policyFlags=2b000002 down false canceled false,MISS,0,0.700655
1070,"interceptKeyBeforeQueueing: key 4 , result : 1",HIT,0,0.700935
1071,querySoundEffectsEnabled...,HIT,0,0.701214
1072,setLightsOn(true),HIT,0,0.701493
1073,"setSystemUiVisibility vis=0 mask=1 oldVal=40000500 newVal=40000500 diff=0 fullscreenStackVis=0 dockedStackVis=0, fullscreenStackBounds=Rect(0, 0 - 0, 0), dockedStackBounds=Rect(0, 0 - 0, 0)",HIT,0,0.701771
1074,setLightsOn(true),HIT,0,0.702048
1075,"setSystemUiVisibility vis=0 mask=1 oldVal=40000500 newVal=40000500 diff=0 fullscreenStackVis=0 dockedStackVis=0, fullscreenStackBounds=Rect(0, 0 - 0, 0), dockedStackBounds=Rect(0, 0 - 0, 0)",HIT,0,0.702326
1076,setLightsOn(true),HIT,0,0.702602
1077,"setSystemUiVisibility vis=0 mask=1 oldVal=40000500 newVal=40000500 diff=0 fullscreenStackVis=0 dockedStackVis=0, fullscreenStackBounds=Rect(0, 0 - 0, 0), dockedStackBounds=Rect(0, 0 - 0, 0)",HIT,0,0.702878
1078,setLightsOn(true),HIT,0,0.703154
1079,"setSystemUiVisibility vis=0 mask=1 oldVal=40000500 newVal=40000500 diff=0 fullscreenStackVis=0 dockedStackVis=0, fullscreenStackBounds=Rect(0, 0 - 0, 0), dockedStackBounds=Rect(0, 0 - 0, 0)",HIT,0,0.703429
1080,Destroying surface Surface(name=InputMethod) called by com.android.server.wm.WindowStateAnimator.destroySurface:2060 com.android.server.wm.WindowStateAnimator.destroySurfaceLocked:913 com.android.server.wm.WindowState.destroyOrSaveSurface:2201 com.android.server.wm.WindowSurfacePlacer.performSurfacePlacementInner:517 com.android.server.wm.WindowSurfacePlacer.performSurfacePlacementLoop:291 com.android.server.wm.WindowSurfacePlacer.performSurfacePlacement:233 com.android.server.wm.WindowManagerService$H.handleMessage:8670 android.os.Handler.dispatchMessage:105,MISS,0,0.702778
1081,suspendAutohide,HIT,0,0.703053
1082,interceptKeyTq keycode=4 interactive=true keyguardActive=false policyFlags=2b000002 down true canceled false,HIT,0,0.703327
1083,"interceptKeyBeforeQueueing: key 4 , result : 1",HIT,0,0.703601
1084,setLightsOn(true),HIT,0,0.703875
1085,"setSystemUiVisibility vis=0 mask=1 oldVal=40000500 newVal=40000500 diff=0 fullscreenStackVis=0 dockedStackVis=0, fullscreenStackBounds=Rect(0, 0 - 0, 0), dockedStackBounds=Rect(0, 0 - 0, 0)",HIT,0,0.704147
1086,resumeSuspendedAutohide,HIT,0,0.704420
1087,interceptKeyTq keycode=4 interactive=true keyguardActive=false policyFlags=2b000002 down false canceled false,HIT,0,0.704692
1088,"interceptKeyBeforeQueueing: key 4 , result : 1",HIT,0,0.704963
1089,querySoundEffectsEnabled...,HIT,0,0.705234
1090,isMusicActive...,MISS,0,0.704587
1091,"userActivityNoUpdateLocked: eventTime=261950783, event=2, flags=0x0, uid=1000",MISS,0,0.703941
1092,"ready=true,policy=3,wakefulness=1,wksummary=0x0,uasummary=0x1,bootcompleted=true,boostinprogress=false,waitmodeenable=false,mode=false,manual=38,auto=-1,adj=0.0userId=0",HIT,0,0.704212
1093,suspendAutohide,HIT,0,0.704483
1094,interceptKeyTq keycode=3 interactive=true keyguardActive=false policyFlags=2b000002 down true canceled false,MISS,0,0.703839
1095,"interceptKeyBeforeQueueing: key 3 , result : 1",MISS,0,0.703196
1096,"userActivityNoUpdateLocked: eventTime=261950787, event=1, flags=0x0, uid=1000",MISS,0,0.702555
1097,"ready=true,policy=3,wakefulness=1,wksummary=0x0,uasummary=0x1,bootcompleted=true,boostinprogress=false,waitmodeenable=false,mode=false,manual=38,auto=-1,adj=0.0userId=0",HIT,0,0.702826
1098,resumeSuspendedAutohide,HIT,0,0.703097
1099,"userActivityNoUpdateLocked: eventTime=261950887, event=0, flags=0x0, uid=1000",MISS,0,0.702457
1100,"ready=true,policy=3,wakefulness=1,wksummary=0x0,uasummary=0x1,bootcompleted=true,boostinprogress=false,waitmodeenable=false,mode=false,manual=38,auto=-1,adj=0.0userId=0",HIT,0,0.702727
1101,interceptKeyTq keycode=3 interactive=true keyguardActive=false policyFlags=2b000002 down false canceled false,MISS,0,0.702089
1102,"interceptKeyBeforeQueueing: key 3 , result : 1",HIT,0,0.702359
1103,querySoundEffectsEnabled...,HIT,0,0.702629
1104,"userActivityNoUpdateLocked: eventTime=261950909, event=0, flags=0x0, uid=1000",MISS,0,0.701993
1105,"ready=true,policy=3,wakefulness=1,wksummary=0x0,uasummary=0x1,bootcompleted=true,boostinprogress=false,waitmodeenable=false,mode=false,manual=38,auto=-1,adj=0.0userId=0",HIT,0,0.702262
1106,"animateCollapsePanels:flags=0, force=false, delayed=false, mExpandedVisible=false",MISS,0,0.701627
1107,closeQs,MISS,0,0.700994
1108,cancelPeek: false,MISS,0,0.700361
1109,instantCollapse,MISS,0,0.699729
1110,cancelPeek: false,HIT,0,0.700000
1111,setLightsOn(true),HIT,0,0.700270
1112,"setSystemUiVisibility vis=0 mask=1 oldVal=40000500 newVal=40000500 diff=0 fullscreenStackVis=0 dockedStackVis=0, fullscreenStackBounds=Rect(0, 0 - 0, 0), dockedStackBounds=Rect(0, 0 - 0, 0)",HIT,0,0.700540
1113,"acquire lock=189667585, flags=0x1, tag=""*launch*"", name=android, ws=WorkSource{10057}, uid=1000, pid=1702",MISS,0,0.699910
1114,"ready=true,policy=3,wakefulness=1,wksummary=0x1,uasummary=0x1,bootcompleted=true,boostinprogress=false,waitmodeenable=false,mode=false,manual=38,auto=-1,adj=0.0userId=0",HIT,0,0.700180
1115,"Acquiring suspend blocker ""PowerManagerService.WakeLocks"".",MISS,0,0.699552
1116,setLightsOn(true),HIT,0,0.699821
1117,"setSystemUiVisibility vis=0 mask=1 oldVal=40000500 newVal=40000500 diff=0 fullscreenStackVis=0 dockedStackVis=0, fullscreenStackBounds=Rect(0, 0 - 0, 0), dockedStackBounds=Rect(0, 0 - 0, 0)",HIT,0,0.700090
1118,setLightsOn(true),HIT,0,0.700358
1119,"setSystemUiVisibility vis=0 mask=1 oldVal=40000500 newVal=40000500 diff=0 fullscreenStackVis=0 dockedStackVis=0, fullscreenStackBounds=Rect(0, 0 - 0, 0), dockedStackBounds=Rect(0, 0 - 0, 0)",HIT,0,0.700626
1120,setLightsOn(true),HIT,0,0.700893
1121,"setSystemUiVisibility vis=0 mask=1 oldVal=40000500 newVal=40000500 diff=0 fullscreenStackVis=0 dockedStackVis=0, fullscreenStackBounds=Rect(0, 0 - 0, 0), dockedStackBounds=Rect(0, 0 - 0, 0)",HIT,0,0.701160
1122,HBM brightnessIn =38,MISS,0,0.700535
1123,HBM brightnessOut =38,MISS,0,0.699911
1124,"Animating brightness: target=38, rate=200",MISS,0,0.699288
1125,"Taking screenshot from Surface with crop:[Rect(0, 48 - 720, 1208)], width:[432], height:[696], minLayer:[21000], maxLayer:[21080], inRotation:[false], rot:[0]",MISS,0,0.698667
1126,The change in focus caused us to need to do a layout begin,MISS,0,0.698046
1127,The change in focus caused us to need to do a layout end,MISS,0,0.697427
1128,"setSystemUiVisibility vis=708 mask=ffffffff oldVal=40000500 newVal=708 diff=40000208 fullscreenStackVis=0 dockedStackVis=0, fullscreenStackBounds=Rect(0, 0 - 720, 1280), dockedStackBounds=Rect(0, 0 - 0, 0)",MISS,0,0.696809
1129,cancelAutohide,MISS,0,0.696191
1130,"notifyUiVisibilityChanged:vis=0x708, SystemUiVisibility=0x708",MISS,0,0.695575
1131,"updateClipping isOverlap:false, getTopPadding=333.0, Translation=0.0",HIT,0,0.695844
1132,updateDimmedActivatedHideSensitive overlap:false,HIT,0,0.696113
1133,"Skipping, withExcluded: false, tr.intent:Intent { flg=0x10804000 cmp=com.android.systemui/.recents.RecentsActivity bnds=[264,444][920,908] }",MISS,0,0.695499
1134,"Skipping, withExcluded: false, tr.intent:Intent { act=android.intent.action.MAIN flg=0x10840000 cmp=com.android.incallui/.InCallActivity (has extras) }",MISS,0,0.694885
1135,"Skipping, withExcluded: false, tr.intent:Intent { flg=0x18800000 cmp=com.tencent.mm/.plugin.base.stub.WXEntryActivity (has extras) }",MISS,0,0.694273
1136,"Skipping, withExcluded: false, tr.intent:Intent { flg=0x10800000 cmp=com.tencent.qqmusic/.business.lockscreen.LockScreenActivity (has extras) }",MISS,0,0.693662
1137,"Skipping, withExcluded: false, tr.intent:Intent { act=com.android.contacts.action.CHOOSE_SUB dat=tel:xxxxxxxxxxx flg=0x10808000 cmp=com.android.contacts/.ChooseSubActivity (has extras) }",MISS,0,0.693052
1138,"Skipping, withExcluded: false, tr.intent:Intent { act=android.intent.action.VIEW dat=file:///storage/emulated/0/Tencent/QQfile_recv/b.apk typ=application/vnd.android.package-archive flg=0x10800000 cmp=com.android.packageinstaller/.PackageInstallerActivity (has extras) }",MISS,0,0.692443
1139,"getRecentTasks: num=20,flags=62,totalTasks=46",MISS,0,0.691835
1140,getRecentTasks: topActivity=ComponentInfo{com.tencent.mobileqq/com.tencent.mobileqq.activity.SplashActivity},MISS,0,0.691228
1141,"Skipping, withExcluded: false, tr.intent:Intent { flg=0x10804000 cmp=com.android.systemui/.recents.RecentsActivity bnds=[264,444][920,908] }",HIT,0,0.691499
1142,"Skipping, withExcluded: false, tr.intent:Intent { act=android.intent.action.MAIN flg=0x10840000 cmp=com.android.incallui/.InCallActivity (has extras) }",HIT,0,0.691769
1143,"Skipping, withExcluded: false, tr.intent:Intent { flg=0x18800000 cmp=com.tencent.mm/.plugin.base.stub.WXEntryActivity (has extras) }",HIT,0,0.692038
1144,"getRecentTasks: num=10,flags=62,totalTasks=46",MISS,0,0.691434
1145,getRecentTasks: topActivity=ComponentInfo{com.tencent.mobileqq/com.tencent.mobileqq.activity.SplashActivity},HIT,0,0.691703
1146,"setSystemUiVisibility vis=c0000700 mask=ffffffff oldVal=708 newVal=c0000700 diff=c0000008 fullscreenStackVis=0 dockedStackVis=0, fullscreenStackBounds=Rect(0, 0 - 720, 1280), dockedStackBounds=Rect(0, 0 - 0, 0)",MISS,0,0.691099
1147,cancelAutohide,HIT,0,0.691369
1148,"notifyUiVisibilityChanged:vis=0xc0000700, SystemUiVisibility=0xc0000700",MISS,0,0.690767
1149,"release:lock=189667585, flg=0x0, tag=""*launch*"", name=android"", ws=WorkSource{10057}, uid=1000, pid=1702",MISS,0,0.690165
1150,"ready=true,policy=3,wakefulness=1,wksummary=0x0,uasummary=0x1,bootcompleted=true,boostinprogress=false,waitmodeenable=false,mode=false,manual=38,auto=-1,adj=0.0userId=0",HIT,0,0.690435
1151,"Releasing suspend blocker ""PowerManagerService.WakeLocks"".",MISS,0,0.689835
1152,shouldBlockLocation running ...,HIT,0,0.690104
1153,shouldBlockLocation  ret:false,HIT,0,0.690373
1154,getRunningAppProcesses: caller 10027 does not hold REAL_GET_TASKS; limiting output,MISS,0,0.689775
1155,getTasks: caller 10111 does not hold REAL_GET_TASKS; limiting output,MISS,0,0.689177
1156,"ActivityManagerService,attachApplication,callingPid = 13094",MISS,0,0.688581
1157,getTasks: caller 10111 does not hold REAL_GET_TASKS; limiting output,HIT,0,0.688850
1158,shouldBlockLocation running ...,HIT,0,0.689119
1159,shouldBlockLocation  ret:false,HIT,0,0.689387
1160,Destroying surface Surface(name=com.tencent.mobileqq/com.tencent.mobileqq.activity.SplashActivity) called by com.android.server.wm.WindowStateAnimator.destroySurface:2060 com.android.server.wm.WindowStateAnimator.destroySurfaceLocked:913 com.android.server.wm.WindowState.destroyOrSaveSurface:2201 com.android.server.wm.AppWindowToken.destroySurfaces:374 com.android.server.wm.AppWindowToken.notifyAppStopped:400 com.android.server.wm.WindowManagerService.notifyAppStopped:4869 com.android.server.am.ActivityStack.activityStoppedLocked:1393 com.android.server.am.ActivityManagerService.activityStopped:7690,MISS,0,0.688793
1161,getRunningAppProcesses: caller 10111 does not hold REAL_GET_TASKS; limiting output,HIT,0,0.689061
1162,getRunningAppProcesses: caller 10027 does not hold REAL_GET_TASKS; limiting output,HIT,0,0.689329
1163,getRunningAppProcesses: caller 10027 does not hold REAL_GET_TASKS; limiting output,HIT,0,0.689596
1164,getRunningAppProcesses: caller 10027 does not hold REAL_GET_TASKS; limiting output,HIT,0,0.689863
1165,shouldBlockLocation running ...,HIT,0,0.690129
1166,shouldBlockLocation  ret:false,HIT,0,0.690395
1167,"ready=true,policy=3,wakefulness=1,wksummary=0x1,uasummary=0x1,bootcompleted=true,boostinprogress=false,waitmodeenable=false,mode=false,manual=38,auto=-1,adj=0.0userId=0",HIT,0,0.690660
1168,"Acquiring suspend blocker ""PowerManagerService.WakeLocks"".",HIT,0,0.690925
1169,"ready=true,policy=3,wakefulness=1,wksummary=0x0,uasummary=0x1,bootcompleted=true,boostinprogress=false,waitmodeenable=false,mode=false,manual=38,auto=-1,adj=0.0userId=0",HIT,0,0.691189
1170,"Releasing suspend blocker ""PowerManagerService.WakeLocks"".",HIT,0,0.691453
1171,"ready=true,policy=3,wakefulness=1,wksummary=0x1,uasummary=0x1,bootcompleted=true,boostinprogress=false,waitmodeenable=false,mode=false,manual=38,auto=-1,adj=0.0userId=0",HIT,0,0.691716
1172,"Acquiring suspend blocker ""PowerManagerService.WakeLocks"".",HIT,0,0.691980
1173,"ready=true,policy=3,wakefulness=1,wksummary=0x0,uasummary=0x1,bootcompleted=true,boostinprogress=false,waitmodeenable=false,mode=false,manual=38,auto=-1,adj=0.0userId=0",HIT,0,0.692242
1174,"Releasing suspend blocker ""PowerManagerService.WakeLocks"".",HIT,0,0.692504
1175,shouldBlockLocation running ...,HIT,0,0.692766
1176,shouldBlockLocation  ret:false,HIT,0,0.693027
1177,getRunningAppProcesses: caller 10027 does not hold REAL_GET_TASKS; limiting output,HIT,0,0.693288
1178,getRunningAppProcesses: caller 10027 does not hold REAL_GET_TASKS; limiting output,HIT,0,0.693548
1179,shouldBlockLocation running ...,HIT,0,0.693808
1180,shouldBlockLocation  ret:false,HIT,0,0.694068
1181,shouldBlockLocation running ...,HIT,0,0.694327
1182,shouldBlockLocation  ret:false,HIT,0,0.694585
1183,getRunningAppProcesses: caller 10027 does not hold REAL_GET_TASKS; limiting output,HIT,0,0.694844
1184,stopWifiDisplayScanLocked record.mWifiDisplayScanRequested=false,MISS,0,0.694257
1185,stopWifiDisplayScanLocked mWifiDisplayScanRequestCount=0,MISS,0,0.693671
1186,cleanUpApplicationRecord -- 13094,MISS,0,0.693086
1187,"cleanUpApplicationRecordLocked, pid: 13094, restart: false",MISS,0,0.692502
1188,"cleanUpApplicationRecordLocked, reset pid: 13094, euid: 0",MISS,0,0.691919
1189,shouldBlockLocation running ...,HIT,0,0.692178
1190,shouldBlockLocation  ret:false,HIT,0,0.692437
1191,HBM brightnessIn =38,HIT,0,0.692695
1192,HBM brightnessOut =38,HIT,0,0.692953
1193,"Animating brightness: target=38, rate=200",HIT,0,0.693210
1194,HBM brightnessIn =38,HIT,0,0.693467
1195,HBM brightnessOut =38,HIT,0,0.693724
1196,"Animating brightness: target=38, rate=200",HIT,0,0.693980
1197,HBM brightnessIn =38,HIT,0,0.694236
1198,HBM brightnessOut =38,HIT,0,0.694491
1199,"Animating brightness: target=38, rate=200",HIT,0,0.694746
1200,shouldBlockLocation running ...,HIT,0,0.695000
1201,shouldBlockLocation  ret:false,HIT,0,0.695254
1202,HBM brightnessIn =38,HIT,0,0.695507
1203,HBM brightnessOut =38,HIT,0,0.695761
1204,"Animating brightness: target=38, rate=200",HIT,0,0.696013
1205,HBM brightnessIn =38,HIT,0,0.696266
1206,HBM brightnessOut =38,HIT,0,0.696517
1207,"Animating brightness: target=38, rate=200",HIT,0,0.696769
1208,HBM brightnessIn =38,HIT,0,0.697020
1209,HBM brightnessOut =38,HIT,0,0.697270
1210,"Animating brightness: target=38, rate=200",HIT,0,0.697521
1211,getTasks: caller 10111 does not hold REAL_GET_TASKS; limiting output,HIT,0,0.697770
1212,HBM brightnessIn =38,HIT,0,0.698020
1213,HBM brightnessOut =38,HIT,0,0.698269
1214,"Animating brightness: target=38, rate=200",HIT,0,0.698517
1215,HBM brightnessIn =38,HIT,0,0.698765
1216,HBM brightnessOut =38,HIT,0,0.699013
1217,"Animating brightness: target=38, rate=200",HIT,0,0.699260
1218,HBM brightnessIn =38,HIT,0,0.699507
1219,HBM brightnessOut =38,HIT,0,0.699754
1220,"Animating brightness: target=38, rate=200",HIT,0,0.700000
1221,HBM brightnessIn =38,HIT,0,0.700246
1222,HBM brightnessOut =38,HIT,0,0.700491
1223,"Animating brightness: target=38, rate=200",HIT,0,0.700736
1224,getTasks: caller 10111 does not hold REAL_GET_TASKS; limiting output,HIT,0,0.700980
1225,"cancelNotificationWithTag pid 28601,uid = 10111,tag = null,pkg =com.tencent.mobileqq,id =121",MISS,0,0.700408
1226,"cancelNotification,index:-1",MISS,0,0.699837
1227,"cancelNotificationWithTag pid 28601,uid = 10111,tag = null,pkg =com.tencent.mobileqq,id =119",MISS,0,0.699267
1228,"cancelNotification,index:-1",HIT,0,0.699511
1229,enqueueNotificationInternal: pkg=com.tencent.mobileqq id=121 notification=Notification(pri=1 contentView=null vibrate=[100] sound=null tick defaults=0x0 flags=0x11 color=0x00000000 vis=PRIVATE),MISS,0,0.698942
1230,enqueueNotificationInternal: n.getKey = 0|com.tencent.mobileqq|121|null|10111,MISS,0,0.698374
1231,getRingerMode...,MISS,0,0.697807
1232,"updateLightsLocked,mInCall =false,mScreenOn = true,ledNotification == null?false",MISS,0,0.697240
1233,"updateLightsLocked,turn off notificationLight",MISS,0,0.696675
1234,addNotification key=0|com.tencent.mobileqq|121|null|10111,MISS,0,0.696110
1235,mHeadsUpExistenceChangedRunnable,MISS,0,0.695547
1236,disable: < expand ICONS* alerts SYSTEM_INFO* back home recent clock navigationbar search quick_settings >,MISS,0,0.694984
1237,suspendAutohide,HIT,0,0.695230
1238,"updateNotificationShade: total=0, active=0",MISS,0,0.694669
1239,removeNotificationChildren,MISS,0,0.694108
1240,"updateNotificationShade: total=1, active=1",MISS,0,0.693548
1241,removeNotificationChildren,HIT,0,0.693795
1242,Marking notification as seen 0|com.tencent.mobileqq|121|null|10111,MISS,0,0.693237
1243,onNotificationExpansionChanged called,MISS,0,0.692679
1244,"updateClipping isOverlap:false, getTopPadding=333.0, Translation=-429.0",MISS,0,0.692122
1245,updateDimmedActivatedHideSensitive overlap:false,MISS,0,0.691566
1246,"updateClipping isOverlap:false, getTopPadding=333.0, Translation=-497.0",MISS,0,0.691011
1247,updateDimmedActivatedHideSensitive overlap:false,HIT,0,0.691259
1248,getRunningAppProcesses: caller 10091 does not hold REAL_GET_TASKS; limiting output,MISS,0,0.690705
1249,"updateClipping isOverlap:false, getTopPadding=333.0, Translation=-497.0",HIT,0,0.690953
1250,updateDimmedActivatedHideSensitive overlap:false,HIT,0,0.691200
1251,logNotificationVisibilityChanges runInThread start,MISS,0,0.690647
1252,onNotificationVisibilityChanged called,MISS,0,0.690096
1253,logNotificationVisibilityChanges runInThread over,MISS,0,0.689545
1254,HBM brightnessIn =38,HIT,0,0.689793
1255,HBM brightnessOut =38,HIT,0,0.690040
1256,"Animating brightness: target=38, rate=200",HIT,0,0.690287
1257,"userActivityNoUpdateLocked: eventTime=261961476, event=2, flags=0x0, uid=1000",MISS,0,0.689737
1258,"ready=true,policy=3,wakefulness=1,wksummary=0x0,uasummary=0x1,bootcompleted=true,boostinprogress=false,waitmodeenable=false,mode=false,manual=38,auto=-1,adj=0.0userId=0",HIT,0,0.689984
1259,playSoundEffect   effectType: 0,MISS,0,0.689436
1260,querySoundEffectsEnabled...,MISS,0,0.688889
1261,"START u0 {act=android.intent.action.MAIN cat=[android.intent.category.LAUNCHER] flg=0x10200000 cmp=com.example.android.notepad/.NotePadActivity bnds=[8,820][184,1011]} from uid 10057 on display 0",MISS,0,0.688343
1262,"ActivityRecord info: ActivityInfo{f39182 com.example.android.notepad.NotePadActivity}, euid: 0",MISS,0,0.687797
1263,"acquire lock=189667585, flags=0x1, tag=""*launch*"", name=android, ws=WorkSource{10020}, uid=1000, pid=1702",MISS,0,0.687253
1264,"ready=true,policy=3,wakefulness=1,wksummary=0x1,uasummary=0x1,bootcompleted=true,boostinprogress=false,waitmodeenable=false,mode=false,manual=38,auto=-1,adj=0.0userId=0",MISS,0,0.686709
1265,"Acquiring suspend blocker ""PowerManagerService.WakeLocks"".",HIT,0,0.686957
1266,"rotationForOrientationLw(orient=-1, last=0); user=0 USER_ROTATION_LOCKED",MISS,0,0.686414
1267,"Application requested orientation -1, got rotation 0 which has compatible metrics",MISS,0,0.685872
1268,The change in focus caused us to need to do a layout begin,HIT,0,0.686120
1269,The change in focus caused us to need to do a layout end,HIT,0,0.686367
1270,"setSystemUiVisibility vis=80000608 mask=ffffffff oldVal=c0000700 newVal=80000608 diff=40000108 fullscreenStackVis=0 dockedStackVis=0, fullscreenStackBounds=Rect(0, 0 - 720, 1280), dockedStackBounds=Rect(0, 0 - 0, 0)",MISS,0,0.685827
1271,cancelAutohide,HIT,0,0.686074
1272,"notifyUiVisibilityChanged:vis=0x80000608, SystemUiVisibility=0x80000608",MISS,0,0.685535
1273,"Skipping, withExcluded: false, tr.intent:Intent { flg=0x10804000 cmp=com.android.systemui/.recents.RecentsActivity bnds=[264,444][920,908] }",HIT,0,0.685782
1274,"Skipping, withExcluded: false, tr.intent:Intent { act=android.intent.action.MAIN flg=0x10840000 cmp=com.android.incallui/.InCallActivity (has extras) }",HIT,0,0.686028
1275,"Skipping, withExcluded: false, tr.intent:Intent { flg=0x18800000 cmp=com.tencent.mm/.plugin.base.stub.WXEntryActivity (has extras) }",HIT,0,0.686275
1276,"Skipping, withExcluded: false, tr.intent:Intent { flg=0x10800000 cmp=com.tencent.qqmusic/.business.lockscreen.LockScreenActivity (has extras) }",HIT,0,0.686520
1277,"Skipping, withExcluded: false, tr.intent:Intent { act=com.android.contacts.action.CHOOSE_SUB dat=tel:xxxxxxxxxxx flg=0x10808000 cmp=com.android.contacts/.ChooseSubActivity (has extras) }",HIT,0,0.686766
1278,"Skipping, withExcluded: false, tr.intent:Intent { act=android.intent.action.VIEW dat=file:///storage/emulated/0/Tencent/QQfile_recv/b.apk typ=application/vnd.android.package-archive flg=0x10800000 cmp=com.android.packageinstaller/.PackageInstallerActivity (has extras) }",HIT,0,0.687011
1279,"getRecentTasks: num=20,flags=62,totalTasks=46",HIT,0,0.687256
1280,getRecentTasks: topActivity=ComponentInfo{com.example.android.notepad/com.example.android.notepad.NoteEditor},MISS,0,0.686719
1281,"Skipping, withExcluded: false, tr.intent:Intent { flg=0x10804000 cmp=com.android.systemui/.recents.RecentsActivity bnds=[264,444][920,908] }",HIT,0,0.686963
1282,"Skipping, withExcluded: false, tr.intent:Intent { act=android.intent.action.MAIN flg=0x10840000 cmp=com.android.incallui/.InCallActivity (has extras) }",HIT,0,0.687207
1283,"Skipping, withExcluded: false, tr.intent:Intent { flg=0x18800000 cmp=com.tencent.mm/.plugin.base.stub.WXEntryActivity (has extras) }",HIT,0,0.687451
1284,"getRecentTasks: num=10,flags=62,totalTasks=46",HIT,0,0.687695
1285,getRecentTasks: topActivity=ComponentInfo{com.example.android.notepad/com.example.android.notepad.NoteEditor},HIT,0,0.687938
1286,"setSystemUiVisibility vis=40000600 mask=ffffffff oldVal=80000608 newVal=40000600 diff=c0000008 fullscreenStackVis=0 dockedStackVis=0, fullscreenStackBounds=Rect(0, 0 - 720, 1280), dockedStackBounds=Rect(0, 0 - 0, 0)",MISS,0,0.687403
1287,cancelAutohide,HIT,0,0.687646
1288,"notifyUiVisibilityChanged:vis=0x40000600, SystemUiVisibility=0x40000600",MISS,0,0.687112
1289,"release:lock=189667585, flg=0x0, tag=""*launch*"", name=android"", ws=WorkSource{10020}, uid=1000, pid=1702",MISS,0,0.686579
1290,"ready=true,policy=3,wakefulness=1,wksummary=0x0,uasummary=0x1,bootcompleted=true,boostinprogress=false,waitmodeenable=false,mode=false,manual=38,auto=-1,adj=0.0userId=0",HIT,0,0.686822
1291,"Releasing suspend blocker ""PowerManagerService.WakeLocks"".",HIT,0,0.687064
1292,"userActivityNoUpdateLocked: eventTime=261963848, event=2, flags=0x0, uid=1000",MISS,0,0.686533
1293,"ready=true,policy=3,wakefulness=1,wksummary=0x0,uasummary=0x1,bootcompleted=true,boostinprogress=false,waitmodeenable=false,mode=false,manual=38,auto=-1,adj=0.0userId=0",HIT,0,0.686775
1294,"updateNotificationShade: total=1, active=1",HIT,0,0.687017
1295,removeNotificationChildren,HIT,0,0.687259
1296,"overlapAmount:164.0, previousNotificationEnd:0.0, newYTranslation:-164.0, location:4, i:0, getTopPadding:333.0, getLocationOnScreen():-497",MISS,0,0.686728
1297,"state.clipTopAmount:148, i:0",MISS,0,0.686199
1298,"updateClipping isOverlap:true, getTopPadding=333.0, Translation=-497.0",MISS,0,0.685670
1299,updateDimmedActivatedHideSensitive overlap:true,MISS,0,0.685142
1300,"ACTIVITY check resid: com.example.android.notepad, size=0",MISS,0,0.684615
1301,mHeadsUpExistenceChangedRunnable,HIT,0,0.684858
1302,"updateNotificationShade: total=1, active=1",HIT,0,0.685100
1303,removeNotificationChildren,HIT,0,0.685342
1304,"overlapAmount:220.0, previousNotificationEnd:0.0, newYTranslation:-220.0, location:4, i:0, getTopPadding:333.0, getLocationOnScreen():-553",MISS,0,0.684816
1305,"state.clipTopAmount:204, i:0",MISS,0,0.684291
1306,"updateClipping isOverlap:true, getTopPadding=333.0, Translation=-553.0",MISS,0,0.683767
1307,updateDimmedActivatedHideSensitive overlap:true,HIT,0,0.684009
1308,makeExpandedInvisible: mExpandedVisible=true,MISS,0,0.683486
1309,closeQs,HIT,0,0.683728
1310,cancelPeek: false,HIT,0,0.683969
1311,instantCollapse,HIT,0,0.684211
1312,cancelPeek: false,HIT,0,0.684451
1313,closeQs,HIT,0,0.684692
1314,logNotificationVisibilityChanges runInThread start,HIT,0,0.684932
1315,onNotificationVisibilityChanged called,HIT,0,0.685171
1316,resumeSuspendedAutohide,HIT,0,0.685410
1317,disable: < expand icons* alerts system_info* back home recent clock navigationbar search quick_settings >,MISS,0,0.684890
1318,logNotificationVisibilityChanges runInThread over,HIT,0,0.685129
1319,"updateClipping isOverlap:false, getTopPadding=333.0, Translation=-24.0",MISS,0,0.684610
1320,updateDimmedActivatedHideSensitive overlap:false,HIT,0,0.684848
1321,"userActivityNoUpdateLocked: eventTime=261967011, event=2, flags=0x0, uid=1000",MISS,0,0.684330
1322,"ready=true,policy=3,wakefulness=1,wksummary=0x0,uasummary=0x1,bootcompleted=true,boostinprogress=false,waitmodeenable=false,mode=false,manual=38,auto=-1,adj=0.0userId=0",HIT,0,0.684569
1323,Destroying surface Surface(name=PopupWindow:6ac503e) called by com.android.server.wm.WindowStateAnimator.destroySurface:2060 com.android.server.wm.WindowStateAnimator.destroySurfaceLocked:913 com.android.server.wm.WindowState.destroyOrSaveSurface:2201 com.android.server.wm.AppWindowToken.destroySurfaces:374 com.android.server.wm.WindowStateAnimator.finishExit:590 com.android.server.wm.WindowStateAnimator.stepAnimationLocked:516 com.android.server.wm.WindowAnimator.updateWindowsLocked:311 com.android.server.wm.WindowAnimator.animateLocked:738,MISS,0,0.684051
1324,getRunningAppProcesses: caller 10113 does not hold REAL_GET_TASKS; limiting output,MISS,0,0.683535
1325,"userActivityNoUpdateLocked: eventTime=261968328, event=2, flags=0x0, uid=1000",MISS,0,0.683019
1326,"ready=true,policy=3,wakefulness=1,wksummary=0x0,uasummary=0x1,bootcompleted=true,boostinprogress=false,waitmodeenable=false,mode=false,manual=38,auto=-1,adj=0.0userId=0",HIT,0,0.683258
1327,"userActivityNoUpdateLocked: eventTime=261968928, event=2, flags=0x0, uid=1000",MISS,0,0.682743
1328,"ready=true,policy=3,wakefulness=1,wksummary=0x0,uasummary=0x1,bootcompleted=true,boostinprogress=false,waitmodeenable=false,mode=false,manual=38,auto=-1,adj=0.0userId=0",HIT,0,0.682982
1329,"userActivityNoUpdateLocked: eventTime=261969446, event=2, flags=0x0, uid=1000",MISS,0,0.682468
1330,"ready=true,policy=3,wakefulness=1,wksummary=0x0,uasummary=0x1,bootcompleted=true,boostinprogress=false,waitmodeenable=false,mode=false,manual=38,auto=-1,adj=0.0userId=0",HIT,0,0.682707
1331,getRunningAppProcesses: caller 10113 does not hold REAL_GET_TASKS; limiting output,HIT,0,0.682945
1332,HBM brightnessIn =38,HIT,0,0.683183
1333,HBM brightnessOut =38,HIT,0,0.683421
1334,"Animating brightness: target=38, rate=200",HIT,0,0.683658
1335,HBM brightnessIn =38,HIT,0,0.683895
1336,HBM brightnessOut =38,HIT,0,0.684132
1337,"Animating brightness: target=38, rate=200",HIT,0,0.684368
1338,HBM brightnessIn =38,HIT,0,0.684604
1339,HBM brightnessOut =38,HIT,0,0.684839
1340,"Animating brightness: target=38, rate=200",HIT,0,0.685075
1341,"userActivityNoUpdateLocked: eventTime=261970966, event=2, flags=0x0, uid=1000",MISS,0,0.684564
1342,"ready=true,policy=3,wakefulness=1,wksummary=0x0,uasummary=0x1,bootcompleted=true,boostinprogress=false,waitmodeenable=false,mode=false,manual=38,auto=-1,adj=0.0userId=0",MISS,0,0.684054
1343,playSoundEffect   effectType: 0,HIT,0,0.684289
1344,querySoundEffectsEnabled...,HIT,0,0.684524
1345,Destroying surface Surface(name=PopupWindow:317e46) called by com.android.server.wm.WindowStateAnimator.destroySurface:2060 com.android.server.wm.WindowStateAnimator.destroySurfaceLocked:913 com.android.server.wm.WindowState.removeLocked:1554 com.android.server.wm.WindowManagerService.removeWindowInnerLocked:2739 com.android.server.wm.WindowManagerService.removeWindowInnerLocked:2702 com.android.server.wm.WindowManagerService.removeWindowLocked:2691 com.android.server.wm.WindowManagerService.removeWindowLocked:2560 com.android.server.wm.WindowManagerService.removeWindow:2555,MISS,0,0.684015
1346,"ActivityManagerService,attachApplication,callingPid = 13175",MISS,0,0.683507
1347,Destroying surface Surface(name=InputMethod) called by com.android.server.wm.WindowStateAnimator.destroySurface:2060 com.android.server.wm.WindowStateAnimator.destroySurfaceLocked:913 com.android.server.wm.WindowState.destroyOrSaveSurface:2201 com.android.server.wm.WindowSurfacePlacer.performSurfacePlacementInner:517 com.android.server.wm.WindowSurfacePlacer.performSurfacePlacementLoop:291 com.android.server.wm.WindowSurfacePlacer.performSurfacePlacement:233 com.android.server.wm.WindowManagerService$H.handleMessage:8670 android.os.Handler.dispatchMessage:105,HIT,0,0.683742
1348,"ACTIVITY check resid: com.example.android.notepad, size=1",MISS,0,0.683234
1349,"setSystemUiVisibility vis=40000000 mask=ffffffff oldVal=40000600 newVal=40000000 diff=600 fullscreenStackVis=0 dockedStackVis=0, fullscreenStackBounds=Rect(0, 0 - 720, 1280), dockedStackBounds=Rect(0, 0 - 0, 0)",MISS,0,0.682728
1350,"notifyUiVisibilityChanged:vis=0x40000000, SystemUiVisibility=0x40000000",MISS,0,0.682222
1351,"setSystemUiVisibility vis=40000600 mask=ffffffff oldVal=40000000 newVal=40000600 diff=600 fullscreenStackVis=0 dockedStackVis=0, fullscreenStackBounds=Rect(0, 0 - 720, 1280), dockedStackBounds=Rect(0, 0 - 0, 0)",MISS,0,0.681717
1352,"notifyUiVisibilityChanged:vis=0x40000600, SystemUiVisibility=0x40000600",HIT,0,0.681953
1353,"userActivityNoUpdateLocked: eventTime=261972153, event=2, flags=0x0, uid=1000",MISS,0,0.681449
1354,"ready=true,policy=3,wakefulness=1,wksummary=0x0,uasummary=0x1,bootcompleted=true,boostinprogress=false,waitmodeenable=false,mode=false,manual=38,auto=-1,adj=0.0userId=0",HIT,0,0.681684
1355,suspendAutohide,MISS,0,0.681181
1356,interceptKeyTq keycode=3 interactive=true keyguardActive=false policyFlags=2b000002 down true canceled false,HIT,0,0.681416
1357,"interceptKeyBeforeQueueing: key 3 , result : 1",HIT,0,0.681651
1358,"userActivityNoUpdateLocked: eventTime=261972159, event=1, flags=0x0, uid=1000",MISS,0,0.681149
1359,"ready=true,policy=3,wakefulness=1,wksummary=0x0,uasummary=0x1,bootcompleted=true,boostinprogress=false,waitmodeenable=false,mode=false,manual=38,auto=-1,adj=0.0userId=0",HIT,0,0.681383
1360,resumeSuspendedAutohide,MISS,0,0.680882
1361,"userActivityNoUpdateLocked: eventTime=261972223, event=0, flags=0x0, uid=1000",MISS,0,0.680382
1362,"ready=true,policy=3,wakefulness=1,wksummary=0x0,uasummary=0x1,bootcompleted=true,boostinprogress=false,waitmodeenable=false,mode=false,manual=38,auto=-1,adj=0.0userId=0",HIT,0,0.680617
1363,interceptKeyTq keycode=3 interactive=true keyguardActive=false policyFlags=2b000002 down false canceled false,HIT,0,0.680851
1364,"interceptKeyBeforeQueueing: key 3 , result : 1",MISS,0,0.680352
1365,querySoundEffectsEnabled...,HIT,0,0.680586
1366,"animateCollapsePanels:flags=0, force=false, delayed=false, mExpandedVisible=false",HIT,0,0.680820
1367,"userActivityNoUpdateLocked: eventTime=261972262, event=0, flags=0x0, uid=1000",MISS,0,0.680322
1368,"ready=true,policy=3,wakefulness=1,wksummary=0x0,uasummary=0x1,bootcompleted=true,boostinprogress=false,waitmodeenable=false,mode=false,manual=38,auto=-1,adj=0.0userId=0",HIT,0,0.680556
1369,closeQs,HIT,0,0.680789
1370,cancelPeek: false,HIT,0,0.681022
1371,instantCollapse,HIT,0,0.681255
1372,cancelPeek: false,HIT,0,0.681487
1373,"acquire lock=189667585, flags=0x1, tag=""*launch*"", name=android, ws=WorkSource{10057}, uid=1000, pid=1702",HIT,0,0.681719
1374,"ready=true,policy=3,wakefulness=1,wksummary=0x1,uasummary=0x1,bootcompleted=true,boostinprogress=false,waitmodeenable=false,mode=false,manual=38,auto=-1,adj=0.0userId=0",HIT,0,0.681951
1375,"Acquiring suspend blocker ""PowerManagerService.WakeLocks"".",HIT,0,0.682182
1376,"rotationForOrientationLw(orient=1, last=0); user=0 USER_ROTATION_LOCKED",MISS,0,0.681686
1377,"Application requested orientation 1, got rotation 0 which has compatible metrics",MISS,0,0.681191
1378,"Taking screenshot from Surface with crop:[Rect(0, 48 - 720, 1208)], width:[432], height:[696], minLayer:[21080], maxLayer:[21085], inRotation:[false], rot:[0]",MISS,0,0.680697
1379,The change in focus caused us to need to do a layout begin,HIT,0,0.680928
1380,The change in focus caused us to need to do a layout end,HIT,0,0.681159
1381,"setSystemUiVisibility vis=708 mask=ffffffff oldVal=40000600 newVal=708 diff=40000108 fullscreenStackVis=0 dockedStackVis=0, fullscreenStackBounds=Rect(0, 0 - 720, 1280), dockedStackBounds=Rect(0, 0 - 0, 0)",MISS,0,0.680666
1382,cancelAutohide,HIT,0,0.680897
1383,"notifyUiVisibilityChanged:vis=0x708, SystemUiVisibility=0x708",HIT,0,0.681128
1384,"updateClipping isOverlap:false, getTopPadding=333.0, Translation=-24.0",HIT,0,0.681358
1385,updateDimmedActivatedHideSensitive overlap:false,HIT,0,0.681588
1386,"Skipping, withExcluded: false, tr.intent:Intent { flg=0x10804000 cmp=com.android.systemui/.recents.RecentsActivity bnds=[264,444][920,908] }",HIT,0,0.681818
1387,"Skipping, withExcluded: false, tr.intent:Intent { act=android.intent.action.MAIN flg=0x10840000 cmp=com.android.incallui/.InCallActivity (has extras) }",HIT,0,0.682048
1388,"Skipping, withExcluded: false, tr.intent:Intent { flg=0x18800000 cmp=com.tencent.mm/.plugin.base.stub.WXEntryActivity (has extras) }",HIT,0,0.682277
1389,"Skipping, withExcluded: false, tr.intent:Intent { flg=0x10800000 cmp=com.tencent.qqmusic/.business.lockscreen.LockScreenActivity (has extras) }",HIT,0,0.682505
1390,"Skipping, withExcluded: false, tr.intent:Intent { act=com.android.contacts.action.CHOOSE_SUB dat=tel:xxxxxxxxxxx flg=0x10808000 cmp=com.android.contacts/.ChooseSubActivity (has extras) }",HIT,0,0.682734
1391,"Skipping, withExcluded: false, tr.intent:Intent { act=android.intent.action.VIEW dat=file:///storage/emulated/0/Tencent/QQfile_recv/b.apk typ=application/vnd.android.package-archive flg=0x10800000 cmp=com.android.packageinstaller/.PackageInstallerActivity (has extras) }",HIT,0,0.682962
1392,"getRecentTasks: num=20,flags=62,totalTasks=46",HIT,0,0.683190
1393,getRecentTasks: topActivity=ComponentInfo{com.example.android.notepad/com.example.android.notepad.NoteEditor},HIT,0,0.683417
1394,"Skipping, withExcluded: false, tr.intent:Intent { flg=0x10804000 cmp=com.android.systemui/.recents.RecentsActivity bnds=[264,444][920,908] }",HIT,0,0.683644
1395,"Skipping, withExcluded: false, tr.intent:Intent { act=android.intent.action.MAIN flg=0x10840000 cmp=com.android.incallui/.InCallActivity (has extras) }",HIT,0,0.683871
1396,"Skipping, withExcluded: false, tr.intent:Intent { flg=0x18800000 cmp=com.tencent.mm/.plugin.base.stub.WXEntryActivity (has extras) }",HIT,0,0.684097
1397,"getRecentTasks: num=10,flags=62,totalTasks=46",HIT,0,0.684324
1398,getRecentTasks: topActivity=ComponentInfo{com.example.android.notepad/com.example.android.notepad.NoteEditor},HIT,0,0.684549
1399,getTasks: caller 10020 does not hold REAL_GET_TASKS; limiting output,MISS,0,0.684060
1400,"setSystemUiVisibility vis=c0000700 mask=ffffffff oldVal=708 newVal=c0000700 diff=c0000008 fullscreenStackVis=0 dockedStackVis=0, fullscreenStackBounds=Rect(0, 0 - 720, 1280), dockedStackBounds=Rect(0, 0 - 0, 0)",HIT,0,0.684286
1401,cancelAutohide,HIT,0,0.684511
1402,"notifyUiVisibilityChanged:vis=0xc0000700, SystemUiVisibility=0xc0000700",HIT,0,0.684736
1403,getTasks: caller 10020 does not hold REAL_GET_TASKS; limiting output,HIT,0,0.684961
1404,"release:lock=189667585, flg=0x0, tag=""*launch*"", name=android"", ws=WorkSource{10057}, uid=1000, pid=1702",HIT,0,0.685185
1405,"ready=true,policy=3,wakefulness=1,wksummary=0x0,uasummary=0x1,bootcompleted=true,boostinprogress=false,waitmodeenable=false,mode=false,manual=38,auto=-1,adj=0.0userId=0",HIT,0,0.685409
1406,"Releasing suspend blocker ""PowerManagerService.WakeLocks"".",HIT,0,0.685633
1407,Destroying surface Surface(name=com.example.android.notepad/com.example.android.notepad.NoteEditor) called by com.android.server.wm.WindowStateAnimator.destroySurface:2060 com.android.server.wm.WindowStateAnimator.destroySurfaceLocked:913 com.android.server.wm.WindowState.destroyOrSaveSurface:2201 com.android.server.wm.AppWindowToken.destroySurfaces:374 com.android.server.wm.AppWindowToken.notifyAppStopped:400 com.android.server.wm.WindowManagerService.notifyAppStopped:4869 com.android.server.am.ActivityStack.activityStoppedLocked:1393 com.android.server.am.ActivityManagerService.activityStopped:7690,MISS,0,0.685146
1408,Destroying surface Surface(name=com.example.android.notepad/com.example.android.notepad.NoteEditor) called by com.android.server.wm.WindowStateAnimator.destroySurface:2060 com.android.server.wm.WindowStateAnimator.destroySurfaceLocked:913 com.android.server.wm.WindowState.destroyOrSaveSurface:2201 com.android.server.wm.AppWindowToken.destroySurfaces:374 com.android.server.wm.AppWindowToken.notifyAppStopped:400 com.android.server.wm.WindowManagerService.notifyAppStopped:4869 com.android.server.am.ActivityStack.activityStoppedLocked:1393 com.android.server.am.ActivityManagerService.activityStopped:7690,HIT,0,0.685369
1409,getTasks: caller 10020 does not hold REAL_GET_TASKS; limiting output,HIT,0,0.685593
1410,getTasks: caller 10020 does not hold REAL_GET_TASKS; limiting output,HIT,0,0.685816
1411,getRingerMode...,HIT,0,0.686038
1412,"userActivityNoUpdateLocked: eventTime=261973289, event=2, flags=0x0, uid=1000",MISS,0,0.685552
1413,suspendAutohide,HIT,0,0.685775
1414,"ready=true,policy=3,wakefulness=1,wksummary=0x0,uasummary=0x1,bootcompleted=true,boostinprogress=false,waitmodeenable=false,mode=false,manual=38,auto=-1,adj=0.0userId=0",HIT,0,0.685997
1415,interceptKeyTq keycode=3 interactive=true keyguardActive=false policyFlags=2b000002 down true canceled false,MISS,0,0.685512
1416,"interceptKeyBeforeQueueing: key 3 , result : 1",HIT,0,0.685734
1417,"userActivityNoUpdateLocked: eventTime=261973293, event=1, flags=0x0, uid=1000",MISS,0,0.685251
1418,"ready=true,policy=3,wakefulness=1,wksummary=0x0,uasummary=0x1,bootcompleted=true,boostinprogress=false,waitmodeenable=false,mode=false,manual=38,auto=-1,adj=0.0userId=0",HIT,0,0.685472
1419,resumeSuspendedAutohide,HIT,0,0.685694
1420,"userActivityNoUpdateLocked: eventTime=261973328, event=0, flags=0x0, uid=1000",MISS,0,0.685211
1421,"ready=true,policy=3,wakefulness=1,wksummary=0x0,uasummary=0x1,bootcompleted=true,boostinprogress=false,waitmodeenable=false,mode=false,manual=38,auto=-1,adj=0.0userId=0",HIT,0,0.685433
1422,interceptKeyTq keycode=3 interactive=true keyguardActive=false policyFlags=2b000002 down false canceled false,MISS,0,0.684951
1423,"interceptKeyBeforeQueueing: key 3 , result : 1",HIT,0,0.685172
1424,querySoundEffectsEnabled...,HIT,0,0.685393
1425,"userActivityNoUpdateLocked: eventTime=261973352, event=0, flags=0x0, uid=1000",MISS,0,0.684912
1426,"ready=true,policy=3,wakefulness=1,wksummary=0x0,uasummary=0x1,bootcompleted=true,boostinprogress=false,waitmodeenable=false,mode=false,manual=38,auto=-1,adj=0.0userId=0",HIT,0,0.685133
1427,"animateCollapsePanels:flags=0, force=false, delayed=false, mExpandedVisible=false",MISS,0,0.684653
1428,closeQs,MISS,0,0.684174
1429,cancelPeek: false,MISS,0,0.683695
1430,instantCollapse,MISS,0,0.683217
1431,cancelPeek: false,HIT,0,0.683438
1432,"userActivityNoUpdateLocked: eventTime=261973840, event=2, flags=0x0, uid=1000",MISS,0,0.682961
1433,"ready=true,policy=3,wakefulness=1,wksummary=0x0,uasummary=0x1,bootcompleted=true,boostinprogress=false,waitmodeenable=false,mode=false,manual=38,auto=-1,adj=0.0userId=0",HIT,0,0.683182
1434,playSoundEffect   effectType: 0,HIT,0,0.683403
1435,querySoundEffectsEnabled...,HIT,0,0.683624
1436,"START u0 {act=android.intent.action.MAIN cat=[android.intent.category.LAUNCHER] flg=0x10200000 cmp=com.tencent.mobileqq/.activity.SplashActivity bnds=[360,820][536,1011]} from uid 10057 on display 0",MISS,0,0.683148
1437,"ActivityRecord info: ActivityInfo{71e60ba com.tencent.mobileqq.activity.SplashActivity}, euid: 0",MISS,0,0.682672
1438,"acquire lock=189667585, flags=0x1, tag=""*launch*"", name=android, ws=WorkSource{10111}, uid=1000, pid=1702",MISS,0,0.682197
1439,"ready=true,policy=3,wakefulness=1,wksummary=0x1,uasummary=0x1,bootcompleted=true,boostinprogress=false,waitmodeenable=false,mode=false,manual=38,auto=-1,adj=0.0userId=0",HIT,0,0.682418
1440,"Acquiring suspend blocker ""PowerManagerService.WakeLocks"".",MISS,0,0.681944
1441,The change in focus caused us to need to do a layout begin,MISS,0,0.681471
1442,The change in focus caused us to need to do a layout end,MISS,0,0.680999
1443,"updateClipping isOverlap:false, getTopPadding=333.0, Translation=-24.0",HIT,0,0.681220
1444,updateDimmedActivatedHideSensitive overlap:false,HIT,0,0.681440
1445,"setSystemUiVisibility vis=80000508 mask=ffffffff oldVal=c0000700 newVal=80000508 diff=40000208 fullscreenStackVis=0 dockedStackVis=0, fullscreenStackBounds=Rect(0, 0 - 720, 1280), dockedStackBounds=Rect(0, 0 - 0, 0)",MISS,0,0.680969
1446,cancelAutohide,MISS,0,0.680498
1447,"notifyUiVisibilityChanged:vis=0x80000508, SystemUiVisibility=0x80000508",MISS,0,0.680028
1448,setLightsOn(true),MISS,0,0.679558
1449,"setSystemUiVisibility vis=0 mask=1 oldVal=80000508 newVal=80000508 diff=0 fullscreenStackVis=0 dockedStackVis=0, fullscreenStackBounds=Rect(0, 0 - 0, 0), dockedStackBounds=Rect(0, 0 - 0, 0)",MISS,0,0.679089
1450,"Skipping, withExcluded: false, tr.intent:Intent { flg=0x10804000 cmp=com.android.systemui/.recents.RecentsActivity bnds=[264,444][920,908] }",MISS,0,0.678621
1451,"Skipping, withExcluded: false, tr.intent:Intent { act=android.intent.action.MAIN flg=0x10840000 cmp=com.android.incallui/.InCallActivity (has extras) }",MISS,0,0.678153
1452,"Skipping, withExcluded: false, tr.intent:Intent { flg=0x18800000 cmp=com.tencent.mm/.plugin.base.stub.WXEntryActivity (has extras) }",MISS,0,0.677686
1453,"Skipping, withExcluded: false, tr.intent:Intent { flg=0x10800000 cmp=com.tencent.qqmusic/.business.lockscreen.LockScreenActivity (has extras) }",MISS,0,0.677220
1454,"Skipping, withExcluded: false, tr.intent:Intent { act=com.android.contacts.action.CHOOSE_SUB dat=tel:xxxxxxxxxxx flg=0x10808000 cmp=com.android.contacts/.ChooseSubActivity (has extras) }",MISS,0,0.676754
1455,"Skipping, withExcluded: false, tr.intent:Intent { act=android.intent.action.VIEW dat=file:///storage/emulated/0/Tencent/QQfile_recv/b.apk typ=application/vnd.android.package-archive flg=0x10800000 cmp=com.android.packageinstaller/.PackageInstallerActivity (has extras) }",MISS,0,0.676289
1456,"getRecentTasks: num=20,flags=62,totalTasks=46",MISS,0,0.675824
1457,getRecentTasks: topActivity=ComponentInfo{com.tencent.mobileqq/com.tencent.mobileqq.activity.SplashActivity},MISS,0,0.675360
1458,"Skipping, withExcluded: false, tr.intent:Intent { flg=0x10804000 cmp=com.android.systemui/.recents.RecentsActivity bnds=[264,444][920,908] }",HIT,0,0.675583
1459,"Skipping, withExcluded: false, tr.intent:Intent { act=android.intent.action.MAIN flg=0x10840000 cmp=com.android.incallui/.InCallActivity (has extras) }",HIT,0,0.675805
1460,"Skipping, withExcluded: false, tr.intent:Intent { flg=0x18800000 cmp=com.tencent.mm/.plugin.base.stub.WXEntryActivity (has extras) }",HIT,0,0.676027
1461,"getRecentTasks: num=10,flags=62,totalTasks=46",MISS,0,0.675565
1462,getRecentTasks: topActivity=ComponentInfo{com.tencent.mobileqq/com.tencent.mobileqq.activity.SplashActivity},HIT,0,0.675787
1463,setLightsOn(true),HIT,0,0.676008
1464,"setSystemUiVisibility vis=0 mask=1 oldVal=80000508 newVal=80000508 diff=0 fullscreenStackVis=0 dockedStackVis=0, fullscreenStackBounds=Rect(0, 0 - 0, 0), dockedStackBounds=Rect(0, 0 - 0, 0)",HIT,0,0.676230
1465,"cancelNotificationWithTag pid 28601,uid = 10111,tag = null,pkg =com.tencent.mobileqq,id =121",HIT,0,0.676451
1466,"cancelNotification,index:0",MISS,0,0.675989
1467,"cancelNotification,cancelNotificationLocked,callingUid = 10111,callingPid = 28601",MISS,0,0.675528
1468,"cancelNotificationLocked called,tell the app,reason = 8",MISS,0,0.675068
1469,cancelNotificationLocked:0|com.tencent.mobileqq|121|null|10111,MISS,0,0.674609
1470,"cancelNotificationWithTag pid 28601,uid = 10111,tag = null,pkg =com.tencent.mobileqq,id =119",HIT,0,0.674830
1471,"cancelNotificationLocked,remove =com.tencent.mobileqq",MISS,0,0.674371
1472,"cancelNotificationWithTag pid 28601,uid = 10111,tag = null,pkg =com.tencent.mobileqq,id =122",MISS,0,0.673913
1473,"updateLightsLocked,mInCall =false,mScreenOn = true,ledNotification == null?true",MISS,0,0.673456
1474,"updateLightsLocked,turn off notificationLight",HIT,0,0.673677
1475,"cancelNotification,index:-1",MISS,0,0.673220
1476,"cancelNotification,index:-1",HIT,0,0.673442
1477,"setSystemUiVisibility vis=40000500 mask=ffffffff oldVal=80000508 newVal=40000500 diff=c0000008 fullscreenStackVis=0 dockedStackVis=0, fullscreenStackBounds=Rect(0, 0 - 720, 1280), dockedStackBounds=Rect(0, 0 - 0, 0)",MISS,0,0.672986
1478,cancelAutohide,HIT,0,0.673207
1479,"notifyUiVisibilityChanged:vis=0x40000500, SystemUiVisibility=0x40000500",MISS,0,0.672752
1480,"cancelNotificationWithTag pid 28601,uid = 10111,tag = null,pkg =com.tencent.mobileqq,id =123",MISS,0,0.672297
1481,"cancelNotificationWithTag pid 28601,uid = 10111,tag = null,pkg =com.tencent.mobileqq,id =129",MISS,0,0.671843
1482,"cancelNotification,index:-1",HIT,0,0.672065
1483,"cancelNotification,index:-1",HIT,0,0.672286
1484,"cancelNotificationWithTag pid 28601,uid = 10111,tag = null,pkg =com.tencent.mobileqq,id =135",MISS,0,0.671833
1485,"cancelNotification,index:-1",HIT,0,0.672054
1486,"cancelNotificationWithTag pid 28601,uid = 10111,tag = null,pkg =com.tencent.mobileqq,id =140",MISS,0,0.671602
1487,"cancelNotification,index:-1",HIT,0,0.671822
1488,shouldBlockLocation running ...,MISS,0,0.671371
1489,setLightsOn(true),HIT,0,0.671592
1490,"setSystemUiVisibility vis=0 mask=1 oldVal=40000500 newVal=40000500 diff=0 fullscreenStackVis=0 dockedStackVis=0, fullscreenStackBounds=Rect(0, 0 - 0, 0), dockedStackBounds=Rect(0, 0 - 0, 0)",MISS,0,0.671141
1491,removeNotification:0|com.tencent.mobileqq|121|null|10111,MISS,0,0.670691
1492,"updateNotificationShade: total=0, active=0",MISS,0,0.670241
1493,"cancelNotificationWithTag pid 28601,uid = 10111,tag = null,pkg =com.tencent.mobileqq,id =144",MISS,0,0.669792
1494,"cancelNotification,index:-1",HIT,0,0.670013
1495,removeNotificationChildren,MISS,0,0.669565
1496,"animateCollapsePanels:flags=0, force=false, delayed=false, mExpandedVisible=false",HIT,0,0.669786
1497,closeQs,HIT,0,0.670007
1498,cancelPeek: false,HIT,0,0.670227
1499,instantCollapse,HIT,0,0.670447
1500,cancelPeek: false,HIT,0,0.670667
1501,"release:lock=189667585, flg=0x0, tag=""*launch*"", name=android"", ws=WorkSource{10111}, uid=1000, pid=1702",MISS,0,0.670220
1502,"ready=true,policy=3,wakefulness=1,wksummary=0x0,uasummary=0x1,bootcompleted=true,boostinprogress=false,waitmodeenable=false,mode=false,manual=38,auto=-1,adj=0.0userId=0",HIT,0,0.670439
1503,"Releasing suspend blocker ""PowerManagerService.WakeLocks"".",MISS,0,0.669993
1504,"updateClipping isOverlap:false, getTopPadding=333.0, Translation=0.0",MISS,0,0.669548
1505,updateDimmedActivatedHideSensitive overlap:false,MISS,0,0.669103
1506,setLightsOn(true),HIT,0,0.669323
1507,"setSystemUiVisibility vis=0 mask=1 oldVal=40000500 newVal=40000500 diff=0 fullscreenStackVis=0 dockedStackVis=0, fullscreenStackBounds=Rect(0, 0 - 0, 0), dockedStackBounds=Rect(0, 0 - 0, 0)",HIT,0,0.669542
1508,setLightsOn(true),HIT,0,0.669761
1509,"setSystemUiVisibility vis=0 mask=1 oldVal=40000500 newVal=40000500 diff=0 fullscreenStackVis=0 dockedStackVis=0, fullscreenStackBounds=Rect(0, 0 - 0, 0), dockedStackBounds=Rect(0, 0 - 0, 0)",HIT,0,0.669980
1510,"cancelNotificationWithTag pid 28601,uid = 10111,tag = null,pkg =com.tencent.mobileqq,id =193",MISS,0,0.669536
1511,"cancelNotification,index:-1",HIT,0,0.669755
1512,shouldBlockLocation  ret:true,MISS,0,0.669312
1513,getAllCellInfo is blocked by permission manager . callingPackage = com.tencent.mobileqq,MISS,0,0.668870
1514,setLightsOn(true),HIT,0,0.669089
1515,"setSystemUiVisibility vis=0 mask=1 oldVal=40000500 newVal=40000500 diff=0 fullscreenStackVis=0 dockedStackVis=0, fullscreenStackBounds=Rect(0, 0 - 0, 0), dockedStackBounds=Rect(0, 0 - 0, 0)",HIT,0,0.669307
1516,setLightsOn(true),HIT,0,0.669525
1517,"setSystemUiVisibility vis=0 mask=1 oldVal=40000500 newVal=40000500 diff=0 fullscreenStackVis=0 dockedStackVis=0, fullscreenStackBounds=Rect(0, 0 - 0, 0), dockedStackBounds=Rect(0, 0 - 0, 0)",HIT,0,0.669743
1518,setLightsOn(true),HIT,0,0.669960
1519,"setSystemUiVisibility vis=0 mask=1 oldVal=40000500 newVal=40000500 diff=0 fullscreenStackVis=0 dockedStackVis=0, fullscreenStackBounds=Rect(0, 0 - 0, 0), dockedStackBounds=Rect(0, 0 - 0, 0)",HIT,0,0.670178
1520,getTasks: caller 10111 does not hold REAL_GET_TASKS; limiting output,MISS,0,0.669737
1521,getTasks: caller 10111 does not hold REAL_GET_TASKS; limiting output,HIT,0,0.669954
1522,isMusicActive...,MISS,0,0.669514
1523,"userActivityNoUpdateLocked: eventTime=261975077, event=2, flags=0x0, uid=1000",MISS,0,0.669074
1524,"ready=true,policy=3,wakefulness=1,wksummary=0x0,uasummary=0x1,bootcompleted=true,boostinprogress=false,waitmodeenable=false,mode=false,manual=38,auto=-1,adj=0.0userId=0",HIT,0,0.669291
1525,playSoundEffect   effectType: 0,MISS,0,0.668852
1526,querySoundEffectsEnabled...,MISS,0,0.668414
1527,setLightsOn(true),HIT,0,0.668631
1528,"setSystemUiVisibility vis=0 mask=1 oldVal=40000500 newVal=40000500 diff=0 fullscreenStackVis=0 dockedStackVis=0, fullscreenStackBounds=Rect(0, 0 - 0, 0), dockedStackBounds=Rect(0, 0 - 0, 0)",HIT,0,0.668848
1529,HBM brightnessIn =38,MISS,0,0.668411
1530,HBM brightnessOut =38,MISS,0,0.667974
1531,"Animating brightness: target=38, rate=200",MISS,0,0.667538
1532,HBM brightnessIn =38,HIT,0,0.667755
1533,HBM brightnessOut =38,HIT,0,0.667971
1534,"Animating brightness: target=38, rate=200",HIT,0,0.668188
1535,shouldBlockLocation running ...,HIT,0,0.668404
1536,shouldBlockLocation  ret:true,HIT,0,0.668620
1537,getAllCellInfo is blocked by permission manager . callingPackage = com.tencent.mobileqq,HIT,0,0.668835
1538,shouldBlockLocation running ...,HIT,0,0.669051
1539,shouldBlockLocation  ret:true,HIT,0,0.669266
1540,getCellLocation is blocked by permission manager uid:10111 pid:28601,MISS,0,0.668831
1541,getRunningAppProcesses: caller 10111 does not hold REAL_GET_TASKS; limiting output,MISS,0,0.668397
1542,HBM brightnessIn =38,HIT,0,0.668612
1543,HBM brightnessOut =38,HIT,0,0.668827
1544,"Animating brightness: target=38, rate=200",HIT,0,0.669041
1545,"userActivityNoUpdateLocked: eventTime=261976180, event=2, flags=0x0, uid=1000",MISS,0,0.668608
1546,"ready=true,policy=3,wakefulness=1,wksummary=0x0,uasummary=0x1,bootcompleted=true,boostinprogress=false,waitmodeenable=false,mode=false,manual=38,auto=-1,adj=0.0userId=0",HIT,0,0.668823
1547,HBM brightnessIn =38,HIT,0,0.669037
1548,HBM brightnessOut =38,HIT,0,0.669251
1549,"Animating brightness: target=38, rate=200",HIT,0,0.669464
1550,setLightsOn(true),HIT,0,0.669677
1551,"setSystemUiVisibility vis=0 mask=1 oldVal=40000500 newVal=40000500 diff=0 fullscreenStackVis=0 dockedStackVis=0, fullscreenStackBounds=Rect(0, 0 - 0, 0), dockedStackBounds=Rect(0, 0 - 0, 0)",HIT,0,0.669890
1552,setLightsOn(true),HIT,0,0.670103
1553,"setSystemUiVisibility vis=0 mask=1 oldVal=40000500 newVal=40000500 diff=0 fullscreenStackVis=0 dockedStackVis=0, fullscreenStackBounds=Rect(0, 0 - 0, 0), dockedStackBounds=Rect(0, 0 - 0, 0)",HIT,0,0.670316
1554,setLightsOn(true),HIT,0,0.670528
1555,"setSystemUiVisibility vis=0 mask=1 oldVal=40000500 newVal=40000500 diff=0 fullscreenStackVis=0 dockedStackVis=0, fullscreenStackBounds=Rect(0, 0 - 0, 0), dockedStackBounds=Rect(0, 0 - 0, 0)",HIT,0,0.670740
1556,setLightsOn(true),HIT,0,0.670951
1557,"setSystemUiVisibility vis=0 mask=1 oldVal=40000500 newVal=40000500 diff=0 fullscreenStackVis=0 dockedStackVis=0, fullscreenStackBounds=Rect(0, 0 - 0, 0), dockedStackBounds=Rect(0, 0 - 0, 0)",HIT,0,0.671162
1558,setLightsOn(true),HIT,0,0.671374
1559,"setSystemUiVisibility vis=0 mask=1 oldVal=40000500 newVal=40000500 diff=0 fullscreenStackVis=0 dockedStackVis=0, fullscreenStackBounds=Rect(0, 0 - 0, 0), dockedStackBounds=Rect(0, 0 - 0, 0)",HIT,0,0.671584
1560,setLightsOn(true),HIT,0,0.671795
1561,"setSystemUiVisibility vis=0 mask=1 oldVal=40000500 newVal=40000500 diff=0 fullscreenStackVis=0 dockedStackVis=0, fullscreenStackBounds=Rect(0, 0 - 0, 0), dockedStackBounds=Rect(0, 0 - 0, 0)",HIT,0,0.672005
1562,setLightsOn(true),HIT,0,0.672215
1563,"setSystemUiVisibility vis=0 mask=1 oldVal=40000500 newVal=40000500 diff=0 fullscreenStackVis=0 dockedStackVis=0, fullscreenStackBounds=Rect(0, 0 - 0, 0), dockedStackBounds=Rect(0, 0 - 0, 0)",HIT,0,0.672425
1564,setLightsOn(true),HIT,0,0.672634
1565,"setSystemUiVisibility vis=0 mask=1 oldVal=40000500 newVal=40000500 diff=0 fullscreenStackVis=0 dockedStackVis=0, fullscreenStackBounds=Rect(0, 0 - 0, 0), dockedStackBounds=Rect(0, 0 - 0, 0)",HIT,0,0.672843
1566,setLightsOn(true),HIT,0,0.673052
1567,"setSystemUiVisibility vis=0 mask=1 oldVal=40000500 newVal=40000500 diff=0 fullscreenStackVis=0 dockedStackVis=0, fullscreenStackBounds=Rect(0, 0 - 0, 0), dockedStackBounds=Rect(0, 0 - 0, 0)",HIT,0,0.673261
1568,setLightsOn(true),HIT,0,0.673469
1569,"setSystemUiVisibility vis=0 mask=1 oldVal=40000500 newVal=40000500 diff=0 fullscreenStackVis=0 dockedStackVis=0, fullscreenStackBounds=Rect(0, 0 - 0, 0), dockedStackBounds=Rect(0, 0 - 0, 0)",HIT,0,0.673678
1570,setLightsOn(true),HIT,0,0.673885
1571,"setSystemUiVisibility vis=0 mask=1 oldVal=40000500 newVal=40000500 diff=0 fullscreenStackVis=0 dockedStackVis=0, fullscreenStackBounds=Rect(0, 0 - 0, 0), dockedStackBounds=Rect(0, 0 - 0, 0)",HIT,0,0.674093
1572,setLightsOn(true),HIT,0,0.674300
1573,"setSystemUiVisibility vis=0 mask=1 oldVal=40000500 newVal=40000500 diff=0 fullscreenStackVis=0 dockedStackVis=0, fullscreenStackBounds=Rect(0, 0 - 0, 0), dockedStackBounds=Rect(0, 0 - 0, 0)",HIT,0,0.674507
1574,setLightsOn(true),HIT,0,0.674714
1575,"setSystemUiVisibility vis=0 mask=1 oldVal=40000500 newVal=40000500 diff=0 fullscreenStackVis=0 dockedStackVis=0, fullscreenStackBounds=Rect(0, 0 - 0, 0), dockedStackBounds=Rect(0, 0 - 0, 0)",HIT,0,0.674921
1576,setLightsOn(true),HIT,0,0.675127
1577,"setSystemUiVisibility vis=0 mask=1 oldVal=40000500 newVal=40000500 diff=0 fullscreenStackVis=0 dockedStackVis=0, fullscreenStackBounds=Rect(0, 0 - 0, 0), dockedStackBounds=Rect(0, 0 - 0, 0)",HIT,0,0.675333
1578,setLightsOn(true),HIT,0,0.675539
1579,"setSystemUiVisibility vis=0 mask=1 oldVal=40000500 newVal=40000500 diff=0 fullscreenStackVis=0 dockedStackVis=0, fullscreenStackBounds=Rect(0, 0 - 0, 0), dockedStackBounds=Rect(0, 0 - 0, 0)",HIT,0,0.675744
1580,setLightsOn(true),HIT,0,0.675949
1581,"setSystemUiVisibility vis=0 mask=1 oldVal=40000500 newVal=40000500 diff=0 fullscreenStackVis=0 dockedStackVis=0, fullscreenStackBounds=Rect(0, 0 - 0, 0), dockedStackBounds=Rect(0, 0 - 0, 0)",HIT,0,0.676154
1582,"userActivityNoUpdateLocked: eventTime=261976915, event=2, flags=0x0, uid=1000",MISS,0,0.675727
1583,"ready=true,policy=3,wakefulness=1,wksummary=0x0,uasummary=0x1,bootcompleted=true,boostinprogress=false,waitmodeenable=false,mode=false,manual=38,auto=-1,adj=0.0userId=0",HIT,0,0.675932
1584,setLightsOn(true),HIT,0,0.676136
1585,"setSystemUiVisibility vis=0 mask=1 oldVal=40000500 newVal=40000500 diff=0 fullscreenStackVis=0 dockedStackVis=0, fullscreenStackBounds=Rect(0, 0 - 0, 0), dockedStackBounds=Rect(0, 0 - 0, 0)",HIT,0,0.676341
1586,setLightsOn(true),HIT,0,0.676545
1587,"setSystemUiVisibility vis=0 mask=1 oldVal=40000500 newVal=40000500 diff=0 fullscreenStackVis=0 dockedStackVis=0, fullscreenStackBounds=Rect(0, 0 - 0, 0), dockedStackBounds=Rect(0, 0 - 0, 0)",HIT,0,0.676749
1588,setLightsOn(true),HIT,0,0.676952
1589,"setSystemUiVisibility vis=0 mask=1 oldVal=40000500 newVal=40000500 diff=0 fullscreenStackVis=0 dockedStackVis=0, fullscreenStackBounds=Rect(0, 0 - 0, 0), dockedStackBounds=Rect(0, 0 - 0, 0)",HIT,0,0.677155
1590,setLightsOn(true),HIT,0,0.677358
1591,"setSystemUiVisibility vis=0 mask=1 oldVal=40000500 newVal=40000500 diff=0 fullscreenStackVis=0 dockedStackVis=0, fullscreenStackBounds=Rect(0, 0 - 0, 0), dockedStackBounds=Rect(0, 0 - 0, 0)",HIT,0,0.677561
1592,setLightsOn(true),HIT,0,0.677764
1593,"setSystemUiVisibility vis=0 mask=1 oldVal=40000500 newVal=40000500 diff=0 fullscreenStackVis=0 dockedStackVis=0, fullscreenStackBounds=Rect(0, 0 - 0, 0), dockedStackBounds=Rect(0, 0 - 0, 0)",HIT,0,0.677966
1594,setLightsOn(true),HIT,0,0.678168
1595,"setSystemUiVisibility vis=0 mask=1 oldVal=40000500 newVal=40000500 diff=0 fullscreenStackVis=0 dockedStackVis=0, fullscreenStackBounds=Rect(0, 0 - 0, 0), dockedStackBounds=Rect(0, 0 - 0, 0)",HIT,0,0.678370
1596,shouldBlockLocation running ...,HIT,0,0.678571
1597,shouldBlockLocation  ret:true,HIT,0,0.678773
1598,getAllCellInfo is blocked by permission manager . callingPackage = com.tencent.mobileqq,HIT,0,0.678974
1599,"userActivityNoUpdateLocked: eventTime=261977717, event=2, flags=0x0, uid=1000",MISS,0,0.678549
1600,"ready=true,policy=3,wakefulness=1,wksummary=0x0,uasummary=0x1,bootcompleted=true,boostinprogress=false,waitmodeenable=false,mode=false,manual=38,auto=-1,adj=0.0userId=0",HIT,0,0.678750
1601,setLightsOn(true),HIT,0,0.678951
1602,"setSystemUiVisibility vis=0 mask=1 oldVal=40000500 newVal=40000500 diff=0 fullscreenStackVis=0 dockedStackVis=0, fullscreenStackBounds=Rect(0, 0 - 0, 0), dockedStackBounds=Rect(0, 0 - 0, 0)",HIT,0,0.679151
1603,"userActivityNoUpdateLocked: eventTime=261978352, event=2, flags=0x0, uid=1000",MISS,0,0.678727
1604,"ready=true,policy=3,wakefulness=1,wksummary=0x0,uasummary=0x1,bootcompleted=true,boostinprogress=false,waitmodeenable=false,mode=false,manual=38,auto=-1,adj=0.0userId=0",HIT,0,0.678928
1605,getRunningAppProcesses: caller 10113 does not hold REAL_GET_TASKS; limiting output,HIT,0,0.679128
1606,getRunningAppProcesses: caller 10113 does not hold REAL_GET_TASKS; limiting output,HIT,0,0.679328
1607,"userActivityNoUpdateLocked: eventTime=261979355, event=2, flags=0x0, uid=1000",MISS,0,0.678905
1608,"ready=true,policy=3,wakefulness=1,wksummary=0x0,uasummary=0x1,bootcompleted=true,boostinprogress=false,waitmodeenable=false,mode=false,manual=38,auto=-1,adj=0.0userId=0",HIT,0,0.679104
1609,setLightsOn(true),HIT,0,0.679304
1610,"setSystemUiVisibility vis=0 mask=1 oldVal=40000500 newVal=40000500 diff=0 fullscreenStackVis=0 dockedStackVis=0, fullscreenStackBounds=Rect(0, 0 - 0, 0), dockedStackBounds=Rect(0, 0 - 0, 0)",HIT,0,0.679503
1611,setLightsOn(true),HIT,0,0.679702
1612,"setSystemUiVisibility vis=0 mask=1 oldVal=40000500 newVal=40000500 diff=0 fullscreenStackVis=0 dockedStackVis=0, fullscreenStackBounds=Rect(0, 0 - 0, 0), dockedStackBounds=Rect(0, 0 - 0, 0)",HIT,0,0.679901
1613,setLightsOn(true),HIT,0,0.680099
1614,"setSystemUiVisibility vis=0 mask=1 oldVal=40000500 newVal=40000500 diff=0 fullscreenStackVis=0 dockedStackVis=0, fullscreenStackBounds=Rect(0, 0 - 0, 0), dockedStackBounds=Rect(0, 0 - 0, 0)",HIT,0,0.680297
1615,getRunningAppProcesses: caller 10111 does not hold REAL_GET_TASKS; limiting output,HIT,0,0.680495
1616,getTasks: caller 10111 does not hold REAL_GET_TASKS; limiting output,HIT,0,0.680693
1617,setLightsOn(true),HIT,0,0.680891
1618,"setSystemUiVisibility vis=0 mask=1 oldVal=40000500 newVal=40000500 diff=0 fullscreenStackVis=0 dockedStackVis=0, fullscreenStackBounds=Rect(0, 0 - 0, 0), dockedStackBounds=Rect(0, 0 - 0, 0)",HIT,0,0.681088
1619,"userActivityNoUpdateLocked: eventTime=261980307, event=2, flags=0x0, uid=1000",MISS,0,0.680667
1620,"ready=true,policy=3,wakefulness=1,wksummary=0x0,uasummary=0x1,bootcompleted=true,boostinprogress=false,waitmodeenable=false,mode=false,manual=38,auto=-1,adj=0.0userId=0",HIT,0,0.680864
1621,setLightsOn(true),HIT,0,0.681061
1622,"setSystemUiVisibility vis=0 mask=1 oldVal=40000500 newVal=40000500 diff=0 fullscreenStackVis=0 dockedStackVis=0, fullscreenStackBounds=Rect(0, 0 - 0, 0), dockedStackBounds=Rect(0, 0 - 0, 0)",HIT,0,0.681258
1623,setLightsOn(true),HIT,0,0.681454
1624,"setSystemUiVisibility vis=0 mask=1 oldVal=40000500 newVal=40000500 diff=0 fullscreenStackVis=0 dockedStackVis=0, fullscreenStackBounds=Rect(0, 0 - 0, 0), dockedStackBounds=Rect(0, 0 - 0, 0)",HIT,0,0.681650
1625,isMusicActive...,HIT,0,0.681846
1626,setLightsOn(true),HIT,0,0.682042
1627,"setSystemUiVisibility vis=0 mask=1 oldVal=40000500 newVal=40000500 diff=0 fullscreenStackVis=0 dockedStackVis=0, fullscreenStackBounds=Rect(0, 0 - 0, 0), dockedStackBounds=Rect(0, 0 - 0, 0)",HIT,0,0.682237
1628,setLightsOn(true),HIT,0,0.682432
1629,"setSystemUiVisibility vis=0 mask=1 oldVal=40000500 newVal=40000500 diff=0 fullscreenStackVis=0 dockedStackVis=0, fullscreenStackBounds=Rect(0, 0 - 0, 0), dockedStackBounds=Rect(0, 0 - 0, 0)",HIT,0,0.682627
1630,setLightsOn(true),HIT,0,0.682822
1631,"setSystemUiVisibility vis=0 mask=1 oldVal=40000500 newVal=40000500 diff=0 fullscreenStackVis=0 dockedStackVis=0, fullscreenStackBounds=Rect(0, 0 - 0, 0), dockedStackBounds=Rect(0, 0 - 0, 0)",HIT,0,0.683017
1632,setLightsOn(true),HIT,0,0.683211
1633,"setSystemUiVisibility vis=0 mask=1 oldVal=40000500 newVal=40000500 diff=0 fullscreenStackVis=0 dockedStackVis=0, fullscreenStackBounds=Rect(0, 0 - 0, 0), dockedStackBounds=Rect(0, 0 - 0, 0)",HIT,0,0.683405
1634,"userActivityNoUpdateLocked: eventTime=261980925, event=2, flags=0x0, uid=1000",MISS,0,0.682987
1635,"ready=true,policy=3,wakefulness=1,wksummary=0x0,uasummary=0x1,bootcompleted=true,boostinprogress=false,waitmodeenable=false,mode=false,manual=38,auto=-1,adj=0.0userId=0",HIT,0,0.683180
1636,setLightsOn(true),HIT,0,0.683374
1637,"setSystemUiVisibility vis=0 mask=1 oldVal=40000500 newVal=40000500 diff=0 fullscreenStackVis=0 dockedStackVis=0, fullscreenStackBounds=Rect(0, 0 - 0, 0), dockedStackBounds=Rect(0, 0 - 0, 0)",HIT,0,0.683568
1638,setLightsOn(true),HIT,0,0.683761
1639,"setSystemUiVisibility vis=0 mask=1 oldVal=40000500 newVal=40000500 diff=0 fullscreenStackVis=0 dockedStackVis=0, fullscreenStackBounds=Rect(0, 0 - 0, 0), dockedStackBounds=Rect(0, 0 - 0, 0)",HIT,0,0.683954
1640,"userActivityNoUpdateLocked: eventTime=261981426, event=2, flags=0x0, uid=1000",MISS,0,0.683537
1641,"ready=true,policy=3,wakefulness=1,wksummary=0x0,uasummary=0x1,bootcompleted=true,boostinprogress=false,waitmodeenable=false,mode=false,manual=38,auto=-1,adj=0.0userId=0",HIT,0,0.683729
1642,setLightsOn(true),HIT,0,0.683922
1643,"setSystemUiVisibility vis=0 mask=1 oldVal=40000500 newVal=40000500 diff=0 fullscreenStackVis=0 dockedStackVis=0, fullscreenStackBounds=Rect(0, 0 - 0, 0), dockedStackBounds=Rect(0, 0 - 0, 0)",HIT,0,0.684114
1644,"userActivityNoUpdateLocked: eventTime=261982379, event=2, flags=0x0, uid=1000",MISS,0,0.683698
1645,"ready=true,policy=3,wakefulness=1,wksummary=0x0,uasummary=0x1,bootcompleted=true,boostinprogress=false,waitmodeenable=false,mode=false,manual=38,auto=-1,adj=0.0userId=0",HIT,0,0.683891
1646,HBM brightnessIn =38,HIT,0,0.684083
1647,HBM brightnessOut =38,HIT,0,0.684274
1648,"Animating brightness: target=38, rate=200",HIT,0,0.684466
1649,setLightsOn(true),HIT,0,0.684657
1650,"setSystemUiVisibility vis=0 mask=1 oldVal=40000500 newVal=40000500 diff=0 fullscreenStackVis=0 dockedStackVis=0, fullscreenStackBounds=Rect(0, 0 - 0, 0), dockedStackBounds=Rect(0, 0 - 0, 0)",HIT,0,0.684848
1651,setLightsOn(true),HIT,0,0.685039
1652,"setSystemUiVisibility vis=0 mask=1 oldVal=40000500 newVal=40000500 diff=0 fullscreenStackVis=0 dockedStackVis=0, fullscreenStackBounds=Rect(0, 0 - 0, 0), dockedStackBounds=Rect(0, 0 - 0, 0)",HIT,0,0.685230
1653,HBM brightnessIn =38,HIT,0,0.685420
1654,HBM brightnessOut =38,HIT,0,0.685611
1655,"Animating brightness: target=38, rate=200",HIT,0,0.685801
1656,"userActivityNoUpdateLocked: eventTime=261983047, event=2, flags=0x0, uid=1000",MISS,0,0.685386
1657,"ready=true,policy=3,wakefulness=1,wksummary=0x0,uasummary=0x1,bootcompleted=true,boostinprogress=false,waitmodeenable=false,mode=false,manual=38,auto=-1,adj=0.0userId=0",HIT,0,0.685576
1658,setLightsOn(true),HIT,0,0.685766
1659,"setSystemUiVisibility vis=0 mask=1 oldVal=40000500 newVal=40000500 diff=0 fullscreenStackVis=0 dockedStackVis=0, fullscreenStackBounds=Rect(0, 0 - 0, 0), dockedStackBounds=Rect(0, 0 - 0, 0)",HIT,0,0.685955
1660,setLightsOn(true),HIT,0,0.686145
1661,"setSystemUiVisibility vis=0 mask=1 oldVal=40000500 newVal=40000500 diff=0 fullscreenStackVis=0 dockedStackVis=0, fullscreenStackBounds=Rect(0, 0 - 0, 0), dockedStackBounds=Rect(0, 0 - 0, 0)",HIT,0,0.686334
1662,HBM brightnessIn =38,HIT,0,0.686522
1663,HBM brightnessOut =38,HIT,0,0.686711
1664,"Animating brightness: target=38, rate=200",HIT,0,0.686899
1665,setLightsOn(true),HIT,0,0.687087
1666,"setSystemUiVisibility vis=0 mask=1 oldVal=40000500 newVal=40000500 diff=0 fullscreenStackVis=0 dockedStackVis=0, fullscreenStackBounds=Rect(0, 0 - 0, 0), dockedStackBounds=Rect(0, 0 - 0, 0)",HIT,0,0.687275
1667,setLightsOn(true),HIT,0,0.687463
1668,"setSystemUiVisibility vis=0 mask=1 oldVal=40000500 newVal=40000500 diff=0 fullscreenStackVis=0 dockedStackVis=0, fullscreenStackBounds=Rect(0, 0 - 0, 0), dockedStackBounds=Rect(0, 0 - 0, 0)",HIT,0,0.687650
1669,HBM brightnessIn =38,HIT,0,0.687837
1670,HBM brightnessOut =38,HIT,0,0.688024
1671,"Animating brightness: target=38, rate=200",HIT,0,0.688211
1672,"userActivityNoUpdateLocked: eventTime=261983733, event=2, flags=0x0, uid=1000",MISS,0,0.687799
1673,"ready=true,policy=3,wakefulness=1,wksummary=0x0,uasummary=0x1,bootcompleted=true,boostinprogress=false,waitmodeenable=false,mode=false,manual=38,auto=-1,adj=0.0userId=0",HIT,0,0.687986
1674,setLightsOn(true),HIT,0,0.688172
1675,"setSystemUiVisibility vis=0 mask=1 oldVal=40000500 newVal=40000500 diff=0 fullscreenStackVis=0 dockedStackVis=0, fullscreenStackBounds=Rect(0, 0 - 0, 0), dockedStackBounds=Rect(0, 0 - 0, 0)",HIT,0,0.688358
1676,HBM brightnessIn =38,HIT,0,0.688544
1677,HBM brightnessOut =38,HIT,0,0.688730
1678,"Animating brightness: target=38, rate=200",HIT,0,0.688915
1679,HBM brightnessIn =38,HIT,0,0.689101
1680,HBM brightnessOut =38,HIT,0,0.689286
1681,"Animating brightness: target=38, rate=200",HIT,0,0.689471
1682,HBM brightnessIn =38,HIT,0,0.689655
1683,HBM brightnessOut =38,HIT,0,0.689840
1684,"Animating brightness: target=38, rate=200",HIT,0,0.690024
1685,"userActivityNoUpdateLocked: eventTime=261984484, event=2, flags=0x0, uid=1000",MISS,0,0.689614
1686,"ready=true,policy=3,wakefulness=1,wksummary=0x0,uasummary=0x1,bootcompleted=true,boostinprogress=false,waitmodeenable=false,mode=false,manual=38,auto=-1,adj=0.0userId=0",HIT,0,0.689798
1687,"sending alarm Alarm{d764221 type 3 when 509262332 PendingIntent{1749923: PendingIntentRecord{9600e20 android broadcastIntent}}},repeatInterval = 0,listenerTag =time_tick",MISS,0,0.689389
1688,"ready=true,policy=3,wakefulness=1,wksummary=0x1,uasummary=0x1,bootcompleted=true,boostinprogress=false,waitmodeenable=false,mode=false,manual=38,auto=-1,adj=0.0userId=0",MISS,0,0.688981
1689,"Acquiring suspend blocker ""PowerManagerService.WakeLocks"".",HIT,0,0.689165
1690,Received TIME_TICK alarm; rescheduling,MISS,0,0.688757
1691,scheduleTimeTickEvent triggerAtTime = 509322332,MISS,0,0.688350
1692,"updateClipping isOverlap:false, getTopPadding=333.0, Translation=0.0",HIT,0,0.688534
1693,updateDimmedActivatedHideSensitive overlap:false,HIT,0,0.688718
1694,"updateClipping isOverlap:false, getTopPadding=333.0, Translation=0.0",HIT,0,0.688902
1695,updateDimmedActivatedHideSensitive overlap:false,HIT,0,0.689086
1696,received broadcast android.intent.action.TIME_TICK,MISS,0,0.688679
1697,handleTimeUpdate,MISS,0,0.688273
1698,HBM brightnessIn =38,HIT,0,0.688457
1699,HBM brightnessOut =38,HIT,0,0.688640
1700,"Animating brightness: target=38, rate=200",HIT,0,0.688824
1701,playSoundEffect   effectType: 0,HIT,0,0.689006
1702,querySoundEffectsEnabled...,HIT,0,0.689189
1703,Destroying surface Surface(name=PopupWindow:9b04807) called by com.android.server.wm.WindowStateAnimator.destroySurface:2060 com.android.server.wm.WindowStateAnimator.destroySurfaceLocked:913 com.android.server.wm.WindowState.removeLocked:1554 com.android.server.wm.WindowManagerService.removeWindowInnerLocked:2739 com.android.server.wm.WindowManagerService.removeWindowInnerLocked:2702 com.android.server.wm.WindowManagerService.removeWindowLocked:2691 com.android.server.wm.WindowManagerService.removeWindowLocked:2560 com.android.server.wm.WindowManagerService.removeWindow:2555,MISS,0,0.688784
1704,isWiredHeadsetOn...,MISS,0,0.688380
1705,Destroying surface Surface(name=PopupWindow:317e46) called by com.android.server.wm.WindowStateAnimator.destroySurface:2060 com.android.server.wm.WindowStateAnimator.destroySurfaceLocked:913 com.android.server.wm.WindowState.removeLocked:1554 com.android.server.wm.WindowManagerService.removeWindowInnerLocked:2739 com.android.server.wm.WindowManagerService.removeWindowInnerLocked:2702 com.android.server.wm.WindowManagerService.removeWindowLocked:2691 com.android.server.wm.WindowManagerService.removeWindowLocked:2560 com.android.server.wm.WindowManagerService.removeWindow:2555,HIT,0,0.688563
1706,"acquire lock=191063310, flags=0x1, tag=""AudioMix"", name=audioserver, ws=null, uid=1041, pid=0",MISS,0,0.688159
1707,"ready=true,policy=3,wakefulness=1,wksummary=0x1,uasummary=0x1,bootcompleted=true,boostinprogress=false,waitmodeenable=false,mode=false,manual=38,auto=-1,adj=0.0userId=0",HIT,0,0.688342
1708,"acquire lock=149977903, flags=0x1, tag=""AudioMix"", name=audioserver, ws=null, uid=1041, pid=0",MISS,0,0.687939
1709,"ready=true,policy=3,wakefulness=1,wksummary=0x1,uasummary=0x1,bootcompleted=true,boostinprogress=false,waitmodeenable=false,mode=false,manual=38,auto=-1,adj=0.0userId=0",HIT,0,0.688122
1710,"acquire lock=155645244, flags=0x1, tag=""AudioMix"", name=audioserver, ws=null, uid=1041, pid=0",MISS,0,0.687719
1711,"ready=true,policy=3,wakefulness=1,wksummary=0x1,uasummary=0x1,bootcompleted=true,boostinprogress=false,waitmodeenable=false,mode=false,manual=38,auto=-1,adj=0.0userId=0",HIT,0,0.687902
1712,"acquire lock=173466309, flags=0x1, tag=""AudioMix"", name=audioserver, ws=null, uid=1041, pid=0",MISS,0,0.687500
1713,"ready=true,policy=3,wakefulness=1,wksummary=0x1,uasummary=0x1,bootcompleted=true,boostinprogress=false,waitmodeenable=false,mode=false,manual=38,auto=-1,adj=0.0userId=0",HIT,0,0.687682
1714,HBM brightnessIn =38,HIT,0,0.687865
1715,HBM brightnessOut =38,HIT,0,0.688047
1716,"Animating brightness: target=38, rate=200",HIT,0,0.688228
1717,"ready=true,policy=3,wakefulness=1,wksummary=0x1,uasummary=0x1,bootcompleted=true,boostinprogress=false,waitmodeenable=false,mode=false,manual=38,auto=-1,adj=0.0userId=0",HIT,0,0.688410
1718,setLightsOn(true),HIT,0,0.688591
1719,"setSystemUiVisibility vis=0 mask=1 oldVal=40000500 newVal=40000500 diff=0 fullscreenStackVis=0 dockedStackVis=0, fullscreenStackBounds=Rect(0, 0 - 0, 0), dockedStackBounds=Rect(0, 0 - 0, 0)",HIT,0,0.688773
1720,"setDataSource(166, 0, 576460752303423487)",MISS,0,0.688372
1721,setLightsOn(true),HIT,0,0.688553
1722,"setSystemUiVisibility vis=0 mask=1 oldVal=40000500 newVal=40000500 diff=0 fullscreenStackVis=0 dockedStackVis=0, fullscreenStackBounds=Rect(0, 0 - 0, 0), dockedStackBounds=Rect(0, 0 - 0, 0)",HIT,0,0.688734
1723,setLightsOn(true),HIT,0,0.688915
1724,"setSystemUiVisibility vis=0 mask=1 oldVal=40000500 newVal=40000500 diff=0 fullscreenStackVis=0 dockedStackVis=0, fullscreenStackBounds=Rect(0, 0 - 0, 0), dockedStackBounds=Rect(0, 0 - 0, 0)",HIT,0,0.689095
1725,setLightsOn(true),HIT,0,0.689275
1726,"setSystemUiVisibility vis=0 mask=1 oldVal=40000500 newVal=40000500 diff=0 fullscreenStackVis=0 dockedStackVis=0, fullscreenStackBounds=Rect(0, 0 - 0, 0), dockedStackBounds=Rect(0, 0 - 0, 0)",HIT,0,0.689455
1727,getStreamVolume  treamType: 5,MISS,0,0.689056
1728,setLightsOn(true),HIT,0,0.689236
1729,"setSystemUiVisibility vis=0 mask=1 oldVal=40000500 newVal=40000500 diff=0 fullscreenStackVis=0 dockedStackVis=0, fullscreenStackBounds=Rect(0, 0 - 0, 0), dockedStackBounds=Rect(0, 0 - 0, 0)",HIT,0,0.689416
1730,setLightsOn(true),HIT,0,0.689595
1731,"setSystemUiVisibility vis=0 mask=1 oldVal=40000500 newVal=40000500 diff=0 fullscreenStackVis=0 dockedStackVis=0, fullscreenStackBounds=Rect(0, 0 - 0, 0), dockedStackBounds=Rect(0, 0 - 0, 0)",HIT,0,0.689775
1732,HBM brightnessIn =38,HIT,0,0.689954
1733,HBM brightnessOut =38,HIT,0,0.690133
1734,"Animating brightness: target=38, rate=200",HIT,0,0.690311
1735,"userActivityNoUpdateLocked: eventTime=261985554, event=2, flags=0x0, uid=1000",MISS,0,0.689914
1736,"ready=true,policy=3,wakefulness=1,wksummary=0x1,uasummary=0x1,bootcompleted=true,boostinprogress=false,waitmodeenable=false,mode=false,manual=38,auto=-1,adj=0.0userId=0",HIT,0,0.690092
1737,HBM brightnessIn =38,HIT,0,0.690271
1738,HBM brightnessOut =38,HIT,0,0.690449
1739,"Animating brightness: target=38, rate=200",HIT,0,0.690627
1740,Destroying surface Surface(name=PopupWindow:317e46) called by com.android.server.wm.WindowStateAnimator.destroySurface:2060 com.android.server.wm.WindowStateAnimator.destroySurfaceLocked:913 com.android.server.wm.WindowState.removeLocked:1554 com.android.server.wm.WindowManagerService.removeWindowInnerLocked:2739 com.android.server.wm.WindowManagerService.removeWindowInnerLocked:2702 com.android.server.wm.WindowManagerService.removeWindowLocked:2691 com.android.server.wm.WindowManagerService.removeWindowLocked:2560 com.android.server.wm.WindowManagerService.removeWindow:2555,MISS,0,0.690230
1741,setLightsOn(true),HIT,0,0.690408
1742,"setSystemUiVisibility vis=0 mask=1 oldVal=40000500 newVal=40000500 diff=0 fullscreenStackVis=0 dockedStackVis=0, fullscreenStackBounds=Rect(0, 0 - 0, 0), dockedStackBounds=Rect(0, 0 - 0, 0)",HIT,0,0.690586
1743,setLightsOn(true),HIT,0,0.690763
1744,"setSystemUiVisibility vis=0 mask=1 oldVal=40000500 newVal=40000500 diff=0 fullscreenStackVis=0 dockedStackVis=0, fullscreenStackBounds=Rect(0, 0 - 0, 0), dockedStackBounds=Rect(0, 0 - 0, 0)",HIT,0,0.690940
1745,setLightsOn(true),HIT,0,0.691117
1746,"setSystemUiVisibility vis=0 mask=1 oldVal=40000500 newVal=40000500 diff=0 fullscreenStackVis=0 dockedStackVis=0, fullscreenStackBounds=Rect(0, 0 - 0, 0), dockedStackBounds=Rect(0, 0 - 0, 0)",HIT,0,0.691294
1747,HBM brightnessIn =38,HIT,0,0.691471
1748,HBM brightnessOut =38,HIT,0,0.691648
1749,"Animating brightness: target=38, rate=200",HIT,0,0.691824
1750,setLightsOn(true),HIT,0,0.692000
1751,"setSystemUiVisibility vis=0 mask=1 oldVal=40000500 newVal=40000500 diff=0 fullscreenStackVis=0 dockedStackVis=0, fullscreenStackBounds=Rect(0, 0 - 0, 0), dockedStackBounds=Rect(0, 0 - 0, 0)",HIT,0,0.692176
1752,Destroying surface Surface(name=InputMethod) called by com.android.server.wm.WindowStateAnimator.destroySurface:2060 com.android.server.wm.WindowStateAnimator.destroySurfaceLocked:913 com.android.server.wm.WindowState.destroyOrSaveSurface:2201 com.android.server.wm.WindowSurfacePlacer.performSurfacePlacementInner:517 com.android.server.wm.WindowSurfacePlacer.performSurfacePlacementLoop:291 com.android.server.wm.WindowSurfacePlacer.performSurfacePlacement:233 com.android.server.wm.WindowManagerService$H.handleMessage:8670 android.os.Handler.dispatchMessage:105,MISS,0,0.691781
1753,"userActivityNoUpdateLocked: eventTime=261986105, event=2, flags=0x0, uid=1000",MISS,0,0.691386
1754,"ready=true,policy=3,wakefulness=1,wksummary=0x1,uasummary=0x1,bootcompleted=true,boostinprogress=false,waitmodeenable=false,mode=false,manual=38,auto=-1,adj=0.0userId=0",HIT,0,0.691562
1755,playSoundEffect   effectType: 0,HIT,0,0.691738
1756,querySoundEffectsEnabled...,HIT,0,0.691913
1757,HBM brightnessIn =38,HIT,0,0.692089
1758,HBM brightnessOut =38,HIT,0,0.692264
1759,"Animating brightness: target=38, rate=200",HIT,0,0.692439
1760,HBM brightnessIn =38,HIT,0,0.692614
1761,HBM brightnessOut =38,HIT,0,0.692788
1762,"Animating brightness: target=38, rate=200",HIT,0,0.692963
1763,HBM brightnessIn =38,HIT,0,0.693137
1764,HBM brightnessOut =38,HIT,0,0.693311
1765,"Animating brightness: target=38, rate=200",HIT,0,0.693484
1766,"userActivityNoUpdateLocked: eventTime=261986874, event=2, flags=0x0, uid=1000",MISS,0,0.693092
1767,"ready=true,policy=3,wakefulness=1,wksummary=0x1,uasummary=0x1,bootcompleted=true,boostinprogress=false,waitmodeenable=false,mode=false,manual=38,auto=-1,adj=0.0userId=0",HIT,0,0.693265
1768,HBM brightnessIn =38,HIT,0,0.693439
1769,HBM brightnessOut =38,HIT,0,0.693612
1770,"Animating brightness: target=38, rate=200",HIT,0,0.693785
1771,"userActivityNoUpdateLocked: eventTime=261987391, event=2, flags=0x0, uid=1000",MISS,0,0.693394
1772,"ready=true,policy=3,wakefulness=1,wksummary=0x1,uasummary=0x1,bootcompleted=true,boostinprogress=false,waitmodeenable=false,mode=false,manual=38,auto=-1,adj=0.0userId=0",HIT,0,0.693567
1773,HBM brightnessIn =38,HIT,0,0.693739
1774,HBM brightnessOut =38,HIT,0,0.693912
1775,"Animating brightness: target=38, rate=200",HIT,0,0.694085
1776,"updateIsPoweredLocked: wasPowered=false, mIsPowered=false, oldPlugType=0, mPlugType=0, mBatteryLevel=23",MISS,0,0.693694
1777,received broadcast android.intent.action.BATTERY_CHANGED,MISS,0,0.693303
1778,ACTION_BATTERY_CHANGED AMP: 0; Volt: 0,MISS,0,0.692913
1779,updateChargingLocked: charging=false,MISS,0,0.692524
1780,"onReceive, action:android.intent.action.BATTERY_CHANGED",MISS,0,0.692135
1781,ACTION_BATTERY_CHANGED pluggedType: 0,MISS,0,0.691746
1782,ApStaDisabledState what=155652,MISS,0,0.691358
1783,DefaultState what=155652,MISS,0,0.690970
1784,battery changed pluggedType: 0,MISS,0,0.690583
1785,RefreshBatteryInfo isBatteryLow: 23,MISS,0,0.690196
1786,ChargingSpeed  Wattage: -1 ST: 5000000 --> 7500000,MISS,0,0.689810
1787,handleBatteryUpdate,MISS,0,0.689424
1788,RefreshBatteryInfo isBatteryLow: 23,HIT,0,0.689597
1789,"ready=true,policy=3,wakefulness=1,wksummary=0x1,uasummary=0x1,bootcompleted=true,boostinprogress=false,waitmodeenable=false,mode=false,manual=38,auto=-1,adj=0.0userId=0",HIT,0,0.689771
1790,"ready=true,policy=3,wakefulness=1,wksummary=0x1,uasummary=0x1,bootcompleted=true,boostinprogress=false,waitmodeenable=false,mode=false,manual=38,auto=-1,adj=0.0userId=0",HIT,0,0.689944
1791,setLightsOn(true),HIT,0,0.690117
1792,"setSystemUiVisibility vis=0 mask=1 oldVal=40000500 newVal=40000500 diff=0 fullscreenStackVis=0 dockedStackVis=0, fullscreenStackBounds=Rect(0, 0 - 0, 0), dockedStackBounds=Rect(0, 0 - 0, 0)",HIT,0,0.690290
1793,HBM brightnessIn =38,HIT,0,0.690463
1794,HBM brightnessOut =38,HIT,0,0.690635
1795,"Animating brightness: target=38, rate=200",HIT,0,0.690808
1796,"release:lock=149977903, flg=0x0, tag=""AudioMix"", name=audioserver"", ws=null, uid=1041, pid=0",MISS,0,0.690423
1797,"ready=true,policy=3,wakefulness=1,wksummary=0x1,uasummary=0x1,bootcompleted=true,boostinprogress=false,waitmodeenable=false,mode=false,manual=38,auto=-1,adj=0.0userId=0",HIT,0,0.690595
1798,"release:lock=155645244, flg=0x0, tag=""AudioMix"", name=audioserver"", ws=null, uid=1041, pid=0",MISS,0,0.690211
1799,"ready=true,policy=3,wakefulness=1,wksummary=0x1,uasummary=0x1,bootcompleted=true,boostinprogress=false,waitmodeenable=false,mode=false,manual=38,auto=-1,adj=0.0userId=0",HIT,0,0.690384
1800,"release:lock=191063310, flg=0x0, tag=""AudioMix"", name=audioserver"", ws=null, uid=1041, pid=0",MISS,0,0.690000
1801,"ready=true,policy=3,wakefulness=1,wksummary=0x1,uasummary=0x1,bootcompleted=true,boostinprogress=false,waitmodeenable=false,mode=false,manual=38,auto=-1,adj=0.0userId=0",HIT,0,0.690172
1802,"release:lock=173466309, flg=0x0, tag=""AudioMix"", name=audioserver"", ws=null, uid=1041, pid=0",MISS,0,0.689789
1803,"ready=true,policy=3,wakefulness=1,wksummary=0x0,uasummary=0x1,bootcompleted=true,boostinprogress=false,waitmodeenable=false,mode=false,manual=38,auto=-1,adj=0.0userId=0",MISS,0,0.689407
1804,"Releasing suspend blocker ""PowerManagerService.WakeLocks"".",HIT,0,0.689579
1805,HBM brightnessIn =38,HIT,0,0.689751
1806,HBM brightnessOut =38,HIT,0,0.689922
1807,"Animating brightness: target=38, rate=200",HIT,0,0.690094
1808,getRunningAppProcesses: caller 10091 does not hold REAL_GET_TASKS; limiting output,MISS,0,0.689712
1809,getRunningAppProcesses: caller 10091 does not hold REAL_GET_TASKS; limiting output,HIT,0,0.689884
1810,HBM brightnessIn =38,HIT,0,0.690055
1811,HBM brightnessOut =38,HIT,0,0.690226
1812,"Animating brightness: target=38, rate=200",HIT,0,0.690397
1813,"userActivityNoUpdateLocked: eventTime=261988728, event=2, flags=0x0, uid=1000",MISS,0,0.690017
1814,"ready=true,policy=3,wakefulness=1,wksummary=0x0,uasummary=0x1,bootcompleted=true,boostinprogress=false,waitmodeenable=false,mode=false,manual=38,auto=-1,adj=0.0userId=0",HIT,0,0.690187
1815,suspendAutohide,MISS,0,0.689807
1816,interceptKeyTq keycode=3 interactive=true keyguardActive=false policyFlags=2b000002 down true canceled false,MISS,0,0.689427
1817,"interceptKeyBeforeQueueing: key 3 , result : 1",MISS,0,0.689048
1818,"userActivityNoUpdateLocked: eventTime=261988739, event=1, flags=0x0, uid=1000",MISS,0,0.688669
1819,"ready=true,policy=3,wakefulness=1,wksummary=0x0,uasummary=0x1,bootcompleted=true,boostinprogress=false,waitmodeenable=false,mode=false,manual=38,auto=-1,adj=0.0userId=0",HIT,0,0.688840
1820,resumeSuspendedAutohide,MISS,0,0.688462
1821,"userActivityNoUpdateLocked: eventTime=261988799, event=0, flags=0x0, uid=1000",MISS,0,0.688083
1822,"ready=true,policy=3,wakefulness=1,wksummary=0x0,uasummary=0x1,bootcompleted=true,boostinprogress=false,waitmodeenable=false,mode=false,manual=38,auto=-1,adj=0.0userId=0",HIT,0,0.688255
1823,interceptKeyTq keycode=3 interactive=true keyguardActive=false policyFlags=2b000002 down false canceled false,MISS,0,0.687877
1824,"interceptKeyBeforeQueueing: key 3 , result : 1",HIT,0,0.688048
1825,querySoundEffectsEnabled...,HIT,0,0.688219
1826,"userActivityNoUpdateLocked: eventTime=261988822, event=0, flags=0x0, uid=1000",MISS,0,0.687842
1827,"ready=true,policy=3,wakefulness=1,wksummary=0x0,uasummary=0x1,bootcompleted=true,boostinprogress=false,waitmodeenable=false,mode=false,manual=38,auto=-1,adj=0.0userId=0",HIT,0,0.688013
1828,"animateCollapsePanels:flags=0, force=false, delayed=false, mExpandedVisible=false",MISS,0,0.687637
1829,closeQs,MISS,0,0.687261
1830,cancelPeek: false,MISS,0,0.686885
1831,instantCollapse,MISS,0,0.686510
1832,cancelPeek: false,HIT,0,0.686681
1833,setLightsOn(true),MISS,0,0.686307
1834,"setSystemUiVisibility vis=0 mask=1 oldVal=40000500 newVal=40000500 diff=0 fullscreenStackVis=0 dockedStackVis=0, fullscreenStackBounds=Rect(0, 0 - 0, 0), dockedStackBounds=Rect(0, 0 - 0, 0)",HIT,0,0.686478
1835,"acquire lock=189667585, flags=0x1, tag=""*launch*"", name=android, ws=WorkSource{10057}, uid=1000, pid=1702",MISS,0,0.686104
1836,"ready=true,policy=3,wakefulness=1,wksummary=0x1,uasummary=0x1,bootcompleted=true,boostinprogress=false,waitmodeenable=false,mode=false,manual=38,auto=-1,adj=0.0userId=0",HIT,0,0.686275
1837,"Acquiring suspend blocker ""PowerManagerService.WakeLocks"".",MISS,0,0.685901
1838,setLightsOn(true),HIT,0,0.686072
1839,"setSystemUiVisibility vis=0 mask=1 oldVal=40000500 newVal=40000500 diff=0 fullscreenStackVis=0 dockedStackVis=0, fullscreenStackBounds=Rect(0, 0 - 0, 0), dockedStackBounds=Rect(0, 0 - 0, 0)",HIT,0,0.686243
1840,setLightsOn(true),HIT,0,0.686413
1841,"setSystemUiVisibility vis=0 mask=1 oldVal=40000500 newVal=40000500 diff=0 fullscreenStackVis=0 dockedStackVis=0, fullscreenStackBounds=Rect(0, 0 - 0, 0), dockedStackBounds=Rect(0, 0 - 0, 0)",HIT,0,0.686583
1842,getRunningAppProcesses: caller 10112 does not hold REAL_GET_TASKS; limiting output,MISS,0,0.686211
1843,setLightsOn(true),HIT,0,0.686381
1844,"setSystemUiVisibility vis=0 mask=1 oldVal=40000500 newVal=40000500 diff=0 fullscreenStackVis=0 dockedStackVis=0, fullscreenStackBounds=Rect(0, 0 - 0, 0), dockedStackBounds=Rect(0, 0 - 0, 0)",HIT,0,0.686551
1845,"Taking screenshot from Surface with crop:[Rect(0, 48 - 720, 1208)], width:[432], height:[696], minLayer:[21000], maxLayer:[21080], inRotation:[false], rot:[0]",MISS,0,0.686179
1846,The change in focus caused us to need to do a layout begin,MISS,0,0.685807
1847,The change in focus caused us to need to do a layout end,MISS,0,0.685436
1848,"setSystemUiVisibility vis=708 mask=ffffffff oldVal=40000500 newVal=708 diff=40000208 fullscreenStackVis=0 dockedStackVis=0, fullscreenStackBounds=Rect(0, 0 - 720, 1280), dockedStackBounds=Rect(0, 0 - 0, 0)",MISS,0,0.685065
1849,cancelAutohide,MISS,0,0.684694
1850,"notifyUiVisibilityChanged:vis=0x708, SystemUiVisibility=0x708",MISS,0,0.684324
1851,"updateClipping isOverlap:false, getTopPadding=333.0, Translation=0.0",HIT,0,0.684495
1852,updateDimmedActivatedHideSensitive overlap:false,HIT,0,0.684665
1853,"Skipping, withExcluded: false, tr.intent:Intent { flg=0x10804000 cmp=com.android.systemui/.recents.RecentsActivity bnds=[264,444][920,908] }",MISS,0,0.684296
1854,"Skipping, withExcluded: false, tr.intent:Intent { act=android.intent.action.MAIN flg=0x10840000 cmp=com.android.incallui/.InCallActivity (has extras) }",MISS,0,0.683927
1855,"Skipping, withExcluded: false, tr.intent:Intent { flg=0x18800000 cmp=com.tencent.mm/.plugin.base.stub.WXEntryActivity (has extras) }",MISS,0,0.683558
1856,"Skipping, withExcluded: false, tr.intent:Intent { flg=0x10800000 cmp=com.tencent.qqmusic/.business.lockscreen.LockScreenActivity (has extras) }",MISS,0,0.683190
1857,"Skipping, withExcluded: false, tr.intent:Intent { act=com.android.contacts.action.CHOOSE_SUB dat=tel:xxxxxxxxxxx flg=0x10808000 cmp=com.android.contacts/.ChooseSubActivity (has extras) }",MISS,0,0.682822
1858,"Skipping, withExcluded: false, tr.intent:Intent { act=android.intent.action.VIEW dat=file:///storage/emulated/0/Tencent/QQfile_recv/b.apk typ=application/vnd.android.package-archive flg=0x10800000 cmp=com.android.packageinstaller/.PackageInstallerActivity (has extras) }",MISS,0,0.682454
1859,"getRecentTasks: num=20,flags=62,totalTasks=46",MISS,0,0.682087
1860,getRecentTasks: topActivity=ComponentInfo{com.tencent.mobileqq/com.tencent.mobileqq.activity.SplashActivity},MISS,0,0.681720
1861,"Skipping, withExcluded: false, tr.intent:Intent { flg=0x10804000 cmp=com.android.systemui/.recents.RecentsActivity bnds=[264,444][920,908] }",HIT,0,0.681891
1862,"Skipping, withExcluded: false, tr.intent:Intent { act=android.intent.action.MAIN flg=0x10840000 cmp=com.android.incallui/.InCallActivity (has extras) }",HIT,0,0.682062
1863,"Skipping, withExcluded: false, tr.intent:Intent { flg=0x18800000 cmp=com.tencent.mm/.plugin.base.stub.WXEntryActivity (has extras) }",HIT,0,0.682233
1864,"getRecentTasks: num=10,flags=62,totalTasks=46",MISS,0,0.681867
1865,getRecentTasks: topActivity=ComponentInfo{com.tencent.mobileqq/com.tencent.mobileqq.activity.SplashActivity},HIT,0,0.682038
1866,"setSystemUiVisibility vis=c0000700 mask=ffffffff oldVal=708 newVal=c0000700 diff=c0000008 fullscreenStackVis=0 dockedStackVis=0, fullscreenStackBounds=Rect(0, 0 - 720, 1280), dockedStackBounds=Rect(0, 0 - 0, 0)",MISS,0,0.681672
1867,cancelAutohide,HIT,0,0.681843
1868,"notifyUiVisibilityChanged:vis=0xc0000700, SystemUiVisibility=0xc0000700",MISS,0,0.681478
1869,getRingerMode...,MISS,0,0.681113
1870,"release:lock=189667585, flg=0x0, tag=""*launch*"", name=android"", ws=WorkSource{10057}, uid=1000, pid=1702",MISS,0,0.680749
1871,"ready=true,policy=3,wakefulness=1,wksummary=0x0,uasummary=0x1,bootcompleted=true,boostinprogress=false,waitmodeenable=false,mode=false,manual=38,auto=-1,adj=0.0userId=0",HIT,0,0.680919
1872,"Releasing suspend blocker ""PowerManagerService.WakeLocks"".",HIT,0,0.681090
1873,enqueueNotificationInternal: pkg=com.tencent.mm id=4097 notification=Notification(pri=1 contentView=null vibrate=[] sound=null tick defaults=0x0 flags=0x101 color=0x00000000 category=msg vis=PRIVATE),MISS,0,0.680726
1874,enqueueNotificationInternal: n.getKey = 0|com.tencent.mm|4097|null|10112,MISS,0,0.680363
1875,"updateLightsLocked,mInCall =false,mScreenOn = true,ledNotification == null?false",MISS,0,0.680000
1876,"updateLightsLocked,turn off notificationLight",MISS,0,0.679638
1877,addNotification key=0|com.tencent.mm|4097|null|10112,MISS,0,0.679275
1878,mHeadsUpExistenceChangedRunnable,MISS,0,0.678914
1879,disable: < expand ICONS* alerts SYSTEM_INFO* back home recent clock navigationbar search quick_settings >,MISS,0,0.678552
1880,suspendAutohide,HIT,0,0.678723
1881,"updateNotificationShade: total=0, active=0",MISS,0,0.678363
1882,removeNotificationChildren,MISS,0,0.678002
1883,"updateNotificationShade: total=1, active=1",MISS,0,0.677642
1884,removeNotificationChildren,HIT,0,0.677813
1885,Marking notification as seen 0|com.tencent.mm|4097|null|10112,MISS,0,0.677454
1886,getTasks: caller 10111 does not hold REAL_GET_TASKS; limiting output,HIT,0,0.677625
1887,getTasks: caller 10111 does not hold REAL_GET_TASKS; limiting output,HIT,0,0.677795
1888,onNotificationExpansionChanged called,MISS,0,0.677436
1889,Destroying surface Surface(name=com.tencent.mobileqq/com.tencent.mobileqq.activity.SplashActivity) called by com.android.server.wm.WindowStateAnimator.destroySurface:2060 com.android.server.wm.WindowStateAnimator.destroySurfaceLocked:913 com.android.server.wm.WindowState.destroyOrSaveSurface:2201 com.android.server.wm.AppWindowToken.destroySurfaces:374 com.android.server.wm.AppWindowToken.notifyAppStopped:400 com.android.server.wm.WindowManagerService.notifyAppStopped:4869 com.android.server.am.ActivityStack.activityStoppedLocked:1393 com.android.server.am.ActivityManagerService.activityStopped:7690,MISS,0,0.677078
1890,"updateClipping isOverlap:false, getTopPadding=333.0, Translation=-429.0",MISS,0,0.676720
1891,updateDimmedActivatedHideSensitive overlap:false,MISS,0,0.676362
1892,getRunningAppProcesses: caller 10111 does not hold REAL_GET_TASKS; limiting output,HIT,0,0.676533
1893,"updateClipping isOverlap:false, getTopPadding=333.0, Translation=-497.0",MISS,0,0.676175
1894,updateDimmedActivatedHideSensitive overlap:false,HIT,0,0.676346
1895,getTasks: caller 10111 does not hold REAL_GET_TASKS; limiting output,MISS,0,0.675989
1896,getTasks: caller 10111 does not hold REAL_GET_TASKS; limiting output,HIT,0,0.676160
1897,getTasks: caller 10111 does not hold REAL_GET_TASKS; limiting output,HIT,0,0.676331
1898,getTasks: caller 10111 does not hold REAL_GET_TASKS; limiting output,HIT,0,0.676502
1899,getTasks: caller 10111 does not hold REAL_GET_TASKS; limiting output,HIT,0,0.676672
1900,getRunningAppProcesses: caller 10113 does not hold REAL_GET_TASKS; limiting output,MISS,0,0.676316
1901,"sending alarm Alarm{2741459 type 3 when 509267844 PendingIntent{f75f81e: PendingIntentRecord{e204f60 com.android.phone broadcastIntent}}},repeatInterval = 0,listenerTag =null",MISS,0,0.675960
1902,"ready=true,policy=3,wakefulness=1,wksummary=0x1,uasummary=0x1,bootcompleted=true,boostinprogress=false,waitmodeenable=false,mode=false,manual=38,auto=-1,adj=0.0userId=0",HIT,0,0.676130
1903,"Acquiring suspend blocker ""PowerManagerService.WakeLocks"".",HIT,0,0.676301
1904,"ready=true,policy=3,wakefulness=1,wksummary=0x0,uasummary=0x1,bootcompleted=true,boostinprogress=false,waitmodeenable=false,mode=false,manual=38,auto=-1,adj=0.0userId=0",HIT,0,0.676471
1905,"Releasing suspend blocker ""PowerManagerService.WakeLocks"".",MISS,0,0.676115
1906,"ready=true,policy=3,wakefulness=1,wksummary=0x1,uasummary=0x1,bootcompleted=true,boostinprogress=false,waitmodeenable=false,mode=false,manual=38,auto=-1,adj=0.0userId=0",HIT,0,0.676285
1907,"Acquiring suspend blocker ""PowerManagerService.WakeLocks"".",HIT,0,0.676455
1908,"updateClipping isOverlap:false, getTopPadding=333.0, Translation=-497.0",HIT,0,0.676625
1909,updateDimmedActivatedHideSensitive overlap:false,HIT,0,0.676794
1910,logNotificationVisibilityChanges runInThread start,MISS,0,0.676440
1911,onNotificationVisibilityChanged called,MISS,0,0.676086
1912,logNotificationVisibilityChanges runInThread over,MISS,0,0.675732
1913,"ready=true,policy=3,wakefulness=1,wksummary=0x0,uasummary=0x1,bootcompleted=true,boostinprogress=false,waitmodeenable=false,mode=false,manual=38,auto=-1,adj=0.0userId=0",HIT,0,0.675902
1914,"Releasing suspend blocker ""PowerManagerService.WakeLocks"".",HIT,0,0.676071
1915,"userActivityNoUpdateLocked: eventTime=261991304, event=2, flags=0x0, uid=1000",MISS,0,0.675718
1916,"ready=true,policy=3,wakefulness=1,wksummary=0x0,uasummary=0x1,bootcompleted=true,boostinprogress=false,waitmodeenable=false,mode=false,manual=38,auto=-1,adj=0.0userId=0",HIT,0,0.675887
1917,"onInterceptTouchEvent MotionEvent { action=ACTION_DOWN, actionButton=0, id[0]=0, x[0]=622.0, y[0]=86.0, toolType[0]=TOOL_TYPE_FINGER, buttonState=0, metaState=0, flags=0x0, edgeFlags=0x0, pointerCount=1, historySize=0, eventTime=261991304, downTime=261991304, deviceId=3, source=0x1002 }, mBlockTouches=false",MISS,0,0.675535
1918,"updateClipping isOverlap:false, getTopPadding=333.0, Translation=-497.0",HIT,0,0.675704
1919,updateDimmedActivatedHideSensitive overlap:false,HIT,0,0.675873
1920,"onInterceptTouchEvent MotionEvent { action=ACTION_UP, actionButton=0, id[0]=0, x[0]=622.0, y[0]=86.0, toolType[0]=TOOL_TYPE_FINGER, buttonState=0, metaState=0, flags=0x0, edgeFlags=0x0, pointerCount=1, historySize=0, eventTime=261991368, downTime=261991304, deviceId=3, source=0x1002 }, mBlockTouches=false",MISS,0,0.675521
1921,HBM brightnessIn =38,MISS,0,0.675169
1922,HBM brightnessOut =38,MISS,0,0.674818
1923,"Animating brightness: target=38, rate=200",MISS,0,0.674467
1924,playSoundEffect   effectType: 0,MISS,0,0.674116
1925,querySoundEffectsEnabled...,MISS,0,0.673766
1926,"updateNotificationShade: total=1, active=1",HIT,0,0.673936
1927,removeNotificationChildren,HIT,0,0.674105
1928,"animateCollapsePanels:flags=2, force=true, delayed=true, mExpandedVisible=true",MISS,0,0.673755
1929,closeQs,HIT,0,0.673924
1930,cancelPeek: false,HIT,0,0.674093
1931,instantCollapse,HIT,0,0.674262
1932,cancelPeek: false,HIT,0,0.674431
1933,"updateNotificationShade: total=1, active=1",HIT,0,0.674599
1934,removeNotificationChildren,HIT,0,0.674767
1935,logNotificationVisibilityChanges runInThread start,HIT,0,0.674935
1936,onNotificationVisibilityChanged called,HIT,0,0.675103
1937,logNotificationVisibilityChanges runInThread over,HIT,0,0.675271
1938,START u0 {flg=0x24000000 cmp=com.tencent.mm/.ui.LauncherUI (has extras)} from uid 10112 on display 0,MISS,0,0.674923
1939,"ActivityRecord info: ActivityInfo{80c2e70 com.tencent.mm.ui.LauncherUI}, euid: 0",MISS,0,0.674575
1940,"overlapAmount:220.0, previousNotificationEnd:0.0, newYTranslation:-220.0, location:4, i:0, getTopPadding:333.0, getLocationOnScreen():-553",MISS,0,0.674227
1941,"state.clipTopAmount:204, i:0",MISS,0,0.673879
1942,"updateClipping isOverlap:true, getTopPadding=333.0, Translation=-553.0",MISS,0,0.673532
1943,updateDimmedActivatedHideSensitive overlap:true,MISS,0,0.673186
1944,makeExpandedInvisible: mExpandedVisible=true,MISS,0,0.672840
1945,closeQs,HIT,0,0.673008
1946,cancelPeek: false,HIT,0,0.673176
1947,instantCollapse,HIT,0,0.673344
1948,cancelPeek: false,HIT,0,0.673511
1949,"updateNotificationShade: total=1, active=1",HIT,0,0.673679
1950,removeNotificationChildren,HIT,0,0.673846
1951,closeQs,HIT,0,0.674013
1952,startActivity called from non-Activity context; forcing Intent.FLAG_ACTIVITY_NEW_TASK for: Intent { flg=0x24000000 cmp=com.tencent.mm/.ui.LauncherUI (has extras) },MISS,0,0.673668
1953,resumeSuspendedAutohide,HIT,0,0.673835
1954,disable: < expand icons* alerts system_info* back home recent clock navigationbar search quick_settings >,MISS,0,0.673490
1955,"overlapAmount:220.0, previousNotificationEnd:0.0, newYTranslation:-220.0, location:4, i:0, getTopPadding:333.0, getLocationOnScreen():-553",HIT,0,0.673657
1956,"state.clipTopAmount:204, i:0",HIT,0,0.673824
1957,"updateClipping isOverlap:true, getTopPadding=333.0, Translation=-553.0",HIT,0,0.673991
1958,updateDimmedActivatedHideSensitive overlap:true,HIT,0,0.674157
1959,makeExpandedInvisible: mExpandedVisible=false,MISS,0,0.673813
1960,"acquire lock=189667585, flags=0x1, tag=""*launch*"", name=android, ws=WorkSource{10112}, uid=1000, pid=1702",MISS,0,0.673469
1961,"ready=true,policy=3,wakefulness=1,wksummary=0x1,uasummary=0x1,bootcompleted=true,boostinprogress=false,waitmodeenable=false,mode=false,manual=38,auto=-1,adj=0.0userId=0",MISS,0,0.673126
1962,"Acquiring suspend blocker ""PowerManagerService.WakeLocks"".",HIT,0,0.673293
1963,onNotificationClick called,MISS,0,0.672950
1964,"cancelNotification,index:0",MISS,0,0.672607
1965,applyOptionsLocked: Unknown animationType=0,MISS,0,0.672265
1966,getRunningAppProcesses: caller 10113 does not hold REAL_GET_TASKS; limiting output,HIT,0,0.672431
1967,"Skipping, withExcluded: false, tr.intent:Intent { flg=0x10804000 cmp=com.android.systemui/.recents.RecentsActivity bnds=[264,444][920,908] }",HIT,0,0.672598
1968,"Skipping, withExcluded: false, tr.intent:Intent { act=android.intent.action.MAIN flg=0x10840000 cmp=com.android.incallui/.InCallActivity (has extras) }",HIT,0,0.672764
1969,"Skipping, withExcluded: false, tr.intent:Intent { flg=0x18800000 cmp=com.tencent.mm/.plugin.base.stub.WXEntryActivity (has extras) }",HIT,0,0.672930
1970,"Skipping, withExcluded: false, tr.intent:Intent { flg=0x10800000 cmp=com.tencent.qqmusic/.business.lockscreen.LockScreenActivity (has extras) }",HIT,0,0.673096
1971,"Skipping, withExcluded: false, tr.intent:Intent { act=com.android.contacts.action.CHOOSE_SUB dat=tel:xxxxxxxxxxx flg=0x10808000 cmp=com.android.contacts/.ChooseSubActivity (has extras) }",HIT,0,0.673262
1972,"Skipping, withExcluded: false, tr.intent:Intent { act=android.intent.action.VIEW dat=file:///storage/emulated/0/Tencent/QQfile_recv/b.apk typ=application/vnd.android.package-archive flg=0x10800000 cmp=com.android.packageinstaller/.PackageInstallerActivity (has extras) }",HIT,0,0.673428
1973,"getRecentTasks: num=20,flags=62,totalTasks=46",HIT,0,0.673594
1974,getRecentTasks: topActivity=ComponentInfo{com.tencent.mm/com.tencent.mm.ui.LauncherUI},MISS,0,0.673252
1975,"Skipping, withExcluded: false, tr.intent:Intent { flg=0x10804000 cmp=com.android.systemui/.recents.RecentsActivity bnds=[264,444][920,908] }",HIT,0,0.673418
1976,"Skipping, withExcluded: false, tr.intent:Intent { act=android.intent.action.MAIN flg=0x10840000 cmp=com.android.incallui/.InCallActivity (has extras) }",HIT,0,0.673583
1977,"Skipping, withExcluded: false, tr.intent:Intent { flg=0x18800000 cmp=com.tencent.mm/.plugin.base.stub.WXEntryActivity (has extras) }",HIT,0,0.673748
1978,"getRecentTasks: num=10,flags=62,totalTasks=46",HIT,0,0.673913
1979,getRecentTasks: topActivity=ComponentInfo{com.tencent.mm/com.tencent.mm.ui.LauncherUI},HIT,0,0.674078
1980,mHeadsUpExistenceChangedRunnable,HIT,0,0.674242
1981,"updateClipping isOverlap:false, getTopPadding=333.0, Translation=-24.0",MISS,0,0.673902
1982,updateDimmedActivatedHideSensitive overlap:false,HIT,0,0.674067
1983,HBM brightnessIn =38,HIT,0,0.674231
1984,HBM brightnessOut =38,HIT,0,0.674395
1985,"Animating brightness: target=38, rate=200",HIT,0,0.674559
1986,HBM brightnessIn =38,HIT,0,0.674723
1987,HBM brightnessOut =38,HIT,0,0.674887
1988,"Animating brightness: target=38, rate=200",HIT,0,0.675050
1989,HBM brightnessIn =38,HIT,0,0.675214
1990,HBM brightnessOut =38,HIT,0,0.675377
1991,"Animating brightness: target=38, rate=200",HIT,0,0.675540
1992,HBM brightnessIn =38,HIT,0,0.675703
1993,HBM brightnessOut =38,HIT,0,0.675866
1994,"Animating brightness: target=38, rate=200",HIT,0,0.676028
1995,HBM brightnessIn =38,HIT,0,0.676190
1996,HBM brightnessOut =38,HIT,0,0.676353
1997,"Animating brightness: target=38, rate=200",HIT,0,0.676515
1998,HBM brightnessIn =38,HIT,0,0.676677
1999,HBM brightnessOut =38,HIT,0,0.676838
2000,"Animating brightness: target=38, rate=200",HIT,0,0.677000
