step,item,status,reinserts,hit_ratio
1,"printFreezingDisplayLogsopening app wtoken = AppWindowToken{9f4ef63 token=Token{a64f992 ActivityRecord{de9231d u0 com.tencent.qt.qtl/.activity.info.NewsDetailXmlActivity t761}}}, allDrawn= false, startingDisplayed =  false, startingMoved =  false, isRelaunching =  false",MISS,0,0.000000
2,"acquire lock=233570404, flags=0x1, tag=""View Lock"", name=com.android.systemui, ws=null, uid=10037, pid=2227",MISS,0,0.000000
3,"ready=true,policy=3,wakefulness=1,wksummary=0x23,uasummary=0x1,bootcompleted=true,boostinprogress=false,waitmodeenable=false,mode=false,manual=38,auto=-1,adj=0.0userId=0",MISS,0,0.000000
4,Skipping AppWindowToken{df0798e token=Token{78af589 ActivityRecord{3b04890 u0 com.tencent.qt.qtl/com.tencent.video.player.activity.PlayerActivity t761}}} -- going to hide,MISS,0,0.000000
5,visible is system.time.showampm,MISS,0,0.000000
6,mVisiblity.getValue is false,MISS,0,0.000000
7,visible is system.charge.show,MISS,0,0.000000
8,mVisiblity.getValue is false,HIT,0,0.125000
9,visible is system.call.count gt 0,MISS,0,0.111111
10,mVisiblity.getValue is false,HIT,0,0.200000
11,visible is system.message.count gt 0,MISS,0,0.181818
12,mVisiblity.getValue is false,HIT,0,0.250000
13,visible is system.ownerinfo.show,MISS,0,0.230769
14,mVisiblity.getValue is false,HIT,0,0.285714
15,"release:lock=233570404, flg=0x0, tag=""View Lock"", name=com.android.systemui"", ws=null, uid=10037, pid=2227",MISS,0,0.266667
16,"ready=true,policy=3,wakefulness=1,wksummary=0x23,uasummary=0x1,bootcompleted=true,boostinprogress=false,waitmodeenable=false,mode=false,manual=38,auto=-1,adj=0.0userId=0",HIT,0,0.312500
17,Skipping AppWindowToken{df0798e token=Token{78af589 ActivityRecord{3b04890 u0 com.tencent.qt.qtl/com.tencent.video.player.activity.PlayerActivity t761}}} -- going to hide,HIT,0,0.352941
18,"updateClipping isOverlap:false, getTopPadding=333.0, Translation=-24.0",MISS,0,0.333333
19,updateDimmedActivatedHideSensitive overlap:false,MISS,0,0.315789
20,getRunningAppProcesses: caller 10113 does not hold REAL_GET_TASKS; limiting output,MISS,0,0.300000
21,"release:lock=189667585, flg=0x0, tag=""*launch*"", name=android"", ws=WorkSource{10113}, uid=1000, pid=1702",MISS,0,0.285714
22,"ready=true,policy=3,wakefulness=1,wksummary=0x23,uasummary=0x1,bootcompleted=true,boostinprogress=false,waitmodeenable=false,mode=false,manual=38,auto=-1,adj=0.0userId=0",HIT,0,0.318182
23,"setSystemUiVisibility vis=40000500 mask=ffffffff oldVal=508 newVal=40000500 diff=40000008 fullscreenStackVis=0 dockedStackVis=0, fullscreenStackBounds=Rect(0, 0 - 720, 1280), dockedStackBounds=Rect(0, 0 - 0, 0)",MISS,0,0.304348
24,cancelAutohide,MISS,0,0.291667
25,"notifyUiVisibilityChanged:vis=0x40000500, SystemUiVisibility=0x40000500",MISS,0,0.280000
26,Destroying surface Surface(name=SurfaceView - com.tencent.qt.qtl/com.tencent.video.player.activity.PlayerActivity) called by com.android.server.wm.WindowStateAnimator.destroyDeferredSurfaceLocked:942 com.android.server.wm.WindowManagerService.performDeferredDestroyWindow:3407 com.android.server.wm.Session.performDeferredDestroy:225 android.view.IWindowSession$Stub.onTransact:398 com.android.server.wm.Session.onTransact:136 android.os.Binder.execTransact:565 <bottom of call stack> <bottom of call stack>,MISS,0,0.269231
27,Destroying surface Surface(name=com.tencent.qt.qtl/com.tencent.video.player.activity.PlayerActivity) called by com.android.server.wm.WindowStateAnimator.destroySurface:2060 com.android.server.wm.WindowStateAnimator.destroySurfaceLocked:913 com.android.server.wm.WindowState.destroyOrSaveSurface:2201 com.android.server.wm.WindowManagerService.tryStartExitingAnimation:3299 com.android.server.wm.WindowManagerService.relayoutWindow:3179 com.android.server.wm.Session.relayout:215 android.view.IWindowSession$Stub.onTransact:286 com.android.server.wm.Session.onTransact:136,MISS,0,0.259259
28,"release:lock=62617001, flg=0x0, tag=""WindowManager"", name=android"", ws=WorkSource{10113}, uid=1000, pid=1702",MISS,0,0.250000
29,"userActivityNoUpdateLocked: eventTime=261843648, event=0, flags=0x1, uid=1000",MISS,0,0.241379
30,"ready=true,policy=3,wakefulness=1,wksummary=0x1,uasummary=0x1,bootcompleted=true,boostinprogress=false,waitmodeenable=false,mode=false,manual=38,auto=-1,adj=0.0userId=0",MISS,0,0.233333
31,"orientation change is complete, call stopFreezingDisplayLocked",MISS,0,0.225806
32,Screen frozen for +1s0ms due to Window{ca98d5 u0 com.tencent.qt.qtl/com.tencent.qt.qtl.activity.info.NewsDetailXmlActivity},MISS,0,0.218750
33,startAnimation begin,MISS,0,0.212121
34,startAnimation end,MISS,0,0.205882
35,"release:lock=226887582, flg=0x0, tag=""SCREEN_FROZEN"", name=android"", ws=null, uid=1000, pid=1702",MISS,0,0.200000
36,"ready=true,policy=3,wakefulness=1,wksummary=0x1,uasummary=0x1,bootcompleted=true,boostinprogress=false,waitmodeenable=false,mode=false,manual=38,auto=-1,adj=0.0userId=0",HIT,0,0.222222
37,remove(PendingIntent{19abed0: PendingIntentRecord{a485420 com.tencent.qt.qtl broadcastIntent}}) changed bounds; rebatching,MISS,0,0.216216
38,"rotationForOrientationLw(orient=1, last=0); user=0 USER_ROTATION_LOCKED",MISS,0,0.210526
39,"Application requested orientation 1, got rotation 0 which has compatible metrics",MISS,0,0.205128
40,"acquire lock=166121161, flags=0x1, tag=""RILJ_ACK_WL"", name=com.android.phone, ws=null, uid=1001, pid=2626",MISS,0,0.200000
41,"ready=true,policy=3,wakefulness=1,wksummary=0x1,uasummary=0x1,bootcompleted=true,boostinprogress=false,waitmodeenable=false,mode=false,manual=38,auto=-1,adj=0.0userId=0",HIT,0,0.219512
42,"ready=true,policy=3,wakefulness=1,wksummary=0x1,uasummary=0x1,bootcompleted=true,boostinprogress=false,waitmodeenable=false,mode=false,manual=38,auto=-1,adj=0.0userId=0",HIT,0,0.238095
43,"ready=true,policy=3,wakefulness=1,wksummary=0x1,uasummary=0x1,bootcompleted=true,boostinprogress=false,waitmodeenable=false,mode=false,manual=38,auto=-1,adj=0.0userId=0",HIT,0,0.255814
44,"ready=true,policy=3,wakefulness=1,wksummary=0x1,uasummary=0x1,bootcompleted=true,boostinprogress=false,waitmodeenable=false,mode=false,manual=38,auto=-1,adj=0.0userId=0",HIT,0,0.272727
45,"ready=true,policy=3,wakefulness=1,wksummary=0x1,uasummary=0x1,bootcompleted=true,boostinprogress=false,waitmodeenable=false,mode=false,manual=38,auto=-1,adj=0.0userId=0",HIT,0,0.288889
46,"ready=true,policy=3,wakefulness=1,wksummary=0x1,uasummary=0x1,bootcompleted=true,boostinprogress=false,waitmodeenable=false,mode=false,manual=38,auto=-1,adj=0.0userId=0",HIT,0,0.304348
47,shouldBlockLocation running ...,MISS,0,0.297872
48,shouldBlockLocation  ret:false,MISS,0,0.291667
49,shouldBlockLocation running ...,HIT,0,0.306122
50,shouldBlockLocation  ret:false,HIT,0,0.320000
51,getNeighboringCellInfo calling app is com.amap.android.ams,MISS,0,0.313725
52,shouldBlockLocation running ...,HIT,0,0.326923
53,shouldBlockLocation  ret:false,HIT,0,0.339623
54,"ready=true,policy=3,wakefulness=1,wksummary=0x1,uasummary=0x1,bootcompleted=true,boostinprogress=false,waitmodeenable=false,mode=false,manual=38,auto=-1,adj=0.0userId=0",HIT,0,0.351852
55,"ready=true,policy=3,wakefulness=1,wksummary=0x1,uasummary=0x1,bootcompleted=true,boostinprogress=false,waitmodeenable=false,mode=false,manual=38,auto=-1,adj=0.0userId=0",HIT,0,0.363636
56,shouldBlockLocation running ...,HIT,0,0.375000
57,shouldBlockLocation  ret:false,HIT,0,0.385965
58,"ready=true,policy=3,wakefulness=1,wksummary=0x1,uasummary=0x1,bootcompleted=true,boostinprogress=false,waitmodeenable=false,mode=false,manual=38,auto=-1,adj=0.0userId=0",HIT,0,0.396552
59,"ready=true,policy=3,wakefulness=1,wksummary=0x1,uasummary=0x1,bootcompleted=true,boostinprogress=false,waitmodeenable=false,mode=false,manual=38,auto=-1,adj=0.0userId=0",HIT,0,0.406780
60,"ready=true,policy=3,wakefulness=1,wksummary=0x1,uasummary=0x1,bootcompleted=true,boostinprogress=false,waitmodeenable=false,mode=false,manual=38,auto=-1,adj=0.0userId=0",HIT,0,0.416667
61,"ready=true,policy=3,wakefulness=1,wksummary=0x1,uasummary=0x1,bootcompleted=true,boostinprogress=false,waitmodeenable=false,mode=false,manual=38,auto=-1,adj=0.0userId=0",HIT,0,0.426230
62,"release:lock=166121161, flg=0x0, tag=""RILJ_ACK_WL"", name=com.android.phone"", ws=null, uid=1001, pid=2626",MISS,0,0.419355
63,"ready=true,policy=3,wakefulness=1,wksummary=0x1,uasummary=0x1,bootcompleted=true,boostinprogress=false,waitmodeenable=false,mode=false,manual=38,auto=-1,adj=0.0userId=0",HIT,0,0.428571
64,shouldBlockLocation running ...,HIT,0,0.437500
65,shouldBlockLocation  ret:false,HIT,0,0.446154
66,"release:lock=264232593, flg=0x0, tag=""AudioMix"", name=audioserver"", ws=null, uid=1041, pid=0",MISS,0,0.439394
67,"ready=true,policy=3,wakefulness=1,wksummary=0x0,uasummary=0x1,bootcompleted=true,boostinprogress=false,waitmodeenable=false,mode=false,manual=38,auto=-1,adj=0.0userId=0",MISS,0,0.432836
68,"Releasing suspend blocker ""PowerManagerService.WakeLocks"".",MISS,0,0.426471
69,HBM brightnessIn =38,MISS,0,0.420290
70,HBM brightnessOut =38,MISS,0,0.414286
71,"Animating brightness: target=38, rate=200",MISS,0,0.408451
72,"userActivityNoUpdateLocked: eventTime=261849942, event=2, flags=0x0, uid=1000",MISS,0,0.402778
73,"ready=true,policy=3,wakefulness=1,wksummary=0x0,uasummary=0x1,bootcompleted=true,boostinprogress=false,waitmodeenable=false,mode=false,manual=38,auto=-1,adj=0.0userId=0",HIT,0,0.410959
74,suspendAutohide,MISS,0,0.405405
75,interceptKeyTq keycode=4 interactive=true keyguardActive=false policyFlags=2b000002 down true canceled false,MISS,0,0.400000
76,"interceptKeyBeforeQueueing: key 4 , result : 1",MISS,0,0.394737
77,"userActivityNoUpdateLocked: eventTime=261849949, event=1, flags=0x0, uid=1000",MISS,0,0.389610
78,"ready=true,policy=3,wakefulness=1,wksummary=0x0,uasummary=0x1,bootcompleted=true,boostinprogress=false,waitmodeenable=false,mode=false,manual=38,auto=-1,adj=0.0userId=0",HIT,0,0.397436
79,resumeSuspendedAutohide,MISS,0,0.392405
80,interceptKeyTq keycode=4 interactive=true keyguardActive=false policyFlags=2b000002 down false canceled false,MISS,0,0.387500
81,"interceptKeyBeforeQueueing: key 4 , result : 1",HIT,0,0.395062
82,querySoundEffectsEnabled...,MISS,0,0.390244
83,"acquire lock=189667585, flags=0x1, tag=""*launch*"", name=android, ws=WorkSource{10113}, uid=1000, pid=1702",MISS,0,0.385542
84,"ready=true,policy=3,wakefulness=1,wksummary=0x1,uasummary=0x1,bootcompleted=true,boostinprogress=false,waitmodeenable=false,mode=false,manual=38,auto=-1,adj=0.0userId=0",HIT,0,0.392857
85,"Acquiring suspend blocker ""PowerManagerService.WakeLocks"".",MISS,0,0.388235
86,Skipping AppWindowToken{9f4ef63 token=Token{a64f992 ActivityRecord{de9231d u0 com.tencent.qt.qtl/.activity.info.NewsDetailXmlActivity t761}}} -- going to hide,MISS,0,0.383721
87,"setSystemUiVisibility vis=508 mask=ffffffff oldVal=40000500 newVal=508 diff=40000008 fullscreenStackVis=0 dockedStackVis=0, fullscreenStackBounds=Rect(0, 0 - 720, 1280), dockedStackBounds=Rect(0, 0 - 0, 0)",MISS,0,0.379310
88,cancelAutohide,MISS,0,0.375000
89,"notifyUiVisibilityChanged:vis=0x508, SystemUiVisibility=0x508",MISS,0,0.370787
90,Bad activity token: android.os.BinderProxy@2bd79ce,MISS,0,0.366667
91,java.lang.ClassCastException: android.os.BinderProxy cannot be cast to com.android.server.am.ActivityRecord$Token,MISS,0,0.362637
92,Skipping AppWindowToken{9f4ef63 token=Token{a64f992 ActivityRecord{de9231d u0 com.tencent.qt.qtl/.activity.info.NewsDetailXmlActivity t761}}} -- going to hide,HIT,0,0.369565
93,"release:lock=189667585, flg=0x0, tag=""*launch*"", name=android"", ws=WorkSource{10113}, uid=1000, pid=1702",MISS,0,0.365591
94,"ready=true,policy=3,wakefulness=1,wksummary=0x0,uasummary=0x1,bootcompleted=true,boostinprogress=false,waitmodeenable=false,mode=false,manual=38,auto=-1,adj=0.0userId=0",HIT,0,0.372340
95,"Releasing suspend blocker ""PowerManagerService.WakeLocks"".",HIT,0,0.378947
96,"setSystemUiVisibility vis=40000500 mask=ffffffff oldVal=508 newVal=40000500 diff=40000008 fullscreenStackVis=0 dockedStackVis=0, fullscreenStackBounds=Rect(0, 0 - 720, 1280), dockedStackBounds=Rect(0, 0 - 0, 0)",MISS,0,0.375000
97,cancelAutohide,HIT,0,0.381443
98,"notifyUiVisibilityChanged:vis=0x40000500, SystemUiVisibility=0x40000500",MISS,0,0.377551
99,"userActivityNoUpdateLocked: eventTime=261850777, event=2, flags=0x0, uid=1000",MISS,0,0.373737
100,"ready=true,policy=3,wakefulness=1,wksummary=0x0,uasummary=0x1,bootcompleted=true,boostinprogress=false,waitmodeenable=false,mode=false,manual=38,auto=-1,adj=0.0userId=0",HIT,0,0.380000
101,suspendAutohide,HIT,0,0.386139
102,suspendAutohide,HIT,0,0.392157
103,"onTouchEvent::0, x=271.0, y=14.0",MISS,0,0.388350
104,schedulePeek,MISS,0,0.384615
105,getRingtonePlayer...,MISS,0,0.380952
106,disable: < expand ICONS* alerts SYSTEM_INFO* back home recent clock navigationbar search quick_settings >,MISS,0,0.377358
107,suspendAutohide,HIT,0,0.383178
108,"updateLightsLocked,mInCall =false,mScreenOn = true,ledNotification == null?true",MISS,0,0.379630
109,"updateLightsLocked,turn off notificationLight",MISS,0,0.376147
110,getRingtonePlayer...,HIT,0,0.381818
111,"updateLightsLocked,mInCall =false,mScreenOn = true,ledNotification == null?true",HIT,0,0.387387
112,"updateLightsLocked,turn off notificationLight",HIT,0,0.392857
113,"overlapAmount:196.0, previousNotificationEnd:0.0, newYTranslation:-196.0, location:4, i:0, getTopPadding:333.0, getLocationOnScreen():-529",MISS,0,0.389381
114,"state.clipTopAmount:180, i:0",MISS,0,0.385965
115,"updateClipping isOverlap:true, getTopPadding=333.0, Translation=-529.0",MISS,0,0.382609
116,updateDimmedActivatedHideSensitive overlap:true,MISS,0,0.379310
117,getRunningAppProcesses: caller 10113 does not hold REAL_GET_TASKS; limiting output,MISS,0,0.376068
118,"setSystemUiVisibility vis=40000600 mask=ffffffff oldVal=40000500 newVal=40000600 diff=300 fullscreenStackVis=0 dockedStackVis=0, fullscreenStackBounds=Rect(0, 0 - 720, 1280), dockedStackBounds=Rect(0, 0 - 0, 0)",MISS,0,0.372881
119,"notifyUiVisibilityChanged:vis=0x40000600, SystemUiVisibility=0x40000600",MISS,0,0.369748
120,suspendAutohide,HIT,0,0.375000
121,onExpandingStarted,MISS,0,0.371901
122,suspendAutohide,HIT,0,0.377049
123,onTrackingStarted,MISS,0,0.373984
124,Destroying surface Surface(name=com.tencent.qt.qtl/com.tencent.qt.qtl.activity.info.NewsDetailXmlActivity) called by com.android.server.wm.WindowStateAnimator.destroySurface:2060 com.android.server.wm.WindowStateAnimator.destroySurfaceLocked:913 com.android.server.wm.WindowState.removeLocked:1554 com.android.server.wm.WindowManagerService.removeWindowInnerLocked:2739 com.android.server.wm.WindowManagerService.removeWindowInnerLocked:2702 com.android.server.wm.WindowManagerService.removeWindowLocked:2691 com.android.server.wm.WindowManagerService.removeWindowLocked:2560 com.android.server.wm.WindowManagerService.removeWindow:2555,MISS,0,0.370968
125,suspendAutohide,HIT,0,0.376000
126,"overlapAmount:146.0, previousNotificationEnd:0.0, newYTranslation:-146.0, location:4, i:0, getTopPadding:333.0, getLocationOnScreen():-479",MISS,0,0.373016
127,"state.clipTopAmount:130, i:0",MISS,0,0.370079
128,"updateClipping isOverlap:true, getTopPadding=333.0, Translation=-479.0",MISS,0,0.367188
129,updateDimmedActivatedHideSensitive overlap:true,HIT,0,0.372093
130,suspendAutohide,HIT,0,0.376923
131,"overlapAmount:119.0, previousNotificationEnd:0.0, newYTranslation:-119.0, location:4, i:0, getTopPadding:333.0, getLocationOnScreen():-452",MISS,0,0.374046
132,"state.clipTopAmount:103, i:0",MISS,0,0.371212
133,"updateClipping isOverlap:true, getTopPadding=333.0, Translation=-452.0",MISS,0,0.368421
134,updateDimmedActivatedHideSensitive overlap:true,HIT,0,0.373134
135,suspendAutohide,HIT,0,0.377778
136,"overlapAmount:85.0, previousNotificationEnd:0.0, newYTranslation:-85.0, location:4, i:0, getTopPadding:333.0, getLocationOnScreen():-418",MISS,0,0.375000
137,"state.clipTopAmount:69, i:0",MISS,0,0.372263
138,"updateClipping isOverlap:true, getTopPadding=333.0, Translation=-418.0",MISS,0,0.369565
139,updateDimmedActivatedHideSensitive overlap:true,HIT,0,0.374101
140,suspendAutohide,HIT,0,0.378571
141,"overlapAmount:46.0, previousNotificationEnd:0.0, newYTranslation:-46.0, location:4, i:0, getTopPadding:333.0, getLocationOnScreen():-379",MISS,0,0.375887
142,"state.clipTopAmount:30, i:0",MISS,0,0.373239
143,"updateClipping isOverlap:true, getTopPadding=333.0, Translation=-379.0",MISS,0,0.370629
144,updateDimmedActivatedHideSensitive overlap:true,HIT,0,0.375000
145,suspendAutohide,HIT,0,0.379310
146,"overlapAmount:5.0, previousNotificationEnd:0.0, newYTranslation:-5.0, location:4, i:0, getTopPadding:333.0, getLocationOnScreen():-338",MISS,0,0.376712
147,"state.clipTopAmount:-1, i:0",MISS,0,0.374150
148,"updateClipping isOverlap:true, getTopPadding=333.0, Translation=-338.0",MISS,0,0.371622
149,updateDimmedActivatedHideSensitive overlap:true,HIT,0,0.375839
150,suspendAutohide,HIT,0,0.380000
151,"updateClipping isOverlap:false, getTopPadding=333.0, Translation=-293.0",MISS,0,0.377483
152,updateDimmedActivatedHideSensitive overlap:false,MISS,0,0.375000
153,suspendAutohide,HIT,0,0.379085
154,"updateClipping isOverlap:false, getTopPadding=333.0, Translation=-250.0",MISS,0,0.376623
155,updateDimmedActivatedHideSensitive overlap:false,HIT,0,0.380645
156,suspendAutohide,HIT,0,0.384615
157,suspendAutohide,HIT,0,0.388535
158,"onTouchEvent::1, x=296.0, y=327.0",MISS,0,0.386076
159,cancelPeek: false,MISS,0,0.383648
160,"flingToHeight: vel=2849.079, expand=true, target=553.0, collapseSpeedUpFactor=1.0, expandBecauseOfFalsing=false",MISS,0,0.381250
161,onTrackingStopped: true,MISS,0,0.378882
162,"updateClipping isOverlap:false, getTopPadding=333.0, Translation=-240.0",MISS,0,0.376543
163,updateDimmedActivatedHideSensitive overlap:false,HIT,0,0.380368
164,"updateClipping isOverlap:false, getTopPadding=333.0, Translation=-200.0",MISS,0,0.378049
165,updateDimmedActivatedHideSensitive overlap:false,HIT,0,0.381818
166,"updateClipping isOverlap:false, getTopPadding=333.0, Translation=-168.0",MISS,0,0.379518
167,updateDimmedActivatedHideSensitive overlap:false,HIT,0,0.383234
168,"updateClipping isOverlap:false, getTopPadding=333.0, Translation=-139.0",MISS,0,0.380952
169,updateDimmedActivatedHideSensitive overlap:false,HIT,0,0.384615
170,"updateClipping isOverlap:false, getTopPadding=333.0, Translation=-113.0",MISS,0,0.382353
171,updateDimmedActivatedHideSensitive overlap:false,HIT,0,0.385965
172,"updateClipping isOverlap:false, getTopPadding=333.0, Translation=-90.0",MISS,0,0.383721
173,updateDimmedActivatedHideSensitive overlap:false,HIT,0,0.387283
174,"updateClipping isOverlap:false, getTopPadding=333.0, Translation=-72.0",MISS,0,0.385057
175,updateDimmedActivatedHideSensitive overlap:false,HIT,0,0.388571
176,"updateClipping isOverlap:false, getTopPadding=333.0, Translation=-55.0",MISS,0,0.386364
177,updateDimmedActivatedHideSensitive overlap:false,HIT,0,0.389831
178,"updateClipping isOverlap:false, getTopPadding=333.0, Translation=-40.0",MISS,0,0.387640
179,updateDimmedActivatedHideSensitive overlap:false,HIT,0,0.391061
180,"updateClipping isOverlap:false, getTopPadding=333.0, Translation=-29.0",MISS,0,0.388889
181,updateDimmedActivatedHideSensitive overlap:false,HIT,0,0.392265
182,"updateClipping isOverlap:false, getTopPadding=333.0, Translation=-19.0",MISS,0,0.390110
183,updateDimmedActivatedHideSensitive overlap:false,HIT,0,0.393443
184,"updateClipping isOverlap:false, getTopPadding=333.0, Translation=-11.0",MISS,0,0.391304
185,updateDimmedActivatedHideSensitive overlap:false,HIT,0,0.394595
186,"updateClipping isOverlap:false, getTopPadding=333.0, Translation=-6.0",MISS,0,0.392473
187,updateDimmedActivatedHideSensitive overlap:false,HIT,0,0.395722
188,"updateClipping isOverlap:false, getTopPadding=333.0, Translation=-2.0",MISS,0,0.393617
189,updateDimmedActivatedHideSensitive overlap:false,HIT,0,0.396825
190,"updateClipping isOverlap:false, getTopPadding=333.0, Translation=-1.0",MISS,0,0.394737
191,updateDimmedActivatedHideSensitive overlap:false,HIT,0,0.397906
192,onExpandingFinished,MISS,0,0.395833
193,"updateClipping isOverlap:false, getTopPadding=333.0, Translation=0.0",MISS,0,0.393782
194,updateDimmedActivatedHideSensitive overlap:false,HIT,0,0.396907
195,Sending non-protected broadcast com.android.systemui.statusbar.visible.change from system 2227:com.android.systemui/u0a37 pkg com.android.systemui,MISS,0,0.394872
196,logNotificationVisibilityChanges runInThread start,MISS,0,0.392857
197,onNotificationVisibilityChanged called,MISS,0,0.390863
198,logNotificationVisibilityChanges runInThread over,MISS,0,0.388889
199,isSimPinSecure mSimDatas is null or empty,MISS,0,0.386935
200,registerCallback not in UI.,MISS,0,0.385000
201,android.util.AndroidRuntimeException: Must execute in UI,MISS,0,0.383085
202,*** register callback for com.android.systemui.statusbar.policy.KeyguardMonitor@712d093,MISS,0,0.381188
203,registerCallback not in UI.,HIT,0,0.384236
204,android.util.AndroidRuntimeException: Must execute in UI,HIT,0,0.387255
205,*** unregister callback for null,MISS,0,0.385366
206,[PhoneIntfMgr] getDataEnabled: subId=1 phoneId=1,MISS,0,0.383495
207,[PhoneIntfMgr] getDataEnabled: subId=1 retVal=true,MISS,0,0.381643
208,"userActivityNoUpdateLocked: eventTime=261851646, event=2, flags=0x0, uid=1000",MISS,0,0.379808
209,"ready=true,policy=3,wakefulness=1,wksummary=0x0,uasummary=0x1,bootcompleted=true,boostinprogress=false,waitmodeenable=false,mode=false,manual=38,auto=-1,adj=0.0userId=0",HIT,0,0.382775
210,"onInterceptTouchEvent MotionEvent { action=ACTION_DOWN, actionButton=0, id[0]=0, x[0]=317.0, y[0]=419.0, toolType[0]=TOOL_TYPE_FINGER, buttonState=0, metaState=0, flags=0x0, edgeFlags=0x0, pointerCount=1, historySize=0, eventTime=261851646, downTime=261851646, deviceId=3, source=0x1002 }, mBlockTouches=false",MISS,0,0.380952
211,"updateClipping isOverlap:false, getTopPadding=333.0, Translation=0.0",HIT,0,0.383886
212,updateDimmedActivatedHideSensitive overlap:false,HIT,0,0.386792
213,"onInterceptTouchEvent MotionEvent { action=ACTION_UP, actionButton=0, id[0]=0, x[0]=317.0, y[0]=419.0, toolType[0]=TOOL_TYPE_FINGER, buttonState=0, metaState=0, flags=0x0, edgeFlags=0x0, pointerCount=1, historySize=0, eventTime=261851713, downTime=261851646, deviceId=3, source=0x1002 }, mBlockTouches=false",MISS,0,0.384977
214,playSoundEffect   effectType: 0,MISS,0,0.383178
215,querySoundEffectsEnabled...,MISS,0,0.381395
216,"animateCollapsePanels:flags=2, force=true, delayed=true, mExpandedVisible=true",MISS,0,0.379630
217,onExpandingStarted,MISS,0,0.377880
218,logNotificationVisibilityChanges runInThread start,HIT,0,0.380734
219,onNotificationVisibilityChanged called,HIT,0,0.383562
220,logNotificationVisibilityChanges runInThread over,HIT,0,0.386364
221,START u0 {act=com.tencent.mobileqq.action.MAINACTIVITY flg=0x14000000 cmp=com.tencent.mobileqq/.activity.SplashActivity (has extras)} from uid 10111 on display 0,MISS,0,0.384615
222,"ActivityRecord info: ActivityInfo{d1c8e63 com.tencent.mobileqq.activity.SplashActivity}, euid: 0",MISS,0,0.382883
223,"setSystemUiVisibility vis=40000500 mask=ffffffff oldVal=40000600 newVal=40000500 diff=300 fullscreenStackVis=0 dockedStackVis=0, fullscreenStackBounds=Rect(0, 0 - 720, 1280), dockedStackBounds=Rect(0, 0 - 0, 0)",MISS,0,0.381166
224,"notifyUiVisibilityChanged:vis=0x40000500, SystemUiVisibility=0x40000500",MISS,0,0.379464
225,"acquire lock=189667585, flags=0x1, tag=""*launch*"", name=android, ws=WorkSource{10111}, uid=1000, pid=1702",MISS,0,0.377778
226,"ready=true,policy=3,wakefulness=1,wksummary=0x1,uasummary=0x1,bootcompleted=true,boostinprogress=false,waitmodeenable=false,mode=false,manual=38,auto=-1,adj=0.0userId=0",HIT,0,0.380531
227,"Acquiring suspend blocker ""PowerManagerService.WakeLocks"".",MISS,0,0.378855
228,onNotificationClick called,MISS,0,0.377193
229,"cancelNotification,index:0",MISS,0,0.375546
230,"cancelNotification,cancelNotificationLocked,callingUid = 10037,callingPid = 2227",MISS,0,0.373913
231,"cancelNotificationLocked called,tell the app,reason = 1",MISS,0,0.372294
232,cancelNotificationLocked:0|com.tencent.mobileqq|121|null|10111,MISS,0,0.370690
233,"cancelNotificationLocked,remove =com.tencent.mobileqq",MISS,0,0.369099
234,applyOptionsLocked: Unknown animationType=0,MISS,0,0.367521
235,cancelPeek: false,MISS,0,0.365957
236,"flingToHeight: vel=0.0, expand=false, target=0.0, collapseSpeedUpFactor=1.0, expandBecauseOfFalsing=false",MISS,0,0.364407
237,"updateClipping isOverlap:false, getTopPadding=333.0, Translation=-6.0",HIT,0,0.367089
238,updateDimmedActivatedHideSensitive overlap:false,HIT,0,0.369748
239,"updateClipping isOverlap:false, getTopPadding=333.0, Translation=-21.0",MISS,0,0.368201
240,updateDimmedActivatedHideSensitive overlap:false,HIT,0,0.370833
241,"updateClipping isOverlap:false, getTopPadding=333.0, Translation=-43.0",MISS,0,0.369295
242,updateDimmedActivatedHideSensitive overlap:false,HIT,0,0.371901
243,"Taking screenshot from Surface with crop:[Rect(0, 48 - 720, 1208)], width:[432], height:[696], minLayer:[21085], maxLayer:[21085], inRotation:[false], rot:[0]",MISS,0,0.370370
244,"updateClipping isOverlap:false, getTopPadding=333.0, Translation=-70.0",MISS,0,0.368852
245,updateDimmedActivatedHideSensitive overlap:false,HIT,0,0.371429
246,"updateClipping isOverlap:false, getTopPadding=333.0, Translation=-102.0",MISS,0,0.369919
247,updateDimmedActivatedHideSensitive overlap:false,HIT,0,0.372470
248,"updateClipping isOverlap:false, getTopPadding=333.0, Translation=-139.0",MISS,0,0.370968
249,updateDimmedActivatedHideSensitive overlap:false,HIT,0,0.373494
250,"updateLightsLocked,mInCall =false,mScreenOn = true,ledNotification == null?true",HIT,0,0.376000
251,"updateLightsLocked,turn off notificationLight",HIT,0,0.378486
252,"updateClipping isOverlap:false, getTopPadding=333.0, Translation=-178.0",MISS,0,0.376984
253,updateDimmedActivatedHideSensitive overlap:false,HIT,0,0.379447
254,"updateClipping isOverlap:false, getTopPadding=333.0, Translation=-222.0",MISS,0,0.377953
255,updateDimmedActivatedHideSensitive overlap:false,HIT,0,0.380392
256,"updateClipping isOverlap:false, getTopPadding=333.0, Translation=-270.0",MISS,0,0.378906
257,updateDimmedActivatedHideSensitive overlap:false,HIT,0,0.381323
258,removeNotification:0|com.tencent.mobileqq|121|null|10111,MISS,0,0.379845
259,"updateNotificationShade: total=0, active=0",MISS,0,0.378378
260,"animateCollapsePanels:flags=0, force=false, delayed=false, mExpandedVisible=true",MISS,0,0.376923
261,"updateClipping isOverlap:false, getTopPadding=333.0, Translation=-321.0",MISS,0,0.375479
262,updateDimmedActivatedHideSensitive overlap:false,HIT,0,0.377863
263,The change in focus caused us to need to do a layout begin,MISS,0,0.376426
264,The change in focus caused us to need to do a layout end,MISS,0,0.375000
265,"overlapAmount:95.0, previousNotificationEnd:0.0, newYTranslation:-95.0, location:4, i:0, getTopPadding:333.0, getLocationOnScreen():-428",MISS,0,0.373585
266,"state.clipTopAmount:79, i:0",MISS,0,0.372180
267,"updateClipping isOverlap:true, getTopPadding=333.0, Translation=-428.0",MISS,0,0.370787
268,updateDimmedActivatedHideSensitive overlap:true,HIT,0,0.373134
269,"setSystemUiVisibility vis=508 mask=ffffffff oldVal=40000500 newVal=508 diff=40000008 fullscreenStackVis=0 dockedStackVis=0, fullscreenStackBounds=Rect(0, 0 - 720, 1280), dockedStackBounds=Rect(0, 0 - 0, 0)",MISS,0,0.371747
270,cancelAutohide,HIT,0,0.374074
271,"notifyUiVisibilityChanged:vis=0x508, SystemUiVisibility=0x508",MISS,0,0.372694
272,setLightsOn(true),MISS,0,0.371324
273,"setSystemUiVisibility vis=0 mask=1 oldVal=508 newVal=508 diff=0 fullscreenStackVis=0 dockedStackVis=0, fullscreenStackBounds=Rect(0, 0 - 0, 0), dockedStackBounds=Rect(0, 0 - 0, 0)",MISS,0,0.369963
274,"overlapAmount:154.0, previousNotificationEnd:0.0, newYTranslation:-154.0, location:4, i:0, getTopPadding:333.0, getLocationOnScreen():-487",MISS,0,0.368613
275,"state.clipTopAmount:138, i:0",MISS,0,0.367273
276,"updateClipping isOverlap:true, getTopPadding=333.0, Translation=-487.0",MISS,0,0.365942
277,updateDimmedActivatedHideSensitive overlap:true,HIT,0,0.368231
278,"overlapAmount:213.0, previousNotificationEnd:0.0, newYTranslation:-213.0, location:4, i:0, getTopPadding:333.0, getLocationOnScreen():-546",MISS,0,0.366906
279,"state.clipTopAmount:197, i:0",MISS,0,0.365591
280,"updateClipping isOverlap:true, getTopPadding=333.0, Translation=-546.0",MISS,0,0.364286
281,updateDimmedActivatedHideSensitive overlap:true,HIT,0,0.366548
282,"updateNotificationShade: total=0, active=0",HIT,0,0.368794
283,removeNotificationChildren,MISS,0,0.367491
284,onExpandingFinished,MISS,0,0.366197
285,"updateNotificationShade: total=0, active=0",HIT,0,0.368421
286,removeNotificationChildren,HIT,0,0.370629
287,Sending non-protected broadcast com.android.systemui.statusbar.visible.change from system 2227:com.android.systemui/u0a37 pkg com.android.systemui,MISS,0,0.369338
288,"updateClipping isOverlap:false, getTopPadding=333.0, Translation=0.0",HIT,0,0.371528
289,updateDimmedActivatedHideSensitive overlap:false,HIT,0,0.373702
290,"Skipping, withExcluded: false, tr.intent:Intent { flg=0x10804000 cmp=com.android.systemui/.recents.RecentsActivity bnds=[264,444][920,908] }",MISS,0,0.372414
291,"Skipping, withExcluded: false, tr.intent:Intent { act=android.intent.action.MAIN flg=0x10840000 cmp=com.android.incallui/.InCallActivity (has extras) }",MISS,0,0.371134
292,"Skipping, withExcluded: false, tr.intent:Intent { flg=0x18800000 cmp=com.tencent.mm/.plugin.base.stub.WXEntryActivity (has extras) }",MISS,0,0.369863
293,"Skipping, withExcluded: false, tr.intent:Intent { flg=0x10800000 cmp=com.tencent.qqmusic/.business.lockscreen.LockScreenActivity (has extras) }",MISS,0,0.368601
294,"Skipping, withExcluded: false, tr.intent:Intent { act=com.android.contacts.action.CHOOSE_SUB dat=tel:xxxxxxxxxxx flg=0x10808000 cmp=com.android.contacts/.ChooseSubActivity (has extras) }",MISS,0,0.367347
295,"Skipping, withExcluded: false, tr.intent:Intent { act=android.intent.action.VIEW dat=file:///storage/emulated/0/Tencent/QQfile_recv/b.apk typ=application/vnd.android.package-archive flg=0x10800000 cmp=com.android.packageinstaller/.PackageInstallerActivity (has extras) }",MISS,0,0.366102
296,"getRecentTasks: num=20,flags=62,totalTasks=46",MISS,0,0.364865
297,getRecentTasks: topActivity=ComponentInfo{com.tencent.mobileqq/com.tencent.mobileqq.activity.SplashActivity},MISS,0,0.363636
298,"ready=true,policy=3,wakefulness=1,wksummary=0x1,uasummary=0x1,bootcompleted=true,boostinprogress=false,waitmodeenable=false,mode=false,manual=38,auto=-1,adj=0.0userId=0",HIT,0,0.365772
299,"Skipping, withExcluded: false, tr.intent:Intent { flg=0x10804000 cmp=com.android.systemui/.recents.RecentsActivity bnds=[264,444][920,908] }",HIT,0,0.367893
300,"Skipping, withExcluded: false, tr.intent:Intent { act=android.intent.action.MAIN flg=0x10840000 cmp=com.android.incallui/.InCallActivity (has extras) }",HIT,0,0.370000
301,"Skipping, withExcluded: false, tr.intent:Intent { flg=0x18800000 cmp=com.tencent.mm/.plugin.base.stub.WXEntryActivity (has extras) }",HIT,0,0.372093
302,"getRecentTasks: num=10,flags=62,totalTasks=46",MISS,0,0.370861
303,getRecentTasks: topActivity=ComponentInfo{com.tencent.mobileqq/com.tencent.mobileqq.activity.SplashActivity},HIT,0,0.372937
304,"cancelNotificationWithTag pid 28601,uid = 10111,tag = null,pkg =com.tencent.mobileqq,id =121",MISS,0,0.371711
305,"cancelNotification,index:-1",MISS,0,0.370492
306,"cancelNotificationWithTag pid 28601,uid = 10111,tag = null,pkg =com.tencent.mobileqq,id =119",MISS,0,0.369281
307,"cancelNotification,index:-1",HIT,0,0.371336
308,"cancelNotificationWithTag pid 28601,uid = 10111,tag = null,pkg =com.tencent.mobileqq,id =122",MISS,0,0.370130
309,setLightsOn(true),HIT,0,0.372168
310,"setSystemUiVisibility vis=0 mask=1 oldVal=508 newVal=508 diff=0 fullscreenStackVis=0 dockedStackVis=0, fullscreenStackBounds=Rect(0, 0 - 0, 0), dockedStackBounds=Rect(0, 0 - 0, 0)",HIT,0,0.374194
311,"setSystemUiVisibility vis=40000500 mask=ffffffff oldVal=508 newVal=40000500 diff=40000008 fullscreenStackVis=0 dockedStackVis=0, fullscreenStackBounds=Rect(0, 0 - 720, 1280), dockedStackBounds=Rect(0, 0 - 0, 0)",MISS,0,0.372990
312,cancelAutohide,HIT,0,0.375000
313,"notifyUiVisibilityChanged:vis=0x40000500, SystemUiVisibility=0x40000500",MISS,0,0.373802
314,makeExpandedInvisible: mExpandedVisible=true,MISS,0,0.372611
315,closeQs,MISS,0,0.371429
316,cancelPeek: false,MISS,0,0.370253
317,instantCollapse,MISS,0,0.369085
318,cancelPeek: false,HIT,0,0.371069
319,closeQs,HIT,0,0.373041
320,resumeSuspendedAutohide,MISS,0,0.371875
321,disable: < expand icons* alerts system_info* back home recent clock navigationbar search quick_settings >,MISS,0,0.370717
322,"cancelNotificationWithTag pid 28601,uid = 10111,tag = null,pkg =com.tencent.mobileqq,id =123",MISS,0,0.369565
323,"cancelNotification,index:-1",HIT,0,0.371517
324,"cancelNotification,index:-1",HIT,0,0.373457
325,getRunningAppProcesses: caller 10111 does not hold REAL_GET_TASKS; limiting output,MISS,0,0.372308
326,"release:lock=189667585, flg=0x0, tag=""*launch*"", name=android"", ws=WorkSource{10111}, uid=1000, pid=1702",MISS,0,0.371166
327,"ready=true,policy=3,wakefulness=1,wksummary=0x1,uasummary=0x1,bootcompleted=true,boostinprogress=false,waitmodeenable=false,mode=false,manual=38,auto=-1,adj=0.0userId=0",HIT,0,0.373089
328,"cancelNotificationWithTag pid 28601,uid = 10111,tag = null,pkg =com.tencent.mobileqq,id =129",MISS,0,0.371951
329,"cancelNotification,index:-1",HIT,0,0.373860
330,"cancelNotificationWithTag pid 28601,uid = 10111,tag = null,pkg =com.tencent.mobileqq,id =135",MISS,0,0.372727
331,"cancelNotificationWithTag pid 28601,uid = 10111,tag = null,pkg =com.tencent.mobileqq,id =140",MISS,0,0.371601
332,"cancelNotificationWithTag pid 28601,uid = 10111,tag = null,pkg =com.tencent.mobileqq,id =144",MISS,0,0.370482
333,"cancelNotification,index:-1",HIT,0,0.372372
334,"cancelNotification,index:-1",HIT,0,0.374251
335,"cancelNotification,index:-1",HIT,0,0.376119
336,"cancelNotificationWithTag pid 28601,uid = 10111,tag = null,pkg =com.tencent.mobileqq,id =193",MISS,0,0.375000
337,"cancelNotification,index:-1",HIT,0,0.376855
338,"ready=true,policy=3,wakefulness=1,wksummary=0x0,uasummary=0x1,bootcompleted=true,boostinprogress=false,waitmodeenable=false,mode=false,manual=38,auto=-1,adj=0.0userId=0",HIT,0,0.378698
339,"Releasing suspend blocker ""PowerManagerService.WakeLocks"".",HIT,0,0.380531
340,"updateClipping isOverlap:false, getTopPadding=333.0, Translation=0.0",HIT,0,0.382353
341,updateDimmedActivatedHideSensitive overlap:false,HIT,0,0.384164
342,setLightsOn(true),HIT,0,0.385965
343,"setSystemUiVisibility vis=0 mask=1 oldVal=40000500 newVal=40000500 diff=0 fullscreenStackVis=0 dockedStackVis=0, fullscreenStackBounds=Rect(0, 0 - 0, 0), dockedStackBounds=Rect(0, 0 - 0, 0)",MISS,0,0.384840
344,registerCallback not in UI.,HIT,0,0.386628
345,android.util.AndroidRuntimeException: Must execute in UI,HIT,0,0.388406
346,*** unregister callback for com.android.systemui.statusbar.policy.KeyguardMonitor@712d093,MISS,0,0.387283
347,setLightsOn(true),HIT,0,0.389049
348,"setSystemUiVisibility vis=0 mask=1 oldVal=40000500 newVal=40000500 diff=0 fullscreenStackVis=0 dockedStackVis=0, fullscreenStackBounds=Rect(0, 0 - 0, 0), dockedStackBounds=Rect(0, 0 - 0, 0)",HIT,0,0.390805
349,setLightsOn(true),HIT,0,0.392550
350,"setSystemUiVisibility vis=0 mask=1 oldVal=40000500 newVal=40000500 diff=0 fullscreenStackVis=0 dockedStackVis=0, fullscreenStackBounds=Rect(0, 0 - 0, 0), dockedStackBounds=Rect(0, 0 - 0, 0)",HIT,0,0.394286
351,setLightsOn(true),HIT,0,0.396011
352,"setSystemUiVisibility vis=0 mask=1 oldVal=40000500 newVal=40000500 diff=0 fullscreenStackVis=0 dockedStackVis=0, fullscreenStackBounds=Rect(0, 0 - 0, 0), dockedStackBounds=Rect(0, 0 - 0, 0)",HIT,0,0.397727
353,getTasks: caller 10113 does not hold REAL_GET_TASKS; limiting output,MISS,0,0.396601
354,setLightsOn(true),HIT,0,0.398305
355,"setSystemUiVisibility vis=0 mask=1 oldVal=40000500 newVal=40000500 diff=0 fullscreenStackVis=0 dockedStackVis=0, fullscreenStackBounds=Rect(0, 0 - 0, 0), dockedStackBounds=Rect(0, 0 - 0, 0)",HIT,0,0.400000
356,Destroying surface Surface(name=com.tencent.qt.qtl/com.tencent.qt.qtl.activity.main.MainTabActivity) called by com.android.server.wm.WindowStateAnimator.destroySurface:2060 com.android.server.wm.WindowStateAnimator.destroySurfaceLocked:913 com.android.server.wm.WindowState.destroyOrSaveSurface:2201 com.android.server.wm.AppWindowToken.destroySurfaces:374 com.android.server.wm.AppWindowToken.notifyAppStopped:400 com.android.server.wm.WindowManagerService.notifyAppStopped:4869 com.android.server.am.ActivityStack.activityStoppedLocked:1393 com.android.server.am.ActivityManagerService.activityStopped:7690,MISS,0,0.398876
357,HBM brightnessIn =38,MISS,0,0.397759
358,HBM brightnessOut =38,MISS,0,0.396648
359,"Animating brightness: target=38, rate=200",MISS,0,0.395543
360,getTasks: caller 10111 does not hold REAL_GET_TASKS; limiting output,MISS,0,0.394444
361,isMusicActive...,MISS,0,0.393352
362,isMusicActive...,HIT,0,0.395028
363,"Start dump, calling from : pid=12782, uid=1000",MISS,0,0.393939
364,HBM brightnessIn =38,HIT,0,0.395604
365,HBM brightnessOut =38,HIT,0,0.397260
366,"Animating brightness: target=38, rate=200",HIT,0,0.398907
367,getRunningAppProcesses: caller 10113 does not hold REAL_GET_TASKS; limiting output,MISS,0,0.397820
368,getRunningAppProcesses: caller 10113 does not hold REAL_GET_TASKS; limiting output,HIT,0,0.399457
369,getRunningAppProcesses: caller 10113 does not hold REAL_GET_TASKS; limiting output,HIT,0,0.401084
370,"acquire lock=237091223, flags=0x1, tag=""WiredAccessoryManager"", name=android, ws=null, uid=1000, pid=1702",MISS,0,0.400000
371,"ready=true,policy=3,wakefulness=1,wksummary=0x1,uasummary=0x1,bootcompleted=true,boostinprogress=false,waitmodeenable=false,mode=false,manual=38,auto=-1,adj=0.0userId=0",HIT,0,0.401617
372,"Acquiring suspend blocker ""PowerManagerService.WakeLocks"".",MISS,0,0.400538
373,setWiredDeviceConnectionState  type: -2147483632  state: 0,MISS,0,0.399464
374,"acquire lock=86152250, flags=0x1, tag=""handleAudioEvent"", name=android, ws=null, uid=1000, pid=1702",MISS,0,0.398396
375,"ready=true,policy=3,wakefulness=1,wksummary=0x1,uasummary=0x1,bootcompleted=true,boostinprogress=false,waitmodeenable=false,mode=false,manual=38,auto=-1,adj=0.0userId=0",HIT,0,0.400000
376,setWiredDeviceConnectionState  type: 4  state: 0,MISS,0,0.398936
377,"release:lock=237091223, flg=0x0, tag=""WiredAccessoryManager"", name=android"", ws=null, uid=1000, pid=1702",MISS,0,0.397878
378,"ready=true,policy=3,wakefulness=1,wksummary=0x1,uasummary=0x1,bootcompleted=true,boostinprogress=false,waitmodeenable=false,mode=false,manual=38,auto=-1,adj=0.0userId=0",HIT,0,0.399471
379,isMusicActive...,HIT,0,0.401055
380,"ActivityManagerService,attachApplication,callingPid = 12787",MISS,0,0.400000
381,getRunningAppProcesses: caller 10111 does not hold REAL_GET_TASKS; limiting output,HIT,0,0.401575
382,HBM brightnessIn =38,HIT,0,0.403141
383,HBM brightnessOut =38,HIT,0,0.404700
384,"Animating brightness: target=38, rate=200",HIT,0,0.406250
385,"acquire lock=219829192, flags=0x1, tag=""AudioMix"", name=audioserver, ws=null, uid=1041, pid=0",MISS,0,0.405195
386,"ready=true,policy=3,wakefulness=1,wksummary=0x1,uasummary=0x1,bootcompleted=true,boostinprogress=false,waitmodeenable=false,mode=false,manual=38,auto=-1,adj=0.0userId=0",HIT,0,0.406736
387,"release:lock=86152250, flg=0x0, tag=""handleAudioEvent"", name=android"", ws=null, uid=1000, pid=1702",MISS,0,0.405685
388,"ready=true,policy=3,wakefulness=1,wksummary=0x1,uasummary=0x1,bootcompleted=true,boostinprogress=false,waitmodeenable=false,mode=false,manual=38,auto=-1,adj=0.0userId=0",HIT,0,0.407216
389,isBluetoothA2dpOn...,MISS,0,0.406170
390,isMusicActive...,HIT,0,0.407692
391,isBluetoothScoOn...,MISS,0,0.406650
392,getLastAudibleStreamVolume  treamType: 0,MISS,0,0.405612
393,"ready=true,policy=3,wakefulness=1,wksummary=0x1,uasummary=0x1,bootcompleted=true,boostinprogress=false,waitmodeenable=false,mode=false,manual=38,auto=-1,adj=0.0userId=0",HIT,0,0.407125
394,"ready=true,policy=3,wakefulness=1,wksummary=0x1,uasummary=0x1,bootcompleted=true,boostinprogress=false,waitmodeenable=false,mode=false,manual=38,auto=-1,adj=0.0userId=0",HIT,0,0.408629
395,"cancelNotification,index:-1",HIT,0,0.410127
396,getRunningAppProcesses: caller 10091 does not hold REAL_GET_TASKS; limiting output,MISS,0,0.409091
397,getRunningAppProcesses: caller 10091 does not hold REAL_GET_TASKS; limiting output,HIT,0,0.410579
398,"ready=true,policy=3,wakefulness=1,wksummary=0x1,uasummary=0x1,bootcompleted=true,boostinprogress=false,waitmodeenable=false,mode=false,manual=38,auto=-1,adj=0.0userId=0",HIT,0,0.412060
399,getRunningAppProcesses: caller 10091 does not hold REAL_GET_TASKS; limiting output,HIT,0,0.413534
400,getRunningAppProcesses: caller 10091 does not hold REAL_GET_TASKS; limiting output,HIT,0,0.415000
401,getRunningAppProcesses: caller 10091 does not hold REAL_GET_TASKS; limiting output,HIT,0,0.416459
402,getLastAudibleStreamVolume  treamType: 1,MISS,0,0.415423
403,getLastAudibleStreamVolume  treamType: 2,MISS,0,0.414392
404,getRunningAppProcesses: caller 10091 does not hold REAL_GET_TASKS; limiting output,HIT,0,0.415842
405,"ready=true,policy=3,wakefulness=1,wksummary=0x1,uasummary=0x1,bootcompleted=true,boostinprogress=false,waitmodeenable=false,mode=false,manual=38,auto=-1,adj=0.0userId=0",HIT,0,0.417284
406,getDevicesForStream  streamType: 3,MISS,0,0.416256
407,getLastAudibleStreamVolume  treamType: 3,MISS,0,0.415233
408,getDevicesForStream  streamType: 3,HIT,0,0.416667
409,getRunningAppProcesses: caller 10091 does not hold REAL_GET_TASKS; limiting output,HIT,0,0.418093
410,getRunningAppProcesses: caller 10091 does not hold REAL_GET_TASKS; limiting output,HIT,0,0.419512
411,getLastAudibleStreamVolume  treamType: 4,MISS,0,0.418491
412,getLastAudibleStreamVolume  treamType: 5,MISS,0,0.417476
413,getLastAudibleStreamVolume  treamType: 6,MISS,0,0.416465
414,getLastAudibleStreamVolume  treamType: 7,MISS,0,0.415459
415,getLastAudibleStreamVolume  treamType: 8,MISS,0,0.414458
416,cleanUpApplicationRecord -- 12025,MISS,0,0.413462
417,"cleanUpApplicationRecordLocked, pid: 12025, restart: false",MISS,0,0.412470
418,"cleanUpApplicationRecordLocked, reset pid: 12025, euid: 0",MISS,0,0.411483
419,stopWifiDisplayScanLocked record.mWifiDisplayScanRequested=false,MISS,0,0.410501
420,stopWifiDisplayScanLocked mWifiDisplayScanRequestCount=0,MISS,0,0.409524
421,getMode...,MISS,0,0.408551
422,setSpeakerphoneOn  on: true,MISS,0,0.407583
423,setSpeakerphoneOn on:true,MISS,0,0.406619
424,getRunningAppProcesses: caller 10091 does not hold REAL_GET_TASKS; limiting output,HIT,0,0.408019
425,getRunningAppProcesses: caller 10113 does not hold REAL_GET_TASKS; limiting output,HIT,0,0.409412
426,getRunningAppProcesses: caller 10091 does not hold REAL_GET_TASKS; limiting output,HIT,0,0.410798
427,HBM brightnessIn =38,HIT,0,0.412178
428,HBM brightnessOut =38,HIT,0,0.413551
429,"Animating brightness: target=38, rate=200",HIT,0,0.414918
430,"release:lock=219829192, flg=0x0, tag=""AudioMix"", name=audioserver"", ws=null, uid=1041, pid=0",MISS,0,0.413953
431,"ready=true,policy=3,wakefulness=1,wksummary=0x0,uasummary=0x1,bootcompleted=true,boostinprogress=false,waitmodeenable=false,mode=false,manual=38,auto=-1,adj=0.0userId=0",MISS,0,0.412993
432,"Releasing suspend blocker ""PowerManagerService.WakeLocks"".",MISS,0,0.412037
433,"sending alarm Alarm{aa90550 type 3 when 509142332 PendingIntent{1749923: PendingIntentRecord{9600e20 android broadcastIntent}}},repeatInterval = 0,listenerTag =time_tick",MISS,0,0.411085
434,"ready=true,policy=3,wakefulness=1,wksummary=0x1,uasummary=0x1,bootcompleted=true,boostinprogress=false,waitmodeenable=false,mode=false,manual=38,auto=-1,adj=0.0userId=0",HIT,0,0.412442
435,"Acquiring suspend blocker ""PowerManagerService.WakeLocks"".",MISS,0,0.411494
436,Received TIME_TICK alarm; rescheduling,MISS,0,0.410550
437,scheduleTimeTickEvent triggerAtTime = 509202333,MISS,0,0.409611
438,"updateClipping isOverlap:false, getTopPadding=333.0, Translation=0.0",HIT,0,0.410959
439,updateDimmedActivatedHideSensitive overlap:false,HIT,0,0.412301
440,"updateClipping isOverlap:false, getTopPadding=333.0, Translation=0.0",HIT,0,0.413636
441,updateDimmedActivatedHideSensitive overlap:false,HIT,0,0.414966
442,received broadcast android.intent.action.TIME_TICK,MISS,0,0.414027
443,handleTimeUpdate,MISS,0,0.413093
444,"ready=true,policy=3,wakefulness=1,wksummary=0x0,uasummary=0x1,bootcompleted=true,boostinprogress=false,waitmodeenable=false,mode=false,manual=38,auto=-1,adj=0.0userId=0",HIT,0,0.414414
445,"Releasing suspend blocker ""PowerManagerService.WakeLocks"".",HIT,0,0.415730
446,"userActivityNoUpdateLocked: eventTime=261866434, event=2, flags=0x0, uid=1000",MISS,0,0.414798
447,"ready=true,policy=3,wakefulness=1,wksummary=0x0,uasummary=0x1,bootcompleted=true,boostinprogress=false,waitmodeenable=false,mode=false,manual=38,auto=-1,adj=0.0userId=0",HIT,0,0.416107
448,setLightsOn(true),HIT,0,0.417411
449,"setSystemUiVisibility vis=0 mask=1 oldVal=40000500 newVal=40000500 diff=0 fullscreenStackVis=0 dockedStackVis=0, fullscreenStackBounds=Rect(0, 0 - 0, 0), dockedStackBounds=Rect(0, 0 - 0, 0)",HIT,0,0.418708
450,setLightsOn(true),HIT,0,0.420000
451,"setSystemUiVisibility vis=0 mask=1 oldVal=40000500 newVal=40000500 diff=0 fullscreenStackVis=0 dockedStackVis=0, fullscreenStackBounds=Rect(0, 0 - 0, 0), dockedStackBounds=Rect(0, 0 - 0, 0)",HIT,0,0.421286
452,setLightsOn(true),HIT,0,0.422566
453,"setSystemUiVisibility vis=0 mask=1 oldVal=40000500 newVal=40000500 diff=0 fullscreenStackVis=0 dockedStackVis=0, fullscreenStackBounds=Rect(0, 0 - 0, 0), dockedStackBounds=Rect(0, 0 - 0, 0)",HIT,0,0.423841
454,setLightsOn(true),HIT,0,0.425110
455,"setSystemUiVisibility vis=0 mask=1 oldVal=40000500 newVal=40000500 diff=0 fullscreenStackVis=0 dockedStackVis=0, fullscreenStackBounds=Rect(0, 0 - 0, 0), dockedStackBounds=Rect(0, 0 - 0, 0)",HIT,0,0.426374
456,setLightsOn(true),HIT,0,0.427632
457,"setSystemUiVisibility vis=0 mask=1 oldVal=40000500 newVal=40000500 diff=0 fullscreenStackVis=0 dockedStackVis=0, fullscreenStackBounds=Rect(0, 0 - 0, 0), dockedStackBounds=Rect(0, 0 - 0, 0)",HIT,0,0.428884
458,setLightsOn(true),HIT,0,0.430131
459,"setSystemUiVisibility vis=0 mask=1 oldVal=40000500 newVal=40000500 diff=0 fullscreenStackVis=0 dockedStackVis=0, fullscreenStackBounds=Rect(0, 0 - 0, 0), dockedStackBounds=Rect(0, 0 - 0, 0)",HIT,0,0.431373
460,setLightsOn(true),HIT,0,0.432609
461,"setSystemUiVisibility vis=0 mask=1 oldVal=40000500 newVal=40000500 diff=0 fullscreenStackVis=0 dockedStackVis=0, fullscreenStackBounds=Rect(0, 0 - 0, 0), dockedStackBounds=Rect(0, 0 - 0, 0)",HIT,0,0.433839
462,setLightsOn(true),HIT,0,0.435065
463,"setSystemUiVisibility vis=0 mask=1 oldVal=40000500 newVal=40000500 diff=0 fullscreenStackVis=0 dockedStackVis=0, fullscreenStackBounds=Rect(0, 0 - 0, 0), dockedStackBounds=Rect(0, 0 - 0, 0)",HIT,0,0.436285
464,setLightsOn(true),HIT,0,0.437500
465,"setSystemUiVisibility vis=0 mask=1 oldVal=40000500 newVal=40000500 diff=0 fullscreenStackVis=0 dockedStackVis=0, fullscreenStackBounds=Rect(0, 0 - 0, 0), dockedStackBounds=Rect(0, 0 - 0, 0)",HIT,0,0.438710
466,setLightsOn(true),HIT,0,0.439914
467,"setSystemUiVisibility vis=0 mask=1 oldVal=40000500 newVal=40000500 diff=0 fullscreenStackVis=0 dockedStackVis=0, fullscreenStackBounds=Rect(0, 0 - 0, 0), dockedStackBounds=Rect(0, 0 - 0, 0)",HIT,0,0.441113
468,setLightsOn(true),HIT,0,0.442308
469,"setSystemUiVisibility vis=0 mask=1 oldVal=40000500 newVal=40000500 diff=0 fullscreenStackVis=0 dockedStackVis=0, fullscreenStackBounds=Rect(0, 0 - 0, 0), dockedStackBounds=Rect(0, 0 - 0, 0)",HIT,0,0.443497
470,setLightsOn(true),HIT,0,0.444681
471,"setSystemUiVisibility vis=0 mask=1 oldVal=40000500 newVal=40000500 diff=0 fullscreenStackVis=0 dockedStackVis=0, fullscreenStackBounds=Rect(0, 0 - 0, 0), dockedStackBounds=Rect(0, 0 - 0, 0)",HIT,0,0.445860
472,setLightsOn(true),HIT,0,0.447034
473,"setSystemUiVisibility vis=0 mask=1 oldVal=40000500 newVal=40000500 diff=0 fullscreenStackVis=0 dockedStackVis=0, fullscreenStackBounds=Rect(0, 0 - 0, 0), dockedStackBounds=Rect(0, 0 - 0, 0)",HIT,0,0.448203
474,setLightsOn(true),HIT,0,0.449367
475,"setSystemUiVisibility vis=0 mask=1 oldVal=40000500 newVal=40000500 diff=0 fullscreenStackVis=0 dockedStackVis=0, fullscreenStackBounds=Rect(0, 0 - 0, 0), dockedStackBounds=Rect(0, 0 - 0, 0)",HIT,0,0.450526
476,setLightsOn(true),HIT,0,0.451681
477,"setSystemUiVisibility vis=0 mask=1 oldVal=40000500 newVal=40000500 diff=0 fullscreenStackVis=0 dockedStackVis=0, fullscreenStackBounds=Rect(0, 0 - 0, 0), dockedStackBounds=Rect(0, 0 - 0, 0)",HIT,0,0.452830
478,setLightsOn(true),HIT,0,0.453975
479,"setSystemUiVisibility vis=0 mask=1 oldVal=40000500 newVal=40000500 diff=0 fullscreenStackVis=0 dockedStackVis=0, fullscreenStackBounds=Rect(0, 0 - 0, 0), dockedStackBounds=Rect(0, 0 - 0, 0)",HIT,0,0.455115
480,"userActivityNoUpdateLocked: eventTime=261867236, event=2, flags=0x0, uid=1000",MISS,0,0.454167
481,"ready=true,policy=3,wakefulness=1,wksummary=0x0,uasummary=0x1,bootcompleted=true,boostinprogress=false,waitmodeenable=false,mode=false,manual=38,auto=-1,adj=0.0userId=0",HIT,0,0.455301
482,setLightsOn(true),HIT,0,0.456432
483,"setSystemUiVisibility vis=0 mask=1 oldVal=40000500 newVal=40000500 diff=0 fullscreenStackVis=0 dockedStackVis=0, fullscreenStackBounds=Rect(0, 0 - 0, 0), dockedStackBounds=Rect(0, 0 - 0, 0)",HIT,0,0.457557
484,setLightsOn(true),HIT,0,0.458678
485,"setSystemUiVisibility vis=0 mask=1 oldVal=40000500 newVal=40000500 diff=0 fullscreenStackVis=0 dockedStackVis=0, fullscreenStackBounds=Rect(0, 0 - 0, 0), dockedStackBounds=Rect(0, 0 - 0, 0)",HIT,0,0.459794
486,setLightsOn(true),HIT,0,0.460905
487,"setSystemUiVisibility vis=0 mask=1 oldVal=40000500 newVal=40000500 diff=0 fullscreenStackVis=0 dockedStackVis=0, fullscreenStackBounds=Rect(0, 0 - 0, 0), dockedStackBounds=Rect(0, 0 - 0, 0)",HIT,0,0.462012
488,setLightsOn(true),HIT,0,0.463115
489,"setSystemUiVisibility vis=0 mask=1 oldVal=40000500 newVal=40000500 diff=0 fullscreenStackVis=0 dockedStackVis=0, fullscreenStackBounds=Rect(0, 0 - 0, 0), dockedStackBounds=Rect(0, 0 - 0, 0)",HIT,0,0.464213
490,setLightsOn(true),HIT,0,0.465306
491,"setSystemUiVisibility vis=0 mask=1 oldVal=40000500 newVal=40000500 diff=0 fullscreenStackVis=0 dockedStackVis=0, fullscreenStackBounds=Rect(0, 0 - 0, 0), dockedStackBounds=Rect(0, 0 - 0, 0)",HIT,0,0.466395
492,setLightsOn(true),HIT,0,0.467480
493,"setSystemUiVisibility vis=0 mask=1 oldVal=40000500 newVal=40000500 diff=0 fullscreenStackVis=0 dockedStackVis=0, fullscreenStackBounds=Rect(0, 0 - 0, 0), dockedStackBounds=Rect(0, 0 - 0, 0)",HIT,0,0.468560
494,setLightsOn(true),HIT,0,0.469636
495,"setSystemUiVisibility vis=0 mask=1 oldVal=40000500 newVal=40000500 diff=0 fullscreenStackVis=0 dockedStackVis=0, fullscreenStackBounds=Rect(0, 0 - 0, 0), dockedStackBounds=Rect(0, 0 - 0, 0)",HIT,0,0.470707
496,setLightsOn(true),HIT,0,0.471774
497,"setSystemUiVisibility vis=0 mask=1 oldVal=40000500 newVal=40000500 diff=0 fullscreenStackVis=0 dockedStackVis=0, fullscreenStackBounds=Rect(0, 0 - 0, 0), dockedStackBounds=Rect(0, 0 - 0, 0)",HIT,0,0.472837
498,"userActivityNoUpdateLocked: eventTime=261867854, event=2, flags=0x0, uid=1000",MISS,0,0.471888
499,"ready=true,policy=3,wakefulness=1,wksummary=0x0,uasummary=0x1,bootcompleted=true,boostinprogress=false,waitmodeenable=false,mode=false,manual=38,auto=-1,adj=0.0userId=0",HIT,0,0.472946
500,setLightsOn(true),HIT,0,0.474000
501,"setSystemUiVisibility vis=0 mask=1 oldVal=40000500 newVal=40000500 diff=0 fullscreenStackVis=0 dockedStackVis=0, fullscreenStackBounds=Rect(0, 0 - 0, 0), dockedStackBounds=Rect(0, 0 - 0, 0)",HIT,0,0.475050
502,HBM brightnessIn =38,HIT,0,0.476096
503,HBM brightnessOut =38,HIT,0,0.477137
504,"Animating brightness: target=38, rate=200",HIT,0,0.478175
505,setLightsOn(true),HIT,0,0.479208
506,"setSystemUiVisibility vis=0 mask=1 oldVal=40000500 newVal=40000500 diff=0 fullscreenStackVis=0 dockedStackVis=0, fullscreenStackBounds=Rect(0, 0 - 0, 0), dockedStackBounds=Rect(0, 0 - 0, 0)",HIT,0,0.480237
507,getRunningAppProcesses: caller 10091 does not hold REAL_GET_TASKS; limiting output,HIT,0,0.481262
508,getRunningAppProcesses: caller 10091 does not hold REAL_GET_TASKS; limiting output,HIT,0,0.482283
509,"userActivityNoUpdateLocked: eventTime=261868506, event=2, flags=0x0, uid=1000",MISS,0,0.481336
510,"ready=true,policy=3,wakefulness=1,wksummary=0x0,uasummary=0x1,bootcompleted=true,boostinprogress=false,waitmodeenable=false,mode=false,manual=38,auto=-1,adj=0.0userId=0",HIT,0,0.482353
511,setLightsOn(true),HIT,0,0.483366
512,"setSystemUiVisibility vis=0 mask=1 oldVal=40000500 newVal=40000500 diff=0 fullscreenStackVis=0 dockedStackVis=0, fullscreenStackBounds=Rect(0, 0 - 0, 0), dockedStackBounds=Rect(0, 0 - 0, 0)",HIT,0,0.484375
513,playSoundEffect   effectType: 0,MISS,0,0.483431
514,querySoundEffectsEnabled...,MISS,0,0.482490
515,getRunningAppProcesses: caller 10111 does not hold REAL_GET_TASKS; limiting output,HIT,0,0.483495
516,Destroying surface Surface(name=PopupWindow:9b04807) called by com.android.server.wm.WindowStateAnimator.destroySurface:2060 com.android.server.wm.WindowStateAnimator.destroySurfaceLocked:913 com.android.server.wm.WindowState.removeLocked:1554 com.android.server.wm.WindowManagerService.removeWindowInnerLocked:2739 com.android.server.wm.WindowManagerService.removeWindowInnerLocked:2702 com.android.server.wm.WindowManagerService.removeWindowLocked:2691 com.android.server.wm.WindowManagerService.removeWindowLocked:2560 com.android.server.wm.WindowManagerService.removeWindow:2555,MISS,0,0.482558
517,setLightsOn(true),HIT,0,0.483559
518,"setSystemUiVisibility vis=0 mask=1 oldVal=40000500 newVal=40000500 diff=0 fullscreenStackVis=0 dockedStackVis=0, fullscreenStackBounds=Rect(0, 0 - 0, 0), dockedStackBounds=Rect(0, 0 - 0, 0)",HIT,0,0.484556
519,getRunningAppProcesses: caller 10111 does not hold REAL_GET_TASKS; limiting output,HIT,0,0.485549
520,Destroying surface Surface(name=PopupWindow:317e46) called by com.android.server.wm.WindowStateAnimator.destroySurface:2060 com.android.server.wm.WindowStateAnimator.destroySurfaceLocked:913 com.android.server.wm.WindowState.removeLocked:1554 com.android.server.wm.WindowManagerService.removeWindowInnerLocked:2739 com.android.server.wm.WindowManagerService.removeWindowInnerLocked:2702 com.android.server.wm.WindowManagerService.removeWindowLocked:2691 com.android.server.wm.WindowManagerService.removeWindowLocked:2560 com.android.server.wm.WindowManagerService.removeWindow:2555,MISS,0,0.484615
521,setLightsOn(true),HIT,0,0.485605
522,"setSystemUiVisibility vis=0 mask=1 oldVal=40000500 newVal=40000500 diff=0 fullscreenStackVis=0 dockedStackVis=0, fullscreenStackBounds=Rect(0, 0 - 0, 0), dockedStackBounds=Rect(0, 0 - 0, 0)",HIT,0,0.486590
523,setLightsOn(true),HIT,0,0.487572
524,"setSystemUiVisibility vis=0 mask=1 oldVal=40000500 newVal=40000500 diff=0 fullscreenStackVis=0 dockedStackVis=0, fullscreenStackBounds=Rect(0, 0 - 0, 0), dockedStackBounds=Rect(0, 0 - 0, 0)",HIT,0,0.488550
525,setLightsOn(true),HIT,0,0.489524
526,"setSystemUiVisibility vis=0 mask=1 oldVal=40000500 newVal=40000500 diff=0 fullscreenStackVis=0 dockedStackVis=0, fullscreenStackBounds=Rect(0, 0 - 0, 0), dockedStackBounds=Rect(0, 0 - 0, 0)",HIT,0,0.490494
527,setLightsOn(true),HIT,0,0.491461
528,"setSystemUiVisibility vis=0 mask=1 oldVal=40000500 newVal=40000500 diff=0 fullscreenStackVis=0 dockedStackVis=0, fullscreenStackBounds=Rect(0, 0 - 0, 0), dockedStackBounds=Rect(0, 0 - 0, 0)",HIT,0,0.492424
529,setLightsOn(true),HIT,0,0.493384
530,"setSystemUiVisibility vis=0 mask=1 oldVal=40000500 newVal=40000500 diff=0 fullscreenStackVis=0 dockedStackVis=0, fullscreenStackBounds=Rect(0, 0 - 0, 0), dockedStackBounds=Rect(0, 0 - 0, 0)",HIT,0,0.494340
531,getTasks: caller 10111 does not hold REAL_GET_TASKS; limiting output,MISS,0,0.493409
532,getTasks: caller 10111 does not hold REAL_GET_TASKS; limiting output,HIT,0,0.494361
533,getTasks: caller 10111 does not hold REAL_GET_TASKS; limiting output,HIT,0,0.495310
534,getTasks: caller 10111 does not hold REAL_GET_TASKS; limiting output,HIT,0,0.496255
535,getTasks: caller 10111 does not hold REAL_GET_TASKS; limiting output,HIT,0,0.497196
536,getRunningAppProcesses: caller 10111 does not hold REAL_GET_TASKS; limiting output,HIT,0,0.498134
537,"userActivityNoUpdateLocked: eventTime=261870094, event=2, flags=0x0, uid=1000",MISS,0,0.497207
538,"ready=true,policy=3,wakefulness=1,wksummary=0x0,uasummary=0x1,bootcompleted=true,boostinprogress=false,waitmodeenable=false,mode=false,manual=38,auto=-1,adj=0.0userId=0",HIT,0,0.498141
539,setLightsOn(true),HIT,0,0.499072
540,"setSystemUiVisibility vis=0 mask=1 oldVal=40000500 newVal=40000500 diff=0 fullscreenStackVis=0 dockedStackVis=0, fullscreenStackBounds=Rect(0, 0 - 0, 0), dockedStackBounds=Rect(0, 0 - 0, 0)",HIT,0,0.500000
541,setLightsOn(true),HIT,0,0.500924
542,"setSystemUiVisibility vis=0 mask=1 oldVal=40000500 newVal=40000500 diff=0 fullscreenStackVis=0 dockedStackVis=0, fullscreenStackBounds=Rect(0, 0 - 0, 0), dockedStackBounds=Rect(0, 0 - 0, 0)",HIT,0,0.501845
543,setLightsOn(true),HIT,0,0.502762
544,"setSystemUiVisibility vis=0 mask=1 oldVal=40000500 newVal=40000500 diff=0 fullscreenStackVis=0 dockedStackVis=0, fullscreenStackBounds=Rect(0, 0 - 0, 0), dockedStackBounds=Rect(0, 0 - 0, 0)",HIT,0,0.503676
545,setLightsOn(true),HIT,0,0.504587
546,"setSystemUiVisibility vis=0 mask=1 oldVal=40000500 newVal=40000500 diff=0 fullscreenStackVis=0 dockedStackVis=0, fullscreenStackBounds=Rect(0, 0 - 0, 0), dockedStackBounds=Rect(0, 0 - 0, 0)",HIT,0,0.505495
547,setLightsOn(true),HIT,0,0.506399
548,"setSystemUiVisibility vis=0 mask=1 oldVal=40000500 newVal=40000500 diff=0 fullscreenStackVis=0 dockedStackVis=0, fullscreenStackBounds=Rect(0, 0 - 0, 0), dockedStackBounds=Rect(0, 0 - 0, 0)",HIT,0,0.507299
549,setLightsOn(true),HIT,0,0.508197
550,"setSystemUiVisibility vis=0 mask=1 oldVal=40000500 newVal=40000500 diff=0 fullscreenStackVis=0 dockedStackVis=0, fullscreenStackBounds=Rect(0, 0 - 0, 0), dockedStackBounds=Rect(0, 0 - 0, 0)",HIT,0,0.509091
551,setLightsOn(true),HIT,0,0.509982
552,"setSystemUiVisibility vis=0 mask=1 oldVal=40000500 newVal=40000500 diff=0 fullscreenStackVis=0 dockedStackVis=0, fullscreenStackBounds=Rect(0, 0 - 0, 0), dockedStackBounds=Rect(0, 0 - 0, 0)",HIT,0,0.510870
553,setLightsOn(true),HIT,0,0.511754
554,"setSystemUiVisibility vis=0 mask=1 oldVal=40000500 newVal=40000500 diff=0 fullscreenStackVis=0 dockedStackVis=0, fullscreenStackBounds=Rect(0, 0 - 0, 0), dockedStackBounds=Rect(0, 0 - 0, 0)",HIT,0,0.512635
555,setLightsOn(true),HIT,0,0.513514
556,"setSystemUiVisibility vis=0 mask=1 oldVal=40000500 newVal=40000500 diff=0 fullscreenStackVis=0 dockedStackVis=0, fullscreenStackBounds=Rect(0, 0 - 0, 0), dockedStackBounds=Rect(0, 0 - 0, 0)",HIT,0,0.514388
557,setLightsOn(true),HIT,0,0.515260
558,"setSystemUiVisibility vis=0 mask=1 oldVal=40000500 newVal=40000500 diff=0 fullscreenStackVis=0 dockedStackVis=0, fullscreenStackBounds=Rect(0, 0 - 0, 0), dockedStackBounds=Rect(0, 0 - 0, 0)",HIT,0,0.516129
559,"userActivityNoUpdateLocked: eventTime=261870612, event=2, flags=0x0, uid=1000",MISS,0,0.515206
560,"ready=true,policy=3,wakefulness=1,wksummary=0x0,uasummary=0x1,bootcompleted=true,boostinprogress=false,waitmodeenable=false,mode=false,manual=38,auto=-1,adj=0.0userId=0",HIT,0,0.516071
561,HBM brightnessIn =38,HIT,0,0.516934
562,HBM brightnessOut =38,HIT,0,0.517794
563,"Animating brightness: target=38, rate=200",HIT,0,0.518650
564,setLightsOn(true),HIT,0,0.519504
565,"setSystemUiVisibility vis=0 mask=1 oldVal=40000500 newVal=40000500 diff=0 fullscreenStackVis=0 dockedStackVis=0, fullscreenStackBounds=Rect(0, 0 - 0, 0), dockedStackBounds=Rect(0, 0 - 0, 0)",HIT,0,0.520354
566,setLightsOn(true),HIT,0,0.521201
567,"setSystemUiVisibility vis=0 mask=1 oldVal=40000500 newVal=40000500 diff=0 fullscreenStackVis=0 dockedStackVis=0, fullscreenStackBounds=Rect(0, 0 - 0, 0), dockedStackBounds=Rect(0, 0 - 0, 0)",HIT,0,0.522046
568,setLightsOn(true),HIT,0,0.522887
569,"setSystemUiVisibility vis=0 mask=1 oldVal=40000500 newVal=40000500 diff=0 fullscreenStackVis=0 dockedStackVis=0, fullscreenStackBounds=Rect(0, 0 - 0, 0), dockedStackBounds=Rect(0, 0 - 0, 0)",HIT,0,0.523726
570,Destroying surface Surface(name=PopupWindow:d76a91d) called by com.android.server.wm.WindowStateAnimator.destroySurface:2060 com.android.server.wm.WindowStateAnimator.destroySurfaceLocked:913 com.android.server.wm.WindowState.removeLocked:1554 com.android.server.wm.WindowManagerService.removeWindowInnerLocked:2739 com.android.server.wm.WindowManagerService.removeWindowInnerLocked:2702 com.android.server.wm.WindowManagerService.removeWindowLocked:2691 com.android.server.wm.WindowManagerService.removeWindowLocked:2560 com.android.server.wm.WindowManagerService.removeWindow:2555,MISS,0,0.522807
571,setLightsOn(true),HIT,0,0.523643
572,"setSystemUiVisibility vis=0 mask=1 oldVal=40000500 newVal=40000500 diff=0 fullscreenStackVis=0 dockedStackVis=0, fullscreenStackBounds=Rect(0, 0 - 0, 0), dockedStackBounds=Rect(0, 0 - 0, 0)",HIT,0,0.524476
573,Destroying surface Surface(name=PopupWindow:9b04807) called by com.android.server.wm.WindowStateAnimator.destroySurface:2060 com.android.server.wm.WindowStateAnimator.destroySurfaceLocked:913 com.android.server.wm.WindowState.removeLocked:1554 com.android.server.wm.WindowManagerService.removeWindowInnerLocked:2739 com.android.server.wm.WindowManagerService.removeWindowInnerLocked:2702 com.android.server.wm.WindowManagerService.removeWindowLocked:2691 com.android.server.wm.WindowManagerService.removeWindowLocked:2560 com.android.server.wm.WindowManagerService.removeWindow:2555,HIT,0,0.525305
574,setLightsOn(true),HIT,0,0.526132
575,"setSystemUiVisibility vis=0 mask=1 oldVal=40000500 newVal=40000500 diff=0 fullscreenStackVis=0 dockedStackVis=0, fullscreenStackBounds=Rect(0, 0 - 0, 0), dockedStackBounds=Rect(0, 0 - 0, 0)",HIT,0,0.526957
576,HBM brightnessIn =38,HIT,0,0.527778
577,HBM brightnessOut =38,HIT,0,0.528596
578,"Animating brightness: target=38, rate=200",HIT,0,0.529412
579,HBM brightnessIn =38,HIT,0,0.530225
580,HBM brightnessOut =38,HIT,0,0.531034
581,"Animating brightness: target=38, rate=200",HIT,0,0.531842
582,getRunningAppProcesses: caller 10111 does not hold REAL_GET_TASKS; limiting output,HIT,0,0.532646
583,"userActivityNoUpdateLocked: eventTime=261871547, event=2, flags=0x0, uid=1000",MISS,0,0.531732
584,"ready=true,policy=3,wakefulness=1,wksummary=0x0,uasummary=0x1,bootcompleted=true,boostinprogress=false,waitmodeenable=false,mode=false,manual=38,auto=-1,adj=0.0userId=0",HIT,0,0.532534
585,HBM brightnessIn =38,HIT,0,0.533333
586,HBM brightnessOut =38,HIT,0,0.534130
587,"Animating brightness: target=38, rate=200",HIT,0,0.534923
588,"userActivityNoUpdateLocked: eventTime=261872249, event=2, flags=0x0, uid=1000",MISS,0,0.534014
589,"ready=true,policy=3,wakefulness=1,wksummary=0x0,uasummary=0x1,bootcompleted=true,boostinprogress=false,waitmodeenable=false,mode=false,manual=38,auto=-1,adj=0.0userId=0",HIT,0,0.534805
590,setLightsOn(true),HIT,0,0.535593
591,"setSystemUiVisibility vis=0 mask=1 oldVal=40000500 newVal=40000500 diff=0 fullscreenStackVis=0 dockedStackVis=0, fullscreenStackBounds=Rect(0, 0 - 0, 0), dockedStackBounds=Rect(0, 0 - 0, 0)",HIT,0,0.536379
592,setLightsOn(true),HIT,0,0.537162
593,"setSystemUiVisibility vis=0 mask=1 oldVal=40000500 newVal=40000500 diff=0 fullscreenStackVis=0 dockedStackVis=0, fullscreenStackBounds=Rect(0, 0 - 0, 0), dockedStackBounds=Rect(0, 0 - 0, 0)",HIT,0,0.537943
594,setLightsOn(true),HIT,0,0.538721
595,"setSystemUiVisibility vis=0 mask=1 oldVal=40000500 newVal=40000500 diff=0 fullscreenStackVis=0 dockedStackVis=0, fullscreenStackBounds=Rect(0, 0 - 0, 0), dockedStackBounds=Rect(0, 0 - 0, 0)",HIT,0,0.539496
596,setLightsOn(true),HIT,0,0.540268
597,"setSystemUiVisibility vis=0 mask=1 oldVal=40000500 newVal=40000500 diff=0 fullscreenStackVis=0 dockedStackVis=0, fullscreenStackBounds=Rect(0, 0 - 0, 0), dockedStackBounds=Rect(0, 0 - 0, 0)",HIT,0,0.541039
598,setLightsOn(true),HIT,0,0.541806
599,"setSystemUiVisibility vis=0 mask=1 oldVal=40000500 newVal=40000500 diff=0 fullscreenStackVis=0 dockedStackVis=0, fullscreenStackBounds=Rect(0, 0 - 0, 0), dockedStackBounds=Rect(0, 0 - 0, 0)",HIT,0,0.542571
600,setLightsOn(true),HIT,0,0.543333
601,"setSystemUiVisibility vis=0 mask=1 oldVal=40000500 newVal=40000500 diff=0 fullscreenStackVis=0 dockedStackVis=0, fullscreenStackBounds=Rect(0, 0 - 0, 0), dockedStackBounds=Rect(0, 0 - 0, 0)",HIT,0,0.544093
602,"acquire lock=60373518, flags=0x1, tag=""RILJ_ACK_WL"", name=com.android.phone, ws=null, uid=1001, pid=2626",MISS,0,0.543189
603,"ready=true,policy=3,wakefulness=1,wksummary=0x1,uasummary=0x1,bootcompleted=true,boostinprogress=false,waitmodeenable=false,mode=false,manual=38,auto=-1,adj=0.0userId=0",HIT,0,0.543947
604,"Acquiring suspend blocker ""PowerManagerService.WakeLocks"".",HIT,0,0.544702
605,"ready=true,policy=3,wakefulness=1,wksummary=0x1,uasummary=0x1,bootcompleted=true,boostinprogress=false,waitmodeenable=false,mode=false,manual=38,auto=-1,adj=0.0userId=0",HIT,0,0.545455
606,setLightsOn(true),HIT,0,0.546205
607,"setSystemUiVisibility vis=0 mask=1 oldVal=40000500 newVal=40000500 diff=0 fullscreenStackVis=0 dockedStackVis=0, fullscreenStackBounds=Rect(0, 0 - 0, 0), dockedStackBounds=Rect(0, 0 - 0, 0)",HIT,0,0.546952
608,"ready=true,policy=3,wakefulness=1,wksummary=0x1,uasummary=0x1,bootcompleted=true,boostinprogress=false,waitmodeenable=false,mode=false,manual=38,auto=-1,adj=0.0userId=0",HIT,0,0.547697
609,"ready=true,policy=3,wakefulness=1,wksummary=0x1,uasummary=0x1,bootcompleted=true,boostinprogress=false,waitmodeenable=false,mode=false,manual=38,auto=-1,adj=0.0userId=0",HIT,0,0.548440
610,"ready=true,policy=3,wakefulness=1,wksummary=0x1,uasummary=0x1,bootcompleted=true,boostinprogress=false,waitmodeenable=false,mode=false,manual=38,auto=-1,adj=0.0userId=0",HIT,0,0.549180
611,setLightsOn(true),HIT,0,0.549918
612,"setSystemUiVisibility vis=0 mask=1 oldVal=40000500 newVal=40000500 diff=0 fullscreenStackVis=0 dockedStackVis=0, fullscreenStackBounds=Rect(0, 0 - 0, 0), dockedStackBounds=Rect(0, 0 - 0, 0)",HIT,0,0.550654
613,"ready=true,policy=3,wakefulness=1,wksummary=0x1,uasummary=0x1,bootcompleted=true,boostinprogress=false,waitmodeenable=false,mode=false,manual=38,auto=-1,adj=0.0userId=0",HIT,0,0.551387
614,shouldBlockLocation running ...,MISS,0,0.550489
615,shouldBlockLocation  ret:false,MISS,0,0.549593
616,"userActivityNoUpdateLocked: eventTime=261872817, event=2, flags=0x0, uid=1000",MISS,0,0.548701
617,"ready=true,policy=3,wakefulness=1,wksummary=0x1,uasummary=0x1,bootcompleted=true,boostinprogress=false,waitmodeenable=false,mode=false,manual=38,auto=-1,adj=0.0userId=0",HIT,0,0.549433
618,shouldBlockLocation running ...,HIT,0,0.550162
619,shouldBlockLocation  ret:false,HIT,0,0.550889
620,getNeighboringCellInfo calling app is com.amap.android.ams,MISS,0,0.550000
621,shouldBlockLocation running ...,HIT,0,0.550725
622,shouldBlockLocation  ret:false,HIT,0,0.551447
623,"ready=true,policy=3,wakefulness=1,wksummary=0x1,uasummary=0x1,bootcompleted=true,boostinprogress=false,waitmodeenable=false,mode=false,manual=38,auto=-1,adj=0.0userId=0",HIT,0,0.552167
624,"release:lock=60373518, flg=0x0, tag=""RILJ_ACK_WL"", name=com.android.phone"", ws=null, uid=1001, pid=2626",MISS,0,0.551282
625,"ready=true,policy=3,wakefulness=1,wksummary=0x1,uasummary=0x1,bootcompleted=true,boostinprogress=false,waitmodeenable=false,mode=false,manual=38,auto=-1,adj=0.0userId=0",HIT,0,0.552000
626,setLightsOn(true),HIT,0,0.552716
627,"setSystemUiVisibility vis=0 mask=1 oldVal=40000500 newVal=40000500 diff=0 fullscreenStackVis=0 dockedStackVis=0, fullscreenStackBounds=Rect(0, 0 - 0, 0), dockedStackBounds=Rect(0, 0 - 0, 0)",HIT,0,0.553429
628,"ready=true,policy=3,wakefulness=1,wksummary=0x0,uasummary=0x1,bootcompleted=true,boostinprogress=false,waitmodeenable=false,mode=false,manual=38,auto=-1,adj=0.0userId=0",HIT,0,0.554140
629,"Releasing suspend blocker ""PowerManagerService.WakeLocks"".",HIT,0,0.554849
630,shouldBlockLocation running ...,HIT,0,0.555556
631,shouldBlockLocation  ret:false,HIT,0,0.556260
632,"ready=true,policy=3,wakefulness=1,wksummary=0x1,uasummary=0x1,bootcompleted=true,boostinprogress=false,waitmodeenable=false,mode=false,manual=38,auto=-1,adj=0.0userId=0",HIT,0,0.556962
633,"Acquiring suspend blocker ""PowerManagerService.WakeLocks"".",HIT,0,0.557662
634,setLightsOn(true),HIT,0,0.558360
635,"setSystemUiVisibility vis=0 mask=1 oldVal=40000500 newVal=40000500 diff=0 fullscreenStackVis=0 dockedStackVis=0, fullscreenStackBounds=Rect(0, 0 - 0, 0), dockedStackBounds=Rect(0, 0 - 0, 0)",HIT,0,0.559055
636,"ready=true,policy=3,wakefulness=1,wksummary=0x0,uasummary=0x1,bootcompleted=true,boostinprogress=false,waitmodeenable=false,mode=false,manual=38,auto=-1,adj=0.0userId=0",HIT,0,0.559748
637,"Releasing suspend blocker ""PowerManagerService.WakeLocks"".",HIT,0,0.560440
638,"ready=true,policy=3,wakefulness=1,wksummary=0x1,uasummary=0x1,bootcompleted=true,boostinprogress=false,waitmodeenable=false,mode=false,manual=38,auto=-1,adj=0.0userId=0",HIT,0,0.561129
639,"Acquiring suspend blocker ""PowerManagerService.WakeLocks"".",HIT,0,0.561815
640,"ready=true,policy=3,wakefulness=1,wksummary=0x0,uasummary=0x1,bootcompleted=true,boostinprogress=false,waitmodeenable=false,mode=false,manual=38,auto=-1,adj=0.0userId=0",HIT,0,0.562500
641,"Releasing suspend blocker ""PowerManagerService.WakeLocks"".",HIT,0,0.563183
642,shouldBlockLocation running ...,HIT,0,0.563863
643,shouldBlockLocation  ret:false,HIT,0,0.564541
644,"userActivityNoUpdateLocked: eventTime=261874138, event=2, flags=0x0, uid=1000",MISS,0,0.563665
645,"ready=true,policy=3,wakefulness=1,wksummary=0x0,uasummary=0x1,bootcompleted=true,boostinprogress=false,waitmodeenable=false,mode=false,manual=38,auto=-1,adj=0.0userId=0",HIT,0,0.564341
646,setLightsOn(true),HIT,0,0.565015
647,"setSystemUiVisibility vis=0 mask=1 oldVal=40000500 newVal=40000500 diff=0 fullscreenStackVis=0 dockedStackVis=0, fullscreenStackBounds=Rect(0, 0 - 0, 0), dockedStackBounds=Rect(0, 0 - 0, 0)",HIT,0,0.565688
648,setLightsOn(true),HIT,0,0.566358
649,"setSystemUiVisibility vis=0 mask=1 oldVal=40000500 newVal=40000500 diff=0 fullscreenStackVis=0 dockedStackVis=0, fullscreenStackBounds=Rect(0, 0 - 0, 0), dockedStackBounds=Rect(0, 0 - 0, 0)",HIT,0,0.567026
650,setLightsOn(true),HIT,0,0.567692
651,"setSystemUiVisibility vis=0 mask=1 oldVal=40000500 newVal=40000500 diff=0 fullscreenStackVis=0 dockedStackVis=0, fullscreenStackBounds=Rect(0, 0 - 0, 0), dockedStackBounds=Rect(0, 0 - 0, 0)",HIT,0,0.568356
652,HBM brightnessIn =38,HIT,0,0.569018
653,HBM brightnessOut =38,HIT,0,0.569678
654,"Animating brightness: target=38, rate=200",HIT,0,0.570336
655,getTasks: caller 10111 does not hold REAL_GET_TASKS; limiting output,HIT,0,0.570992
656,getTasks: caller 10111 does not hold REAL_GET_TASKS; limiting output,HIT,0,0.571646
657,"userActivityNoUpdateLocked: eventTime=261875239, event=2, flags=0x0, uid=1000",MISS,0,0.570776
658,"ready=true,policy=3,wakefulness=1,wksummary=0x0,uasummary=0x1,bootcompleted=true,boostinprogress=false,waitmodeenable=false,mode=false,manual=38,auto=-1,adj=0.0userId=0",HIT,0,0.571429
659,setLightsOn(true),HIT,0,0.572079
660,"setSystemUiVisibility vis=0 mask=1 oldVal=40000500 newVal=40000500 diff=0 fullscreenStackVis=0 dockedStackVis=0, fullscreenStackBounds=Rect(0, 0 - 0, 0), dockedStackBounds=Rect(0, 0 - 0, 0)",HIT,0,0.572727
661,setLightsOn(true),HIT,0,0.573374
662,"setSystemUiVisibility vis=0 mask=1 oldVal=40000500 newVal=40000500 diff=0 fullscreenStackVis=0 dockedStackVis=0, fullscreenStackBounds=Rect(0, 0 - 0, 0), dockedStackBounds=Rect(0, 0 - 0, 0)",HIT,0,0.574018
663,setLightsOn(true),HIT,0,0.574661
664,"setSystemUiVisibility vis=0 mask=1 oldVal=40000500 newVal=40000500 diff=0 fullscreenStackVis=0 dockedStackVis=0, fullscreenStackBounds=Rect(0, 0 - 0, 0), dockedStackBounds=Rect(0, 0 - 0, 0)",HIT,0,0.575301
665,setLightsOn(true),HIT,0,0.575940
666,"setSystemUiVisibility vis=0 mask=1 oldVal=40000500 newVal=40000500 diff=0 fullscreenStackVis=0 dockedStackVis=0, fullscreenStackBounds=Rect(0, 0 - 0, 0), dockedStackBounds=Rect(0, 0 - 0, 0)",HIT,0,0.576577
667,HBM brightnessIn =38,HIT,0,0.577211
668,HBM brightnessOut =38,HIT,0,0.577844
669,"Animating brightness: target=38, rate=200",HIT,0,0.578475
670,"userActivityNoUpdateLocked: eventTime=261879585, event=2, flags=0x0, uid=1000",MISS,0,0.577612
671,"ready=true,policy=3,wakefulness=1,wksummary=0x0,uasummary=0x1,bootcompleted=true,boostinprogress=false,waitmodeenable=false,mode=false,manual=38,auto=-1,adj=0.0userId=0",HIT,0,0.578241
672,setLightsOn(true),HIT,0,0.578869
673,"setSystemUiVisibility vis=0 mask=1 oldVal=40000500 newVal=40000500 diff=0 fullscreenStackVis=0 dockedStackVis=0, fullscreenStackBounds=Rect(0, 0 - 0, 0), dockedStackBounds=Rect(0, 0 - 0, 0)",HIT,0,0.579495
674,Destroying surface Surface(name=PopupWindow:d76a91d) called by com.android.server.wm.WindowStateAnimator.destroySurface:2060 com.android.server.wm.WindowStateAnimator.destroySurfaceLocked:913 com.android.server.wm.WindowState.removeLocked:1554 com.android.server.wm.WindowManagerService.removeWindowInnerLocked:2739 com.android.server.wm.WindowManagerService.removeWindowInnerLocked:2702 com.android.server.wm.WindowManagerService.removeWindowLocked:2691 com.android.server.wm.WindowManagerService.removeWindowLocked:2560 com.android.server.wm.WindowManagerService.removeWindow:2555,HIT,0,0.580119
675,setLightsOn(true),HIT,0,0.580741
676,"setSystemUiVisibility vis=0 mask=1 oldVal=40000500 newVal=40000500 diff=0 fullscreenStackVis=0 dockedStackVis=0, fullscreenStackBounds=Rect(0, 0 - 0, 0), dockedStackBounds=Rect(0, 0 - 0, 0)",HIT,0,0.581361
677,Destroying surface Surface(name=PopupWindow:9b04807) called by com.android.server.wm.WindowStateAnimator.destroySurface:2060 com.android.server.wm.WindowStateAnimator.destroySurfaceLocked:913 com.android.server.wm.WindowState.removeLocked:1554 com.android.server.wm.WindowManagerService.removeWindowInnerLocked:2739 com.android.server.wm.WindowManagerService.removeWindowInnerLocked:2702 com.android.server.wm.WindowManagerService.removeWindowLocked:2691 com.android.server.wm.WindowManagerService.removeWindowLocked:2560 com.android.server.wm.WindowManagerService.removeWindow:2555,HIT,0,0.581979
678,setLightsOn(true),HIT,0,0.582596
679,"setSystemUiVisibility vis=0 mask=1 oldVal=40000500 newVal=40000500 diff=0 fullscreenStackVis=0 dockedStackVis=0, fullscreenStackBounds=Rect(0, 0 - 0, 0), dockedStackBounds=Rect(0, 0 - 0, 0)",HIT,0,0.583211
680,HBM brightnessIn =38,HIT,0,0.583824
681,HBM brightnessOut =38,HIT,0,0.584435
682,"Animating brightness: target=38, rate=200",HIT,0,0.585044
683,"userActivityNoUpdateLocked: eventTime=261880856, event=2, flags=0x0, uid=1000",MISS,0,0.584187
684,"ready=true,policy=3,wakefulness=1,wksummary=0x0,uasummary=0x1,bootcompleted=true,boostinprogress=false,waitmodeenable=false,mode=false,manual=38,auto=-1,adj=0.0userId=0",HIT,0,0.584795
685,setLightsOn(true),HIT,0,0.585401
686,"setSystemUiVisibility vis=0 mask=1 oldVal=40000500 newVal=40000500 diff=0 fullscreenStackVis=0 dockedStackVis=0, fullscreenStackBounds=Rect(0, 0 - 0, 0), dockedStackBounds=Rect(0, 0 - 0, 0)",HIT,0,0.586006
687,setLightsOn(true),HIT,0,0.586608
688,"setSystemUiVisibility vis=0 mask=1 oldVal=40000500 newVal=40000500 diff=0 fullscreenStackVis=0 dockedStackVis=0, fullscreenStackBounds=Rect(0, 0 - 0, 0), dockedStackBounds=Rect(0, 0 - 0, 0)",HIT,0,0.587209
689,setLightsOn(true),HIT,0,0.587808
690,"setSystemUiVisibility vis=0 mask=1 oldVal=40000500 newVal=40000500 diff=0 fullscreenStackVis=0 dockedStackVis=0, fullscreenStackBounds=Rect(0, 0 - 0, 0), dockedStackBounds=Rect(0, 0 - 0, 0)",HIT,0,0.588406
691,setLightsOn(true),HIT,0,0.589001
692,"setSystemUiVisibility vis=0 mask=1 oldVal=40000500 newVal=40000500 diff=0 fullscreenStackVis=0 dockedStackVis=0, fullscreenStackBounds=Rect(0, 0 - 0, 0), dockedStackBounds=Rect(0, 0 - 0, 0)",HIT,0,0.589595
693,getRunningAppProcesses: caller 10113 does not hold REAL_GET_TASKS; limiting output,HIT,0,0.590188
694,setLightsOn(true),HIT,0,0.590778
695,"setSystemUiVisibility vis=0 mask=1 oldVal=40000500 newVal=40000500 diff=0 fullscreenStackVis=0 dockedStackVis=0, fullscreenStackBounds=Rect(0, 0 - 0, 0), dockedStackBounds=Rect(0, 0 - 0, 0)",HIT,0,0.591367
696,setLightsOn(true),HIT,0,0.591954
697,"setSystemUiVisibility vis=0 mask=1 oldVal=40000500 newVal=40000500 diff=0 fullscreenStackVis=0 dockedStackVis=0, fullscreenStackBounds=Rect(0, 0 - 0, 0), dockedStackBounds=Rect(0, 0 - 0, 0)",HIT,0,0.592539
698,"userActivityNoUpdateLocked: eventTime=261881405, event=2, flags=0x0, uid=1000",MISS,0,0.591691
699,"ready=true,policy=3,wakefulness=1,wksummary=0x0,uasummary=0x1,bootcompleted=true,boostinprogress=false,waitmodeenable=false,mode=false,manual=38,auto=-1,adj=0.0userId=0",HIT,0,0.592275
700,setLightsOn(true),HIT,0,0.592857
701,"setSystemUiVisibility vis=0 mask=1 oldVal=40000500 newVal=40000500 diff=0 fullscreenStackVis=0 dockedStackVis=0, fullscreenStackBounds=Rect(0, 0 - 0, 0), dockedStackBounds=Rect(0, 0 - 0, 0)",HIT,0,0.593438
702,setLightsOn(true),HIT,0,0.594017
703,"setSystemUiVisibility vis=0 mask=1 oldVal=40000500 newVal=40000500 diff=0 fullscreenStackVis=0 dockedStackVis=0, fullscreenStackBounds=Rect(0, 0 - 0, 0), dockedStackBounds=Rect(0, 0 - 0, 0)",HIT,0,0.594595
704,setLightsOn(true),HIT,0,0.595170
705,"setSystemUiVisibility vis=0 mask=1 oldVal=40000500 newVal=40000500 diff=0 fullscreenStackVis=0 dockedStackVis=0, fullscreenStackBounds=Rect(0, 0 - 0, 0), dockedStackBounds=Rect(0, 0 - 0, 0)",HIT,0,0.595745
706,setLightsOn(true),HIT,0,0.596317
707,"setSystemUiVisibility vis=0 mask=1 oldVal=40000500 newVal=40000500 diff=0 fullscreenStackVis=0 dockedStackVis=0, fullscreenStackBounds=Rect(0, 0 - 0, 0), dockedStackBounds=Rect(0, 0 - 0, 0)",HIT,0,0.596888
708,getRunningAppProcesses: caller 10113 does not hold REAL_GET_TASKS; limiting output,HIT,0,0.597458
709,"userActivityNoUpdateLocked: eventTime=261883596, event=2, flags=0x0, uid=1000",MISS,0,0.596615
710,"ready=true,policy=3,wakefulness=1,wksummary=0x0,uasummary=0x1,bootcompleted=true,boostinprogress=false,waitmodeenable=false,mode=false,manual=38,auto=-1,adj=0.0userId=0",HIT,0,0.597183
711,setLightsOn(true),HIT,0,0.597750
712,"setSystemUiVisibility vis=0 mask=1 oldVal=40000500 newVal=40000500 diff=0 fullscreenStackVis=0 dockedStackVis=0, fullscreenStackBounds=Rect(0, 0 - 0, 0), dockedStackBounds=Rect(0, 0 - 0, 0)",HIT,0,0.598315
713,setLightsOn(true),HIT,0,0.598878
714,"setSystemUiVisibility vis=0 mask=1 oldVal=40000500 newVal=40000500 diff=0 fullscreenStackVis=0 dockedStackVis=0, fullscreenStackBounds=Rect(0, 0 - 0, 0), dockedStackBounds=Rect(0, 0 - 0, 0)",HIT,0,0.599440
715,HBM brightnessIn =38,HIT,0,0.600000
716,HBM brightnessOut =38,HIT,0,0.600559
717,"Animating brightness: target=38, rate=200",HIT,0,0.601116
718,setLightsOn(true),HIT,0,0.601671
719,"setSystemUiVisibility vis=0 mask=1 oldVal=40000500 newVal=40000500 diff=0 fullscreenStackVis=0 dockedStackVis=0, fullscreenStackBounds=Rect(0, 0 - 0, 0), dockedStackBounds=Rect(0, 0 - 0, 0)",HIT,0,0.602225
720,HBM brightnessIn =38,HIT,0,0.602778
721,HBM brightnessOut =38,HIT,0,0.603329
722,"Animating brightness: target=38, rate=200",HIT,0,0.603878
723,"userActivityNoUpdateLocked: eventTime=261884464, event=2, flags=0x0, uid=1000",MISS,0,0.603043
724,"ready=true,policy=3,wakefulness=1,wksummary=0x0,uasummary=0x1,bootcompleted=true,boostinprogress=false,waitmodeenable=false,mode=false,manual=38,auto=-1,adj=0.0userId=0",HIT,0,0.603591
725,setLightsOn(true),HIT,0,0.604138
726,"setSystemUiVisibility vis=0 mask=1 oldVal=40000500 newVal=40000500 diff=0 fullscreenStackVis=0 dockedStackVis=0, fullscreenStackBounds=Rect(0, 0 - 0, 0), dockedStackBounds=Rect(0, 0 - 0, 0)",HIT,0,0.604683
727,isMusicActive...,HIT,0,0.605227
728,setLightsOn(true),HIT,0,0.605769
729,"setSystemUiVisibility vis=0 mask=1 oldVal=40000500 newVal=40000500 diff=0 fullscreenStackVis=0 dockedStackVis=0, fullscreenStackBounds=Rect(0, 0 - 0, 0), dockedStackBounds=Rect(0, 0 - 0, 0)",HIT,0,0.606310
730,setLightsOn(true),HIT,0,0.606849
731,"setSystemUiVisibility vis=0 mask=1 oldVal=40000500 newVal=40000500 diff=0 fullscreenStackVis=0 dockedStackVis=0, fullscreenStackBounds=Rect(0, 0 - 0, 0), dockedStackBounds=Rect(0, 0 - 0, 0)",HIT,0,0.607387
732,setLightsOn(true),HIT,0,0.607923
733,"setSystemUiVisibility vis=0 mask=1 oldVal=40000500 newVal=40000500 diff=0 fullscreenStackVis=0 dockedStackVis=0, fullscreenStackBounds=Rect(0, 0 - 0, 0), dockedStackBounds=Rect(0, 0 - 0, 0)",HIT,0,0.608458
734,"userActivityNoUpdateLocked: eventTime=261885300, event=2, flags=0x0, uid=1000",MISS,0,0.607629
735,"ready=true,policy=3,wakefulness=1,wksummary=0x0,uasummary=0x1,bootcompleted=true,boostinprogress=false,waitmodeenable=false,mode=false,manual=38,auto=-1,adj=0.0userId=0",HIT,0,0.608163
736,setLightsOn(true),HIT,0,0.608696
737,"setSystemUiVisibility vis=0 mask=1 oldVal=40000500 newVal=40000500 diff=0 fullscreenStackVis=0 dockedStackVis=0, fullscreenStackBounds=Rect(0, 0 - 0, 0), dockedStackBounds=Rect(0, 0 - 0, 0)",HIT,0,0.609227
738,"userActivityNoUpdateLocked: eventTime=261885816, event=2, flags=0x0, uid=1000",MISS,0,0.608401
739,"ready=true,policy=3,wakefulness=1,wksummary=0x0,uasummary=0x1,bootcompleted=true,boostinprogress=false,waitmodeenable=false,mode=false,manual=38,auto=-1,adj=0.0userId=0",HIT,0,0.608931
740,setLightsOn(true),HIT,0,0.609459
741,"setSystemUiVisibility vis=0 mask=1 oldVal=40000500 newVal=40000500 diff=0 fullscreenStackVis=0 dockedStackVis=0, fullscreenStackBounds=Rect(0, 0 - 0, 0), dockedStackBounds=Rect(0, 0 - 0, 0)",HIT,0,0.609987
742,setLightsOn(true),HIT,0,0.610512
743,"setSystemUiVisibility vis=0 mask=1 oldVal=40000500 newVal=40000500 diff=0 fullscreenStackVis=0 dockedStackVis=0, fullscreenStackBounds=Rect(0, 0 - 0, 0), dockedStackBounds=Rect(0, 0 - 0, 0)",HIT,0,0.611036
744,setLightsOn(true),HIT,0,0.611559
745,"setSystemUiVisibility vis=0 mask=1 oldVal=40000500 newVal=40000500 diff=0 fullscreenStackVis=0 dockedStackVis=0, fullscreenStackBounds=Rect(0, 0 - 0, 0), dockedStackBounds=Rect(0, 0 - 0, 0)",HIT,0,0.612081
746,setLightsOn(true),HIT,0,0.612601
747,"setSystemUiVisibility vis=0 mask=1 oldVal=40000500 newVal=40000500 diff=0 fullscreenStackVis=0 dockedStackVis=0, fullscreenStackBounds=Rect(0, 0 - 0, 0), dockedStackBounds=Rect(0, 0 - 0, 0)",HIT,0,0.613119
748,"userActivityNoUpdateLocked: eventTime=261886520, event=2, flags=0x0, uid=1000",MISS,0,0.612299
749,"ready=true,policy=3,wakefulness=1,wksummary=0x0,uasummary=0x1,bootcompleted=true,boostinprogress=false,waitmodeenable=false,mode=false,manual=38,auto=-1,adj=0.0userId=0",HIT,0,0.612817
750,setLightsOn(true),HIT,0,0.613333
751,"setSystemUiVisibility vis=0 mask=1 oldVal=40000500 newVal=40000500 diff=0 fullscreenStackVis=0 dockedStackVis=0, fullscreenStackBounds=Rect(0, 0 - 0, 0), dockedStackBounds=Rect(0, 0 - 0, 0)",HIT,0,0.613848
752,"userActivityNoUpdateLocked: eventTime=261887070, event=2, flags=0x0, uid=1000",MISS,0,0.613032
753,"ready=true,policy=3,wakefulness=1,wksummary=0x0,uasummary=0x1,bootcompleted=true,boostinprogress=false,waitmodeenable=false,mode=false,manual=38,auto=-1,adj=0.0userId=0",HIT,0,0.613546
754,playSoundEffect   effectType: 0,HIT,0,0.614058
755,querySoundEffectsEnabled...,HIT,0,0.614570
756,Destroying surface Surface(name=PopupWindow:9b04807) called by com.android.server.wm.WindowStateAnimator.destroySurface:2060 com.android.server.wm.WindowStateAnimator.destroySurfaceLocked:913 com.android.server.wm.WindowState.removeLocked:1554 com.android.server.wm.WindowManagerService.removeWindowInnerLocked:2739 com.android.server.wm.WindowManagerService.removeWindowInnerLocked:2702 com.android.server.wm.WindowManagerService.removeWindowLocked:2691 com.android.server.wm.WindowManagerService.removeWindowLocked:2560 com.android.server.wm.WindowManagerService.removeWindow:2555,HIT,0,0.615079
757,setLightsOn(true),HIT,0,0.615588
758,"setSystemUiVisibility vis=0 mask=1 oldVal=40000500 newVal=40000500 diff=0 fullscreenStackVis=0 dockedStackVis=0, fullscreenStackBounds=Rect(0, 0 - 0, 0), dockedStackBounds=Rect(0, 0 - 0, 0)",HIT,0,0.616095
759,Destroying surface Surface(name=PopupWindow:317e46) called by com.android.server.wm.WindowStateAnimator.destroySurface:2060 com.android.server.wm.WindowStateAnimator.destroySurfaceLocked:913 com.android.server.wm.WindowState.removeLocked:1554 com.android.server.wm.WindowManagerService.removeWindowInnerLocked:2739 com.android.server.wm.WindowManagerService.removeWindowInnerLocked:2702 com.android.server.wm.WindowManagerService.removeWindowLocked:2691 com.android.server.wm.WindowManagerService.removeWindowLocked:2560 com.android.server.wm.WindowManagerService.removeWindow:2555,HIT,0,0.616601
760,setLightsOn(true),HIT,0,0.617105
761,"setSystemUiVisibility vis=0 mask=1 oldVal=40000500 newVal=40000500 diff=0 fullscreenStackVis=0 dockedStackVis=0, fullscreenStackBounds=Rect(0, 0 - 0, 0), dockedStackBounds=Rect(0, 0 - 0, 0)",HIT,0,0.617608
762,setLightsOn(true),HIT,0,0.618110
763,"setSystemUiVisibility vis=0 mask=1 oldVal=40000500 newVal=40000500 diff=0 fullscreenStackVis=0 dockedStackVis=0, fullscreenStackBounds=Rect(0, 0 - 0, 0), dockedStackBounds=Rect(0, 0 - 0, 0)",HIT,0,0.618611
764,setLightsOn(true),HIT,0,0.619110
765,"setSystemUiVisibility vis=0 mask=1 oldVal=40000500 newVal=40000500 diff=0 fullscreenStackVis=0 dockedStackVis=0, fullscreenStackBounds=Rect(0, 0 - 0, 0), dockedStackBounds=Rect(0, 0 - 0, 0)",HIT,0,0.619608
766,setLightsOn(true),HIT,0,0.620104
767,"setSystemUiVisibility vis=0 mask=1 oldVal=40000500 newVal=40000500 diff=0 fullscreenStackVis=0 dockedStackVis=0, fullscreenStackBounds=Rect(0, 0 - 0, 0), dockedStackBounds=Rect(0, 0 - 0, 0)",HIT,0,0.620600
768,setLightsOn(true),HIT,0,0.621094
769,"setSystemUiVisibility vis=0 mask=1 oldVal=40000500 newVal=40000500 diff=0 fullscreenStackVis=0 dockedStackVis=0, fullscreenStackBounds=Rect(0, 0 - 0, 0), dockedStackBounds=Rect(0, 0 - 0, 0)",HIT,0,0.621586
770,HBM brightnessIn =38,HIT,0,0.622078
771,HBM brightnessOut =38,HIT,0,0.622568
772,"Animating brightness: target=38, rate=200",HIT,0,0.623057
773,getRunningAppProcesses: caller 10113 does not hold REAL_GET_TASKS; limiting output,HIT,0,0.623545
774,getTasks: caller 10111 does not hold REAL_GET_TASKS; limiting output,HIT,0,0.624031
775,getTasks: caller 10111 does not hold REAL_GET_TASKS; limiting output,HIT,0,0.624516
776,getTasks: caller 10111 does not hold REAL_GET_TASKS; limiting output,HIT,0,0.625000
777,getTasks: caller 10111 does not hold REAL_GET_TASKS; limiting output,HIT,0,0.625483
778,getRunningAppProcesses: caller 10111 does not hold REAL_GET_TASKS; limiting output,HIT,0,0.625964
779,isMusicActive...,HIT,0,0.626444
780,"sending alarm Alarm{19069ff type 3 when 509169377 PendingIntent{50303cc: PendingIntentRecord{e204f60 com.android.phone broadcastIntent}}},repeatInterval = 0,listenerTag =null",MISS,0,0.625641
781,"ready=true,policy=3,wakefulness=1,wksummary=0x1,uasummary=0x1,bootcompleted=true,boostinprogress=false,waitmodeenable=false,mode=false,manual=38,auto=-1,adj=0.0userId=0",HIT,0,0.626120
782,"Acquiring suspend blocker ""PowerManagerService.WakeLocks"".",HIT,0,0.626598
783,Killing 23484:com.android.calendar/u0a13 (adj 906): empty for 1810s,MISS,0,0.625798
784,"ready=true,policy=3,wakefulness=1,wksummary=0x0,uasummary=0x1,bootcompleted=true,boostinprogress=false,waitmodeenable=false,mode=false,manual=38,auto=-1,adj=0.0userId=0",HIT,0,0.626276
785,"Releasing suspend blocker ""PowerManagerService.WakeLocks"".",HIT,0,0.626752
786,stopWifiDisplayScanLocked record.mWifiDisplayScanRequested=false,MISS,0,0.625954
787,stopWifiDisplayScanLocked mWifiDisplayScanRequestCount=0,MISS,0,0.625159
788,cleanUpApplicationRecord -- 5784,MISS,0,0.624365
789,"cleanUpApplicationRecordLocked, pid: 5784, restart: false",MISS,0,0.623574
790,"cleanUpApplicationRecordLocked, reset pid: 5784, euid: 0",MISS,0,0.622785
791,stopWifiDisplayScanLocked record.mWifiDisplayScanRequested=false,HIT,0,0.623262
792,stopWifiDisplayScanLocked mWifiDisplayScanRequestCount=0,HIT,0,0.623737
793,cleanUpApplicationRecord -- 23484,MISS,0,0.622951
794,"cleanUpApplicationRecordLocked, pid: 23484, restart: false",MISS,0,0.622166
795,"cleanUpApplicationRecordLocked, reset pid: 23484, euid: 0",MISS,0,0.621384
796,stopWifiDisplayScanLocked record.mWifiDisplayScanRequested=false,HIT,0,0.621859
797,stopWifiDisplayScanLocked mWifiDisplayScanRequestCount=0,HIT,0,0.622334
798,cleanUpApplicationRecord -- 5769,MISS,0,0.621554
799,"cleanUpApplicationRecordLocked, pid: 5769, restart: false",MISS,0,0.620776
800,"cleanUpApplicationRecordLocked, reset pid: 5769, euid: 0",MISS,0,0.620000
801,HBM brightnessIn =38,HIT,0,0.620474
802,HBM brightnessOut =38,HIT,0,0.620948
803,"Animating brightness: target=38, rate=200",HIT,0,0.621420
804,HBM brightnessIn =38,HIT,0,0.621891
805,HBM brightnessOut =38,HIT,0,0.622360
806,"Animating brightness: target=38, rate=200",HIT,0,0.622829
807,HBM brightnessIn =38,HIT,0,0.623296
808,HBM brightnessOut =38,HIT,0,0.623762
809,"Animating brightness: target=38, rate=200",HIT,0,0.624227
810,getRunningAppProcesses: caller 10091 does not hold REAL_GET_TASKS; limiting output,HIT,0,0.624691
811,getTasks: caller 10111 does not hold REAL_GET_TASKS; limiting output,HIT,0,0.625154
812,getTasks: caller 10111 does not hold REAL_GET_TASKS; limiting output,HIT,0,0.625616
813,HBM brightnessIn =38,HIT,0,0.626076
814,HBM brightnessOut =38,HIT,0,0.626536
815,"Animating brightness: target=38, rate=200",HIT,0,0.626994
816,HBM brightnessIn =38,HIT,0,0.627451
817,HBM brightnessOut =38,HIT,0,0.627907
818,"Animating brightness: target=38, rate=200",HIT,0,0.628362
819,HBM brightnessIn =38,HIT,0,0.628816
820,HBM brightnessOut =38,HIT,0,0.629268
821,"Animating brightness: target=38, rate=200",HIT,0,0.629720
822,HBM brightnessIn =38,HIT,0,0.630170
823,HBM brightnessOut =38,HIT,0,0.630620
824,"Animating brightness: target=38, rate=200",HIT,0,0.631068
825,getRunningAppProcesses: caller 10113 does not hold REAL_GET_TASKS; limiting output,HIT,0,0.631515
826,getRunningAppProcesses: caller 10113 does not hold REAL_GET_TASKS; limiting output,HIT,0,0.631961
827,HBM brightnessIn =38,HIT,0,0.632406
828,HBM brightnessOut =38,HIT,0,0.632850
829,"Animating brightness: target=38, rate=200",HIT,0,0.633293
830,getRunningAppProcesses: caller 10111 does not hold REAL_GET_TASKS; limiting output,HIT,0,0.633735
831,HBM brightnessIn =38,HIT,0,0.634176
832,HBM brightnessOut =38,HIT,0,0.634615
833,"Animating brightness: target=38, rate=200",HIT,0,0.635054
834,HBM brightnessIn =38,HIT,0,0.635492
835,HBM brightnessOut =38,HIT,0,0.635928
836,"Animating brightness: target=38, rate=200",HIT,0,0.636364
837,isMusicActive...,HIT,0,0.636798
838,HBM brightnessIn =38,HIT,0,0.637232
839,HBM brightnessOut =38,HIT,0,0.637664
840,"Animating brightness: target=38, rate=200",HIT,0,0.638095
841,getRunningAppProcesses: caller 10113 does not hold REAL_GET_TASKS; limiting output,HIT,0,0.638526
842,getRunningAppProcesses: caller 10113 does not hold REAL_GET_TASKS; limiting output,HIT,0,0.638955
843,getRunningAppProcesses: caller 10111 does not hold REAL_GET_TASKS; limiting output,HIT,0,0.639383
844,isMusicActive...,HIT,0,0.639810
845,"ready=true,policy=3,wakefulness=1,wksummary=0x1,uasummary=0x1,bootcompleted=true,boostinprogress=false,waitmodeenable=false,mode=false,manual=38,auto=-1,adj=0.0userId=0",HIT,0,0.640237
846,"Acquiring suspend blocker ""PowerManagerService.WakeLocks"".",HIT,0,0.640662
847,"ready=true,policy=3,wakefulness=1,wksummary=0x0,uasummary=0x1,bootcompleted=true,boostinprogress=false,waitmodeenable=false,mode=false,manual=38,auto=-1,adj=0.0userId=0",HIT,0,0.641086
848,"Releasing suspend blocker ""PowerManagerService.WakeLocks"".",HIT,0,0.641509
849,HBM brightnessIn =38,HIT,0,0.641932
850,HBM brightnessOut =38,HIT,0,0.642353
851,"Animating brightness: target=38, rate=200",HIT,0,0.642773
852,HBM brightnessIn =38,HIT,0,0.643192
853,HBM brightnessOut =38,HIT,0,0.643611
854,"Animating brightness: target=38, rate=200",HIT,0,0.644028
855,"sending alarm Alarm{c1705d3 type 3 when 509202333 PendingIntent{1749923: PendingIntentRecord{9600e20 android broadcastIntent}}},repeatInterval = 0,listenerTag =time_tick",MISS,0,0.643275
856,"ready=true,policy=3,wakefulness=1,wksummary=0x1,uasummary=0x1,bootcompleted=true,boostinprogress=false,waitmodeenable=false,mode=false,manual=38,auto=-1,adj=0.0userId=0",HIT,0,0.643692
857,"Acquiring suspend blocker ""PowerManagerService.WakeLocks"".",HIT,0,0.644107
858,Received TIME_TICK alarm; rescheduling,MISS,0,0.643357
859,scheduleTimeTickEvent triggerAtTime = 509262332,MISS,0,0.642608
860,"updateClipping isOverlap:false, getTopPadding=333.0, Translation=0.0",MISS,0,0.641860
861,updateDimmedActivatedHideSensitive overlap:false,MISS,0,0.641115
862,"updateClipping isOverlap:false, getTopPadding=333.0, Translation=0.0",HIT,0,0.641531
863,updateDimmedActivatedHideSensitive overlap:false,HIT,0,0.641947
864,received broadcast android.intent.action.TIME_TICK,MISS,0,0.641204
865,handleTimeUpdate,MISS,0,0.640462
866,getRunningAppProcesses: caller 10113 does not hold REAL_GET_TASKS; limiting output,HIT,0,0.640878
867,"ready=true,policy=3,wakefulness=1,wksummary=0x0,uasummary=0x1,bootcompleted=true,boostinprogress=false,waitmodeenable=false,mode=false,manual=38,auto=-1,adj=0.0userId=0",HIT,0,0.641292
868,"Releasing suspend blocker ""PowerManagerService.WakeLocks"".",HIT,0,0.641705
869,"acquire lock=134680583, flags=0x1, tag=""RILJ_ACK_WL"", name=com.android.phone, ws=null, uid=1001, pid=2626",MISS,0,0.640967
870,"ready=true,policy=3,wakefulness=1,wksummary=0x1,uasummary=0x1,bootcompleted=true,boostinprogress=false,waitmodeenable=false,mode=false,manual=38,auto=-1,adj=0.0userId=0",HIT,0,0.641379
871,"Acquiring suspend blocker ""PowerManagerService.WakeLocks"".",HIT,0,0.641791
872,remove(PendingIntent{e4e2534: PendingIntentRecord{e204f60 com.android.phone broadcastIntent}}) changed bounds; rebatching,MISS,0,0.641055
873,"release:lock=134680583, flg=0x0, tag=""RILJ_ACK_WL"", name=com.android.phone"", ws=null, uid=1001, pid=2626",MISS,0,0.640321
874,"ready=true,policy=3,wakefulness=1,wksummary=0x0,uasummary=0x1,bootcompleted=true,boostinprogress=false,waitmodeenable=false,mode=false,manual=38,auto=-1,adj=0.0userId=0",HIT,0,0.640732
875,"Releasing suspend blocker ""PowerManagerService.WakeLocks"".",HIT,0,0.641143
876,getRunningAppProcesses: caller 10113 does not hold REAL_GET_TASKS; limiting output,HIT,0,0.641553
877,"acquire lock=134680583, flags=0x1, tag=""RILJ_ACK_WL"", name=com.android.phone, ws=null, uid=1001, pid=2626",HIT,0,0.641961
878,"ready=true,policy=3,wakefulness=1,wksummary=0x1,uasummary=0x1,bootcompleted=true,boostinprogress=false,waitmodeenable=false,mode=false,manual=38,auto=-1,adj=0.0userId=0",HIT,0,0.642369
879,"Acquiring suspend blocker ""PowerManagerService.WakeLocks"".",HIT,0,0.642776
880,"acquire lock=134680583, flags=0x1, tag=""RILJ_ACK_WL"", name=com.android.phone, ws=null, uid=1001, pid=2626",HIT,0,0.643182
881,"ready=true,policy=3,wakefulness=1,wksummary=0x1,uasummary=0x1,bootcompleted=true,boostinprogress=false,waitmodeenable=false,mode=false,manual=38,auto=-1,adj=0.0userId=0",HIT,0,0.643587
882,"ready=true,policy=3,wakefulness=1,wksummary=0x1,uasummary=0x1,bootcompleted=true,boostinprogress=false,waitmodeenable=false,mode=false,manual=38,auto=-1,adj=0.0userId=0",HIT,0,0.643991
883,"ready=true,policy=3,wakefulness=1,wksummary=0x1,uasummary=0x1,bootcompleted=true,boostinprogress=false,waitmodeenable=false,mode=false,manual=38,auto=-1,adj=0.0userId=0",HIT,0,0.644394
884,"ready=true,policy=3,wakefulness=1,wksummary=0x1,uasummary=0x1,bootcompleted=true,boostinprogress=false,waitmodeenable=false,mode=false,manual=38,auto=-1,adj=0.0userId=0",HIT,0,0.644796
885,"ready=true,policy=3,wakefulness=1,wksummary=0x1,uasummary=0x1,bootcompleted=true,boostinprogress=false,waitmodeenable=false,mode=false,manual=38,auto=-1,adj=0.0userId=0",HIT,0,0.645198
886,"ready=true,policy=3,wakefulness=1,wksummary=0x1,uasummary=0x1,bootcompleted=true,boostinprogress=false,waitmodeenable=false,mode=false,manual=38,auto=-1,adj=0.0userId=0",HIT,0,0.645598
887,shouldBlockLocation running ...,HIT,0,0.645998
888,shouldBlockLocation  ret:false,HIT,0,0.646396
889,shouldBlockLocation running ...,HIT,0,0.646794
890,shouldBlockLocation  ret:false,HIT,0,0.647191
891,"release:lock=134680583, flg=0x0, tag=""RILJ_ACK_WL"", name=com.android.phone"", ws=null, uid=1001, pid=2626",HIT,0,0.647587
892,"ready=true,policy=3,wakefulness=1,wksummary=0x0,uasummary=0x1,bootcompleted=true,boostinprogress=false,waitmodeenable=false,mode=false,manual=38,auto=-1,adj=0.0userId=0",HIT,0,0.647982
893,"Releasing suspend blocker ""PowerManagerService.WakeLocks"".",HIT,0,0.648376
894,getNeighboringCellInfo calling app is com.amap.android.ams,MISS,0,0.647651
895,shouldBlockLocation running ...,HIT,0,0.648045
896,shouldBlockLocation  ret:false,HIT,0,0.648438
897,"ready=true,policy=3,wakefulness=1,wksummary=0x1,uasummary=0x1,bootcompleted=true,boostinprogress=false,waitmodeenable=false,mode=false,manual=38,auto=-1,adj=0.0userId=0",HIT,0,0.648829
898,"Acquiring suspend blocker ""PowerManagerService.WakeLocks"".",HIT,0,0.649220
899,"ready=true,policy=3,wakefulness=1,wksummary=0x0,uasummary=0x1,bootcompleted=true,boostinprogress=false,waitmodeenable=false,mode=false,manual=38,auto=-1,adj=0.0userId=0",HIT,0,0.649611
900,"Releasing suspend blocker ""PowerManagerService.WakeLocks"".",HIT,0,0.650000
901,shouldBlockLocation running ...,HIT,0,0.650388
902,shouldBlockLocation  ret:false,HIT,0,0.650776
903,"ready=true,policy=3,wakefulness=1,wksummary=0x1,uasummary=0x1,bootcompleted=true,boostinprogress=false,waitmodeenable=false,mode=false,manual=38,auto=-1,adj=0.0userId=0",HIT,0,0.651163
904,"Acquiring suspend blocker ""PowerManagerService.WakeLocks"".",HIT,0,0.651549
905,"ready=true,policy=3,wakefulness=1,wksummary=0x0,uasummary=0x1,bootcompleted=true,boostinprogress=false,waitmodeenable=false,mode=false,manual=38,auto=-1,adj=0.0userId=0",HIT,0,0.651934
906,"Releasing suspend blocker ""PowerManagerService.WakeLocks"".",HIT,0,0.652318
907,"ready=true,policy=3,wakefulness=1,wksummary=0x1,uasummary=0x1,bootcompleted=true,boostinprogress=false,waitmodeenable=false,mode=false,manual=38,auto=-1,adj=0.0userId=0",HIT,0,0.652701
908,"Acquiring suspend blocker ""PowerManagerService.WakeLocks"".",HIT,0,0.653084
909,"ready=true,policy=3,wakefulness=1,wksummary=0x0,uasummary=0x1,bootcompleted=true,boostinprogress=false,waitmodeenable=false,mode=false,manual=38,auto=-1,adj=0.0userId=0",HIT,0,0.653465
910,"Releasing suspend blocker ""PowerManagerService.WakeLocks"".",HIT,0,0.653846
911,shouldBlockLocation running ...,HIT,0,0.654226
912,shouldBlockLocation  ret:false,HIT,0,0.654605
913,HBM brightnessIn =38,HIT,0,0.654984
914,HBM brightnessOut =38,HIT,0,0.655361
915,"Animating brightness: target=38, rate=200",HIT,0,0.655738
916,Unable to start service Intent { act=com.tencent.android.tpush.action.keepalive cmp=com.qqgame.hlddz/com.tencent.android.tpush.service.XGPushService } U=0: not found,MISS,0,0.655022
917,"ready=true,policy=3,wakefulness=1,wksummary=0x1,uasummary=0x1,bootcompleted=true,boostinprogress=false,waitmodeenable=false,mode=false,manual=38,auto=-1,adj=0.0userId=0",HIT,0,0.655398
918,"Acquiring suspend blocker ""PowerManagerService.WakeLocks"".",HIT,0,0.655773
919,getRunningAppProcesses: caller 10091 does not hold REAL_GET_TASKS; limiting output,HIT,0,0.656148
920,getRunningAppProcesses: caller 10091 does not hold REAL_GET_TASKS; limiting output,HIT,0,0.656522
921,"ready=true,policy=3,wakefulness=1,wksummary=0x0,uasummary=0x1,bootcompleted=true,boostinprogress=false,waitmodeenable=false,mode=false,manual=38,auto=-1,adj=0.0userId=0",HIT,0,0.656895
922,"Releasing suspend blocker ""PowerManagerService.WakeLocks"".",HIT,0,0.657267
923,"acquire lock=120758482, flags=0x1, tag=""RILJ_ACK_WL"", name=com.android.phone, ws=null, uid=1001, pid=2626",MISS,0,0.656555
924,"ready=true,policy=3,wakefulness=1,wksummary=0x1,uasummary=0x1,bootcompleted=true,boostinprogress=false,waitmodeenable=false,mode=false,manual=38,auto=-1,adj=0.0userId=0",HIT,0,0.656926
925,"Acquiring suspend blocker ""PowerManagerService.WakeLocks"".",HIT,0,0.657297
926,"release:lock=120758482, flg=0x0, tag=""RILJ_ACK_WL"", name=com.android.phone"", ws=null, uid=1001, pid=2626",MISS,0,0.656587
927,"ready=true,policy=3,wakefulness=1,wksummary=0x0,uasummary=0x1,bootcompleted=true,boostinprogress=false,waitmodeenable=false,mode=false,manual=38,auto=-1,adj=0.0userId=0",HIT,0,0.656958
928,"Releasing suspend blocker ""PowerManagerService.WakeLocks"".",HIT,0,0.657328
929,"acquire lock=120758482, flags=0x1, tag=""RILJ_ACK_WL"", name=com.android.phone, ws=null, uid=1001, pid=2626",HIT,0,0.657696
930,"ready=true,policy=3,wakefulness=1,wksummary=0x1,uasummary=0x1,bootcompleted=true,boostinprogress=false,waitmodeenable=false,mode=false,manual=38,auto=-1,adj=0.0userId=0",HIT,0,0.658065
931,"Acquiring suspend blocker ""PowerManagerService.WakeLocks"".",HIT,0,0.658432
932,"acquire lock=120758482, flags=0x1, tag=""RILJ_ACK_WL"", name=com.android.phone, ws=null, uid=1001, pid=2626",HIT,0,0.658798
933,"ready=true,policy=3,wakefulness=1,wksummary=0x1,uasummary=0x1,bootcompleted=true,boostinprogress=false,waitmodeenable=false,mode=false,manual=38,auto=-1,adj=0.0userId=0",HIT,0,0.659164
934,"ready=true,policy=3,wakefulness=1,wksummary=0x1,uasummary=0x1,bootcompleted=true,boostinprogress=false,waitmodeenable=false,mode=false,manual=38,auto=-1,adj=0.0userId=0",HIT,0,0.659529
935,"ready=true,policy=3,wakefulness=1,wksummary=0x1,uasummary=0x1,bootcompleted=true,boostinprogress=false,waitmodeenable=false,mode=false,manual=38,auto=-1,adj=0.0userId=0",HIT,0,0.659893
936,"ready=true,policy=3,wakefulness=1,wksummary=0x1,uasummary=0x1,bootcompleted=true,boostinprogress=false,waitmodeenable=false,mode=false,manual=38,auto=-1,adj=0.0userId=0",HIT,0,0.660256
937,"ready=true,policy=3,wakefulness=1,wksummary=0x1,uasummary=0x1,bootcompleted=true,boostinprogress=false,waitmodeenable=false,mode=false,manual=38,auto=-1,adj=0.0userId=0",HIT,0,0.660619
938,"ready=true,policy=3,wakefulness=1,wksummary=0x1,uasummary=0x1,bootcompleted=true,boostinprogress=false,waitmodeenable=false,mode=false,manual=38,auto=-1,adj=0.0userId=0",HIT,0,0.660981
939,shouldBlockLocation running ...,HIT,0,0.661342
940,shouldBlockLocation  ret:false,HIT,0,0.661702
941,shouldBlockLocation running ...,HIT,0,0.662062
942,shouldBlockLocation  ret:false,HIT,0,0.662420
943,getNeighboringCellInfo calling app is com.amap.android.ams,HIT,0,0.662778
944,shouldBlockLocation running ...,HIT,0,0.663136
945,shouldBlockLocation  ret:false,HIT,0,0.663492
946,"ready=true,policy=3,wakefulness=1,wksummary=0x1,uasummary=0x1,bootcompleted=true,boostinprogress=false,waitmodeenable=false,mode=false,manual=38,auto=-1,adj=0.0userId=0",HIT,0,0.663848
947,"release:lock=120758482, flg=0x0, tag=""RILJ_ACK_WL"", name=com.android.phone"", ws=null, uid=1001, pid=2626",HIT,0,0.664203
948,"ready=true,policy=3,wakefulness=1,wksummary=0x1,uasummary=0x1,bootcompleted=true,boostinprogress=false,waitmodeenable=false,mode=false,manual=38,auto=-1,adj=0.0userId=0",HIT,0,0.664557
949,"ready=true,policy=3,wakefulness=1,wksummary=0x0,uasummary=0x1,bootcompleted=true,boostinprogress=false,waitmodeenable=false,mode=false,manual=38,auto=-1,adj=0.0userId=0",HIT,0,0.664910
950,"Releasing suspend blocker ""PowerManagerService.WakeLocks"".",HIT,0,0.665263
951,shouldBlockLocation running ...,HIT,0,0.665615
952,shouldBlockLocation  ret:false,HIT,0,0.665966
953,"ready=true,policy=3,wakefulness=1,wksummary=0x1,uasummary=0x1,bootcompleted=true,boostinprogress=false,waitmodeenable=false,mode=false,manual=38,auto=-1,adj=0.0userId=0",HIT,0,0.666317
954,"Acquiring suspend blocker ""PowerManagerService.WakeLocks"".",HIT,0,0.666667
955,"ready=true,policy=3,wakefulness=1,wksummary=0x0,uasummary=0x1,bootcompleted=true,boostinprogress=false,waitmodeenable=false,mode=false,manual=38,auto=-1,adj=0.0userId=0",HIT,0,0.667016
956,"Releasing suspend blocker ""PowerManagerService.WakeLocks"".",HIT,0,0.667364
957,"ready=true,policy=3,wakefulness=1,wksummary=0x1,uasummary=0x1,bootcompleted=true,boostinprogress=false,waitmodeenable=false,mode=false,manual=38,auto=-1,adj=0.0userId=0",HIT,0,0.667712
958,"Acquiring suspend blocker ""PowerManagerService.WakeLocks"".",HIT,0,0.668058
959,"ready=true,policy=3,wakefulness=1,wksummary=0x0,uasummary=0x1,bootcompleted=true,boostinprogress=false,waitmodeenable=false,mode=false,manual=38,auto=-1,adj=0.0userId=0",HIT,0,0.668405
960,"Releasing suspend blocker ""PowerManagerService.WakeLocks"".",HIT,0,0.668750
961,shouldBlockLocation running ...,HIT,0,0.669095
962,shouldBlockLocation  ret:false,HIT,0,0.669439
963,HBM brightnessIn =38,HIT,0,0.669782
964,HBM brightnessOut =38,HIT,0,0.670124
965,"Animating brightness: target=38, rate=200",HIT,0,0.670466
966,"acquire lock=120758482, flags=0x1, tag=""RILJ_ACK_WL"", name=com.android.phone, ws=null, uid=1001, pid=2626",HIT,0,0.670807
967,"ready=true,policy=3,wakefulness=1,wksummary=0x1,uasummary=0x1,bootcompleted=true,boostinprogress=false,waitmodeenable=false,mode=false,manual=38,auto=-1,adj=0.0userId=0",HIT,0,0.671148
968,"Acquiring suspend blocker ""PowerManagerService.WakeLocks"".",HIT,0,0.671488
969,"acquire lock=120758482, flags=0x1, tag=""RILJ_ACK_WL"", name=com.android.phone, ws=null, uid=1001, pid=2626",HIT,0,0.671827
970,"ready=true,policy=3,wakefulness=1,wksummary=0x1,uasummary=0x1,bootcompleted=true,boostinprogress=false,waitmodeenable=false,mode=false,manual=38,auto=-1,adj=0.0userId=0",HIT,0,0.672165
971,"ready=true,policy=3,wakefulness=1,wksummary=0x1,uasummary=0x1,bootcompleted=true,boostinprogress=false,waitmodeenable=false,mode=false,manual=38,auto=-1,adj=0.0userId=0",HIT,0,0.672503
972,"ready=true,policy=3,wakefulness=1,wksummary=0x1,uasummary=0x1,bootcompleted=true,boostinprogress=false,waitmodeenable=false,mode=false,manual=38,auto=-1,adj=0.0userId=0",HIT,0,0.672840
973,"ready=true,policy=3,wakefulness=1,wksummary=0x1,uasummary=0x1,bootcompleted=true,boostinprogress=false,waitmodeenable=false,mode=false,manual=38,auto=-1,adj=0.0userId=0",HIT,0,0.673176
974,"ready=true,policy=3,wakefulness=1,wksummary=0x1,uasummary=0x1,bootcompleted=true,boostinprogress=false,waitmodeenable=false,mode=false,manual=38,auto=-1,adj=0.0userId=0",HIT,0,0.673511
975,"ready=true,policy=3,wakefulness=1,wksummary=0x1,uasummary=0x1,bootcompleted=true,boostinprogress=false,waitmodeenable=false,mode=false,manual=38,auto=-1,adj=0.0userId=0",HIT,0,0.673846
976,shouldBlockLocation running ...,HIT,0,0.674180
977,shouldBlockLocation  ret:false,HIT,0,0.674514
978,shouldBlockLocation running ...,HIT,0,0.674847
979,shouldBlockLocation  ret:false,HIT,0,0.675179
980,"release:lock=120758482, flg=0x0, tag=""RILJ_ACK_WL"", name=com.android.phone"", ws=null, uid=1001, pid=2626",HIT,0,0.675510
981,"ready=true,policy=3,wakefulness=1,wksummary=0x0,uasummary=0x1,bootcompleted=true,boostinprogress=false,waitmodeenable=false,mode=false,manual=38,auto=-1,adj=0.0userId=0",HIT,0,0.675841
982,"Releasing suspend blocker ""PowerManagerService.WakeLocks"".",HIT,0,0.676171
983,getNeighboringCellInfo calling app is com.amap.android.ams,HIT,0,0.676501
984,shouldBlockLocation running ...,HIT,0,0.676829
985,shouldBlockLocation  ret:false,HIT,0,0.677157
986,"ready=true,policy=3,wakefulness=1,wksummary=0x1,uasummary=0x1,bootcompleted=true,boostinprogress=false,waitmodeenable=false,mode=false,manual=38,auto=-1,adj=0.0userId=0",HIT,0,0.677485
987,"Acquiring suspend blocker ""PowerManagerService.WakeLocks"".",HIT,0,0.677812
988,"ready=true,policy=3,wakefulness=1,wksummary=0x0,uasummary=0x1,bootcompleted=true,boostinprogress=false,waitmodeenable=false,mode=false,manual=38,auto=-1,adj=0.0userId=0",HIT,0,0.678138
989,"Releasing suspend blocker ""PowerManagerService.WakeLocks"".",HIT,0,0.678463
990,shouldBlockLocation running ...,HIT,0,0.678788
991,shouldBlockLocation  ret:false,HIT,0,0.679112
992,shouldBlockLocation running ...,HIT,0,0.679435
993,shouldBlockLocation  ret:false,HIT,0,0.679758
994,HBM brightnessIn =38,HIT,0,0.680080
995,HBM brightnessOut =38,HIT,0,0.680402
996,"Animating brightness: target=38, rate=200",HIT,0,0.680723
997,HBM brightnessIn =38,HIT,0,0.681043
998,HBM brightnessOut =38,HIT,0,0.681363
999,"Animating brightness: target=38, rate=200",HIT,0,0.681682
1000,getRunningAppProcesses: caller 10111 does not hold REAL_GET_TASKS; limiting output,HIT,0,0.682000
1001,unregisterAudioFocusListener...,MISS,0,0.681319
1002,abandonAudioFocus,MISS,0,0.680639
1003,"[HSM] stayAwake false uid: 10111, pid: 28601",MISS,0,0.679960
1004,Pid:28601 MediaPlayer destructor,MISS,0,0.679283
1005,getRunningAppProcesses: caller 10111 does not hold REAL_GET_TASKS; limiting output,HIT,0,0.679602
1006,getRunningAppProcesses: caller 10111 does not hold REAL_GET_TASKS; limiting output,HIT,0,0.679920
1007,stopWifiDisplayScanLocked record.mWifiDisplayScanRequested=false,HIT,0,0.680238
1008,stopWifiDisplayScanLocked mWifiDisplayScanRequestCount=0,HIT,0,0.680556
1009,Process com.tencent.mobileqq:qzone (pid 12236) has died,MISS,0,0.679881
1010,cleanUpApplicationRecord -- 12236,MISS,0,0.679208
1011,Scheduling restart of crashed service com.tencent.mobileqq/cooperation.qzone.remote.logic.QzoneWebPluginProxyService in 1000ms,MISS,0,0.678536
1012,"cleanUpApplicationRecordLocked, pid: 12236, restart: false",MISS,0,0.677866
1013,"cleanUpApplicationRecordLocked, reset pid: 12236, euid: 0",MISS,0,0.677196
1014,getTasks: caller 10111 does not hold REAL_GET_TASKS; limiting output,HIT,0,0.677515
1015,isMusicActive...,HIT,0,0.677833
1016,HBM brightnessIn =38,HIT,0,0.678150
1017,HBM brightnessOut =38,HIT,0,0.678466
1018,"Animating brightness: target=38, rate=200",HIT,0,0.678782
1019,HBM brightnessIn =38,HIT,0,0.679097
1020,HBM brightnessOut =38,HIT,0,0.679412
1021,"Animating brightness: target=38, rate=200",HIT,0,0.679726
1022,HBM brightnessIn =38,HIT,0,0.680039
1023,HBM brightnessOut =38,HIT,0,0.680352
1024,"Animating brightness: target=38, rate=200",HIT,0,0.680664
1025,"new Process app=ProcessRecord{6eaaf00 0:com.tencent.mobileqq:qzone/u0a111}, name: com.tencent.mobileqq:qzone, euid: 0",MISS,0,0.680000
1026,Start proc 13003:com.tencent.mobileqq:qzone/u0a111 for service com.tencent.mobileqq/cooperation.qzone.remote.logic.QzoneWebPluginProxyService,MISS,0,0.679337
1027,"ActivityManagerService,attachApplication,callingPid = 13003",MISS,0,0.678676
1028,getRunningAppProcesses: caller 10111 does not hold REAL_GET_TASKS; limiting output,HIT,0,0.678988
1029,getRunningAppProcesses: caller 10111 does not hold REAL_GET_TASKS; limiting output,HIT,0,0.679300
1030,HBM brightnessIn =38,HIT,0,0.679612
1031,HBM brightnessOut =38,HIT,0,0.679922
1032,"Animating brightness: target=38, rate=200",HIT,0,0.680233
1033,getRunningAppProcesses: caller 10111 does not hold REAL_GET_TASKS; limiting output,HIT,0,0.680542
1034,HBM brightnessIn =38,HIT,0,0.680851
1035,HBM brightnessOut =38,HIT,0,0.681159
1036,"Animating brightness: target=38, rate=200",HIT,0,0.681467
1037,getRunningAppProcesses: caller 10113 does not hold REAL_GET_TASKS; limiting output,HIT,0,0.681774
1038,getRunningAppProcesses: caller 10111 does not hold REAL_GET_TASKS; limiting output,HIT,0,0.682081
1039,getRunningAppProcesses: caller 10111 does not hold REAL_GET_TASKS; limiting output,HIT,0,0.682387
1040,getRunningAppProcesses: caller 10111 does not hold REAL_GET_TASKS; limiting output,HIT,0,0.682692
1041,getRunningAppProcesses: caller 10111 does not hold REAL_GET_TASKS; limiting output,HIT,0,0.682997
1042,getRunningAppProcesses: caller 10111 does not hold REAL_GET_TASKS; limiting output,HIT,0,0.683301
1043,getRunningAppProcesses: caller 10111 does not hold REAL_GET_TASKS; limiting output,HIT,0,0.683605
1044,getRunningAppProcesses: caller 10111 does not hold REAL_GET_TASKS; limiting output,HIT,0,0.683908
1045,getRunningAppProcesses: caller 10111 does not hold REAL_GET_TASKS; limiting output,HIT,0,0.684211
1046,getRunningAppProcesses: caller 10111 does not hold REAL_GET_TASKS; limiting output,HIT,0,0.684512
1047,getRunningAppProcesses: caller 10111 does not hold REAL_GET_TASKS; limiting output,HIT,0,0.684814
1048,getRunningAppProcesses: caller 10111 does not hold REAL_GET_TASKS; limiting output,HIT,0,0.685115
1049,getRunningAppProcesses: caller 10113 does not hold REAL_GET_TASKS; limiting output,HIT,0,0.685415
1050,getRunningAppProcesses: caller 10113 does not hold REAL_GET_TASKS; limiting output,HIT,0,0.685714
1051,HBM brightnessIn =38,HIT,0,0.686013
1052,HBM brightnessOut =38,HIT,0,0.686312
1053,"Animating brightness: target=38, rate=200",HIT,0,0.686610
1054,getTasks: caller 10111 does not hold REAL_GET_TASKS; limiting output,HIT,0,0.686907
1055,getTasks: caller 10111 does not hold REAL_GET_TASKS; limiting output,HIT,0,0.687204
1056,getTasks: caller 10111 does not hold REAL_GET_TASKS; limiting output,HIT,0,0.687500
1057,getRunningAppProcesses: caller 10111 does not hold REAL_GET_TASKS; limiting output,HIT,0,0.687796
1058,"userActivityNoUpdateLocked: eventTime=261949797, event=2, flags=0x0, uid=1000",MISS,0,0.687146
1059,"ready=true,policy=3,wakefulness=1,wksummary=0x0,uasummary=0x1,bootcompleted=true,boostinprogress=false,waitmodeenable=false,mode=false,manual=38,auto=-1,adj=0.0userId=0",HIT,0,0.687441
1060,suspendAutohide,MISS,0,0.686792
1061,interceptKeyTq keycode=4 interactive=true keyguardActive=false policyFlags=2b000002 down true canceled false,MISS,0,0.686145
1062,"interceptKeyBeforeQueueing: key 4 , result : 1",MISS,0,0.685499
1063,"userActivityNoUpdateLocked: eventTime=261949805, event=1, flags=0x0, uid=1000",MISS,0,0.684854
1064,"ready=true,policy=3,wakefulness=1,wksummary=0x0,uasummary=0x1,bootcompleted=true,boostinprogress=false,waitmodeenable=false,mode=false,manual=38,auto=-1,adj=0.0userId=0",HIT,0,0.685150
1065,Destroying surface Surface(name=PopupWindow:317e46) called by com.android.server.wm.WindowStateAnimator.destroySurface:2060 com.android.server.wm.WindowStateAnimator.destroySurfaceLocked:913 com.android.server.wm.WindowState.removeLocked:1554 com.android.server.wm.WindowManagerService.removeWindowInnerLocked:2739 com.android.server.wm.WindowManagerService.removeWindowInnerLocked:2702 com.android.server.wm.WindowManagerService.removeWindowLocked:2691 com.android.server.wm.WindowManagerService.removeWindowLocked:2560 com.android.server.wm.WindowManagerService.removeWindow:2555,HIT,0,0.685446
1066,setLightsOn(true),HIT,0,0.685741
1067,"setSystemUiVisibility vis=0 mask=1 oldVal=40000500 newVal=40000500 diff=0 fullscreenStackVis=0 dockedStackVis=0, fullscreenStackBounds=Rect(0, 0 - 0, 0), dockedStackBounds=Rect(0, 0 - 0, 0)",HIT,0,0.686036
1068,resumeSuspendedAutohide,MISS,0,0.685393
1069,interceptKeyTq keycode=4 interactive=true keyguardActive=false policyFlags=2b000002 down false canceled false,MISS,0,0.684752
1070,"interceptKeyBeforeQueueing: key 4 , result : 1",HIT,0,0.685047
1071,querySoundEffectsEnabled...,HIT,0,0.685341
1072,setLightsOn(true),HIT,0,0.685634
1073,"setSystemUiVisibility vis=0 mask=1 oldVal=40000500 newVal=40000500 diff=0 fullscreenStackVis=0 dockedStackVis=0, fullscreenStackBounds=Rect(0, 0 - 0, 0), dockedStackBounds=Rect(0, 0 - 0, 0)",HIT,0,0.685927
1074,setLightsOn(true),HIT,0,0.686220
1075,"setSystemUiVisibility vis=0 mask=1 oldVal=40000500 newVal=40000500 diff=0 fullscreenStackVis=0 dockedStackVis=0, fullscreenStackBounds=Rect(0, 0 - 0, 0), dockedStackBounds=Rect(0, 0 - 0, 0)",HIT,0,0.686512
1076,setLightsOn(true),HIT,0,0.686803
1077,"setSystemUiVisibility vis=0 mask=1 oldVal=40000500 newVal=40000500 diff=0 fullscreenStackVis=0 dockedStackVis=0, fullscreenStackBounds=Rect(0, 0 - 0, 0), dockedStackBounds=Rect(0, 0 - 0, 0)",HIT,0,0.687094
1078,setLightsOn(true),HIT,0,0.687384
1079,"setSystemUiVisibility vis=0 mask=1 oldVal=40000500 newVal=40000500 diff=0 fullscreenStackVis=0 dockedStackVis=0, fullscreenStackBounds=Rect(0, 0 - 0, 0), dockedStackBounds=Rect(0, 0 - 0, 0)",HIT,0,0.687674
1080,Destroying surface Surface(name=InputMethod) called by com.android.server.wm.WindowStateAnimator.destroySurface:2060 com.android.server.wm.WindowStateAnimator.destroySurfaceLocked:913 com.android.server.wm.WindowState.destroyOrSaveSurface:2201 com.android.server.wm.WindowSurfacePlacer.performSurfacePlacementInner:517 com.android.server.wm.WindowSurfacePlacer.performSurfacePlacementLoop:291 com.android.server.wm.WindowSurfacePlacer.performSurfacePlacement:233 com.android.server.wm.WindowManagerService$H.handleMessage:8670 android.os.Handler.dispatchMessage:105,MISS,0,0.687037
1081,suspendAutohide,HIT,0,0.687327
1082,interceptKeyTq keycode=4 interactive=true keyguardActive=false policyFlags=2b000002 down true canceled false,HIT,0,0.687616
1083,"interceptKeyBeforeQueueing: key 4 , result : 1",HIT,0,0.687904
1084,setLightsOn(true),HIT,0,0.688192
1085,"setSystemUiVisibility vis=0 mask=1 oldVal=40000500 newVal=40000500 diff=0 fullscreenStackVis=0 dockedStackVis=0, fullscreenStackBounds=Rect(0, 0 - 0, 0), dockedStackBounds=Rect(0, 0 - 0, 0)",HIT,0,0.688479
1086,resumeSuspendedAutohide,HIT,0,0.688766
1087,interceptKeyTq keycode=4 interactive=true keyguardActive=false policyFlags=2b000002 down false canceled false,HIT,0,0.689052
1088,"interceptKeyBeforeQueueing: key 4 , result : 1",HIT,0,0.689338
1089,querySoundEffectsEnabled...,HIT,0,0.689624
1090,isMusicActive...,HIT,0,0.689908
1091,"userActivityNoUpdateLocked: eventTime=261950783, event=2, flags=0x0, uid=1000",MISS,0,0.689276
1092,"ready=true,policy=3,wakefulness=1,wksummary=0x0,uasummary=0x1,bootcompleted=true,boostinprogress=false,waitmodeenable=false,mode=false,manual=38,auto=-1,adj=0.0userId=0",HIT,0,0.689560
1093,suspendAutohide,HIT,0,0.689844
1094,interceptKeyTq keycode=3 interactive=true keyguardActive=false policyFlags=2b000002 down true canceled false,MISS,0,0.689214
1095,"interceptKeyBeforeQueueing: key 3 , result : 1",MISS,0,0.688584
1096,"userActivityNoUpdateLocked: eventTime=261950787, event=1, flags=0x0, uid=1000",MISS,0,0.687956
1097,"ready=true,policy=3,wakefulness=1,wksummary=0x0,uasummary=0x1,bootcompleted=true,boostinprogress=false,waitmodeenable=false,mode=false,manual=38,auto=-1,adj=0.0userId=0",HIT,0,0.688241
1098,resumeSuspendedAutohide,HIT,0,0.688525
1099,"userActivityNoUpdateLocked: eventTime=261950887, event=0, flags=0x0, uid=1000",MISS,0,0.687898
1100,"ready=true,policy=3,wakefulness=1,wksummary=0x0,uasummary=0x1,bootcompleted=true,boostinprogress=false,waitmodeenable=false,mode=false,manual=38,auto=-1,adj=0.0userId=0",HIT,0,0.688182
1101,interceptKeyTq keycode=3 interactive=true keyguardActive=false policyFlags=2b000002 down false canceled false,MISS,0,0.687557
1102,"interceptKeyBeforeQueueing: key 3 , result : 1",HIT,0,0.687840
1103,querySoundEffectsEnabled...,HIT,0,0.688123
1104,"userActivityNoUpdateLocked: eventTime=261950909, event=0, flags=0x0, uid=1000",MISS,0,0.687500
1105,"ready=true,policy=3,wakefulness=1,wksummary=0x0,uasummary=0x1,bootcompleted=true,boostinprogress=false,waitmodeenable=false,mode=false,manual=38,auto=-1,adj=0.0userId=0",HIT,0,0.687783
1106,"animateCollapsePanels:flags=0, force=false, delayed=false, mExpandedVisible=false",MISS,0,0.687161
1107,closeQs,HIT,0,0.687444
1108,cancelPeek: false,HIT,0,0.687726
1109,instantCollapse,MISS,0,0.687106
1110,cancelPeek: false,HIT,0,0.687387
1111,setLightsOn(true),HIT,0,0.687669
1112,"setSystemUiVisibility vis=0 mask=1 oldVal=40000500 newVal=40000500 diff=0 fullscreenStackVis=0 dockedStackVis=0, fullscreenStackBounds=Rect(0, 0 - 0, 0), dockedStackBounds=Rect(0, 0 - 0, 0)",HIT,0,0.687950
1113,"acquire lock=189667585, flags=0x1, tag=""*launch*"", name=android, ws=WorkSource{10057}, uid=1000, pid=1702",MISS,0,0.687332
1114,"ready=true,policy=3,wakefulness=1,wksummary=0x1,uasummary=0x1,bootcompleted=true,boostinprogress=false,waitmodeenable=false,mode=false,manual=38,auto=-1,adj=0.0userId=0",HIT,0,0.687612
1115,"Acquiring suspend blocker ""PowerManagerService.WakeLocks"".",HIT,0,0.687892
1116,setLightsOn(true),HIT,0,0.688172
1117,"setSystemUiVisibility vis=0 mask=1 oldVal=40000500 newVal=40000500 diff=0 fullscreenStackVis=0 dockedStackVis=0, fullscreenStackBounds=Rect(0, 0 - 0, 0), dockedStackBounds=Rect(0, 0 - 0, 0)",HIT,0,0.688451
1118,setLightsOn(true),HIT,0,0.688730
1119,"setSystemUiVisibility vis=0 mask=1 oldVal=40000500 newVal=40000500 diff=0 fullscreenStackVis=0 dockedStackVis=0, fullscreenStackBounds=Rect(0, 0 - 0, 0), dockedStackBounds=Rect(0, 0 - 0, 0)",HIT,0,0.689008
1120,setLightsOn(true),HIT,0,0.689286
1121,"setSystemUiVisibility vis=0 mask=1 oldVal=40000500 newVal=40000500 diff=0 fullscreenStackVis=0 dockedStackVis=0, fullscreenStackBounds=Rect(0, 0 - 0, 0), dockedStackBounds=Rect(0, 0 - 0, 0)",HIT,0,0.689563
1122,HBM brightnessIn =38,HIT,0,0.689840
1123,HBM brightnessOut =38,HIT,0,0.690116
1124,"Animating brightness: target=38, rate=200",HIT,0,0.690391
1125,"Taking screenshot from Surface with crop:[Rect(0, 48 - 720, 1208)], width:[432], height:[696], minLayer:[21000], maxLayer:[21080], inRotation:[false], rot:[0]",MISS,0,0.689778
1126,The change in focus caused us to need to do a layout begin,MISS,0,0.689165
1127,The change in focus caused us to need to do a layout end,MISS,0,0.688554
1128,"setSystemUiVisibility vis=708 mask=ffffffff oldVal=40000500 newVal=708 diff=40000208 fullscreenStackVis=0 dockedStackVis=0, fullscreenStackBounds=Rect(0, 0 - 720, 1280), dockedStackBounds=Rect(0, 0 - 0, 0)",MISS,0,0.687943
1129,cancelAutohide,MISS,0,0.687334
1130,"notifyUiVisibilityChanged:vis=0x708, SystemUiVisibility=0x708",MISS,0,0.686726
1131,"updateClipping isOverlap:false, getTopPadding=333.0, Translation=0.0",HIT,0,0.687003
1132,updateDimmedActivatedHideSensitive overlap:false,HIT,0,0.687279
1133,"Skipping, withExcluded: false, tr.intent:Intent { flg=0x10804000 cmp=com.android.systemui/.recents.RecentsActivity bnds=[264,444][920,908] }",MISS,0,0.686673
1134,"Skipping, withExcluded: false, tr.intent:Intent { act=android.intent.action.MAIN flg=0x10840000 cmp=com.android.incallui/.InCallActivity (has extras) }",MISS,0,0.686067
1135,"Skipping, withExcluded: false, tr.intent:Intent { flg=0x18800000 cmp=com.tencent.mm/.plugin.base.stub.WXEntryActivity (has extras) }",MISS,0,0.685463
1136,"Skipping, withExcluded: false, tr.intent:Intent { flg=0x10800000 cmp=com.tencent.qqmusic/.business.lockscreen.LockScreenActivity (has extras) }",MISS,0,0.684859
1137,"Skipping, withExcluded: false, tr.intent:Intent { act=com.android.contacts.action.CHOOSE_SUB dat=tel:xxxxxxxxxxx flg=0x10808000 cmp=com.android.contacts/.ChooseSubActivity (has extras) }",MISS,0,0.684257
1138,"Skipping, withExcluded: false, tr.intent:Intent { act=android.intent.action.VIEW dat=file:///storage/emulated/0/Tencent/QQfile_recv/b.apk typ=application/vnd.android.package-archive flg=0x10800000 cmp=com.android.packageinstaller/.PackageInstallerActivity (has extras) }",MISS,0,0.683656
1139,"getRecentTasks: num=20,flags=62,totalTasks=46",MISS,0,0.683055
1140,getRecentTasks: topActivity=ComponentInfo{com.tencent.mobileqq/com.tencent.mobileqq.activity.SplashActivity},MISS,0,0.682456
1141,"Skipping, withExcluded: false, tr.intent:Intent { flg=0x10804000 cmp=com.android.systemui/.recents.RecentsActivity bnds=[264,444][920,908] }",HIT,0,0.682734
1142,"Skipping, withExcluded: false, tr.intent:Intent { act=android.intent.action.MAIN flg=0x10840000 cmp=com.android.incallui/.InCallActivity (has extras) }",HIT,0,0.683012
1143,"Skipping, withExcluded: false, tr.intent:Intent { flg=0x18800000 cmp=com.tencent.mm/.plugin.base.stub.WXEntryActivity (has extras) }",HIT,0,0.683290
1144,"getRecentTasks: num=10,flags=62,totalTasks=46",MISS,0,0.682692
1145,getRecentTasks: topActivity=ComponentInfo{com.tencent.mobileqq/com.tencent.mobileqq.activity.SplashActivity},HIT,0,0.682969
1146,"setSystemUiVisibility vis=c0000700 mask=ffffffff oldVal=708 newVal=c0000700 diff=c0000008 fullscreenStackVis=0 dockedStackVis=0, fullscreenStackBounds=Rect(0, 0 - 720, 1280), dockedStackBounds=Rect(0, 0 - 0, 0)",MISS,0,0.682373
1147,cancelAutohide,HIT,0,0.682650
1148,"notifyUiVisibilityChanged:vis=0xc0000700, SystemUiVisibility=0xc0000700",MISS,0,0.682056
1149,"release:lock=189667585, flg=0x0, tag=""*launch*"", name=android"", ws=WorkSource{10057}, uid=1000, pid=1702",MISS,0,0.681462
1150,"ready=true,policy=3,wakefulness=1,wksummary=0x0,uasummary=0x1,bootcompleted=true,boostinprogress=false,waitmodeenable=false,mode=false,manual=38,auto=-1,adj=0.0userId=0",HIT,0,0.681739
1151,"Releasing suspend blocker ""PowerManagerService.WakeLocks"".",HIT,0,0.682016
1152,shouldBlockLocation running ...,HIT,0,0.682292
1153,shouldBlockLocation  ret:false,HIT,0,0.682567
1154,getRunningAppProcesses: caller 10027 does not hold REAL_GET_TASKS; limiting output,MISS,0,0.681976
1155,getTasks: caller 10111 does not hold REAL_GET_TASKS; limiting output,HIT,0,0.682251
1156,"ActivityManagerService,attachApplication,callingPid = 13094",MISS,0,0.681661
1157,getTasks: caller 10111 does not hold REAL_GET_TASKS; limiting output,HIT,0,0.681936
1158,shouldBlockLocation running ...,HIT,0,0.682211
1159,shouldBlockLocation  ret:false,HIT,0,0.682485
1160,Destroying surface Surface(name=com.tencent.mobileqq/com.tencent.mobileqq.activity.SplashActivity) called by com.android.server.wm.WindowStateAnimator.destroySurface:2060 com.android.server.wm.WindowStateAnimator.destroySurfaceLocked:913 com.android.server.wm.WindowState.destroyOrSaveSurface:2201 com.android.server.wm.AppWindowToken.destroySurfaces:374 com.android.server.wm.AppWindowToken.notifyAppStopped:400 com.android.server.wm.WindowManagerService.notifyAppStopped:4869 com.android.server.am.ActivityStack.activityStoppedLocked:1393 com.android.server.am.ActivityManagerService.activityStopped:7690,MISS,0,0.681897
1161,getRunningAppProcesses: caller 10111 does not hold REAL_GET_TASKS; limiting output,HIT,0,0.682171
1162,getRunningAppProcesses: caller 10027 does not hold REAL_GET_TASKS; limiting output,HIT,0,0.682444
1163,getRunningAppProcesses: caller 10027 does not hold REAL_GET_TASKS; limiting output,HIT,0,0.682717
1164,getRunningAppProcesses: caller 10027 does not hold REAL_GET_TASKS; limiting output,HIT,0,0.682990
1165,shouldBlockLocation running ...,HIT,0,0.683262
1166,shouldBlockLocation  ret:false,HIT,0,0.683533
1167,"ready=true,policy=3,wakefulness=1,wksummary=0x1,uasummary=0x1,bootcompleted=true,boostinprogress=false,waitmodeenable=false,mode=false,manual=38,auto=-1,adj=0.0userId=0",HIT,0,0.683805
1168,"Acquiring suspend blocker ""PowerManagerService.WakeLocks"".",HIT,0,0.684075
1169,"ready=true,policy=3,wakefulness=1,wksummary=0x0,uasummary=0x1,bootcompleted=true,boostinprogress=false,waitmodeenable=false,mode=false,manual=38,auto=-1,adj=0.0userId=0",HIT,0,0.684346
1170,"Releasing suspend blocker ""PowerManagerService.WakeLocks"".",HIT,0,0.684615
1171,"ready=true,policy=3,wakefulness=1,wksummary=0x1,uasummary=0x1,bootcompleted=true,boostinprogress=false,waitmodeenable=false,mode=false,manual=38,auto=-1,adj=0.0userId=0",HIT,0,0.684885
1172,"Acquiring suspend blocker ""PowerManagerService.WakeLocks"".",HIT,0,0.685154
1173,"ready=true,policy=3,wakefulness=1,wksummary=0x0,uasummary=0x1,bootcompleted=true,boostinprogress=false,waitmodeenable=false,mode=false,manual=38,auto=-1,adj=0.0userId=0",HIT,0,0.685422
1174,"Releasing suspend blocker ""PowerManagerService.WakeLocks"".",HIT,0,0.685690
1175,shouldBlockLocation running ...,HIT,0,0.685957
1176,shouldBlockLocation  ret:false,HIT,0,0.686224
1177,getRunningAppProcesses: caller 10027 does not hold REAL_GET_TASKS; limiting output,HIT,0,0.686491
1178,getRunningAppProcesses: caller 10027 does not hold REAL_GET_TASKS; limiting output,HIT,0,0.686757
1179,shouldBlockLocation running ...,HIT,0,0.687023
1180,shouldBlockLocation  ret:false,HIT,0,0.687288
1181,shouldBlockLocation running ...,HIT,0,0.687553
1182,shouldBlockLocation  ret:false,HIT,0,0.687817
1183,getRunningAppProcesses: caller 10027 does not hold REAL_GET_TASKS; limiting output,HIT,0,0.688081
1184,stopWifiDisplayScanLocked record.mWifiDisplayScanRequested=false,HIT,0,0.688345
1185,stopWifiDisplayScanLocked mWifiDisplayScanRequestCount=0,HIT,0,0.688608
1186,cleanUpApplicationRecord -- 13094,MISS,0,0.688027
1187,"cleanUpApplicationRecordLocked, pid: 13094, restart: false",MISS,0,0.687447
1188,"cleanUpApplicationRecordLocked, reset pid: 13094, euid: 0",MISS,0,0.686869
1189,shouldBlockLocation running ...,HIT,0,0.687132
1190,shouldBlockLocation  ret:false,HIT,0,0.687395
1191,HBM brightnessIn =38,HIT,0,0.687657
1192,HBM brightnessOut =38,HIT,0,0.687919
1193,"Animating brightness: target=38, rate=200",HIT,0,0.688181
1194,HBM brightnessIn =38,HIT,0,0.688442
1195,HBM brightnessOut =38,HIT,0,0.688703
1196,"Animating brightness: target=38, rate=200",HIT,0,0.688963
1197,HBM brightnessIn =38,HIT,0,0.689223
1198,HBM brightnessOut =38,HIT,0,0.689482
1199,"Animating brightness: target=38, rate=200",HIT,0,0.689741
1200,shouldBlockLocation running ...,HIT,0,0.690000
1201,shouldBlockLocation  ret:false,HIT,0,0.690258
1202,HBM brightnessIn =38,HIT,0,0.690516
1203,HBM brightnessOut =38,HIT,0,0.690773
1204,"Animating brightness: target=38, rate=200",HIT,0,0.691030
1205,HBM brightnessIn =38,HIT,0,0.691286
1206,HBM brightnessOut =38,HIT,0,0.691542
1207,"Animating brightness: target=38, rate=200",HIT,0,0.691798
1208,HBM brightnessIn =38,HIT,0,0.692053
1209,HBM brightnessOut =38,HIT,0,0.692308
1210,"Animating brightness: target=38, rate=200",HIT,0,0.692562
1211,getTasks: caller 10111 does not hold REAL_GET_TASKS; limiting output,HIT,0,0.692816
1212,HBM brightnessIn =38,HIT,0,0.693069
1213,HBM brightnessOut =38,HIT,0,0.693322
1214,"Animating brightness: target=38, rate=200",HIT,0,0.693575
1215,HBM brightnessIn =38,HIT,0,0.693827
1216,HBM brightnessOut =38,HIT,0,0.694079
1217,"Animating brightness: target=38, rate=200",HIT,0,0.694330
1218,HBM brightnessIn =38,HIT,0,0.694581
1219,HBM brightnessOut =38,HIT,0,0.694832
1220,"Animating brightness: target=38, rate=200",HIT,0,0.695082
1221,HBM brightnessIn =38,HIT,0,0.695332
1222,HBM brightnessOut =38,HIT,0,0.695581
1223,"Animating brightness: target=38, rate=200",HIT,0,0.695830
1224,getTasks: caller 10111 does not hold REAL_GET_TASKS; limiting output,HIT,0,0.696078
1225,"cancelNotificationWithTag pid 28601,uid = 10111,tag = null,pkg =com.tencent.mobileqq,id =121",MISS,0,0.695510
1226,"cancelNotification,index:-1",MISS,0,0.694943
1227,"cancelNotificationWithTag pid 28601,uid = 10111,tag = null,pkg =com.tencent.mobileqq,id =119",MISS,0,0.694377
1228,"cancelNotification,index:-1",HIT,0,0.694625
1229,enqueueNotificationInternal: pkg=com.tencent.mobileqq id=121 notification=Notification(pri=1 contentView=null vibrate=[100] sound=null tick defaults=0x0 flags=0x11 color=0x00000000 vis=PRIVATE),MISS,0,0.694060
1230,enqueueNotificationInternal: n.getKey = 0|com.tencent.mobileqq|121|null|10111,MISS,0,0.693496
1231,getRingerMode...,MISS,0,0.692933
1232,"updateLightsLocked,mInCall =false,mScreenOn = true,ledNotification == null?false",MISS,0,0.692370
1233,"updateLightsLocked,turn off notificationLight",MISS,0,0.691809
1234,addNotification key=0|com.tencent.mobileqq|121|null|10111,MISS,0,0.691248
1235,mHeadsUpExistenceChangedRunnable,MISS,0,0.690688
1236,disable: < expand ICONS* alerts SYSTEM_INFO* back home recent clock navigationbar search quick_settings >,MISS,0,0.690129
1237,suspendAutohide,HIT,0,0.690380
1238,"updateNotificationShade: total=0, active=0",MISS,0,0.689822
1239,removeNotificationChildren,MISS,0,0.689266
1240,"updateNotificationShade: total=1, active=1",MISS,0,0.688710
1241,removeNotificationChildren,HIT,0,0.688961
1242,Marking notification as seen 0|com.tencent.mobileqq|121|null|10111,MISS,0,0.688406
1243,onNotificationExpansionChanged called,MISS,0,0.687852
1244,"updateClipping isOverlap:false, getTopPadding=333.0, Translation=-429.0",MISS,0,0.687299
1245,updateDimmedActivatedHideSensitive overlap:false,HIT,0,0.687550
1246,"updateClipping isOverlap:false, getTopPadding=333.0, Translation=-497.0",MISS,0,0.686998
1247,updateDimmedActivatedHideSensitive overlap:false,HIT,0,0.687249
1248,getRunningAppProcesses: caller 10091 does not hold REAL_GET_TASKS; limiting output,MISS,0,0.686699
1249,"updateClipping isOverlap:false, getTopPadding=333.0, Translation=-497.0",HIT,0,0.686950
1250,updateDimmedActivatedHideSensitive overlap:false,HIT,0,0.687200
1251,logNotificationVisibilityChanges runInThread start,MISS,0,0.686651
1252,onNotificationVisibilityChanged called,MISS,0,0.686102
1253,logNotificationVisibilityChanges runInThread over,MISS,0,0.685555
1254,HBM brightnessIn =38,HIT,0,0.685805
1255,HBM brightnessOut =38,HIT,0,0.686056
1256,"Animating brightness: target=38, rate=200",HIT,0,0.686306
1257,"userActivityNoUpdateLocked: eventTime=261961476, event=2, flags=0x0, uid=1000",MISS,0,0.685760
1258,"ready=true,policy=3,wakefulness=1,wksummary=0x0,uasummary=0x1,bootcompleted=true,boostinprogress=false,waitmodeenable=false,mode=false,manual=38,auto=-1,adj=0.0userId=0",HIT,0,0.686010
1259,playSoundEffect   effectType: 0,MISS,0,0.685465
1260,querySoundEffectsEnabled...,MISS,0,0.684921
1261,"START u0 {act=android.intent.action.MAIN cat=[android.intent.category.LAUNCHER] flg=0x10200000 cmp=com.example.android.notepad/.NotePadActivity bnds=[8,820][184,1011]} from uid 10057 on display 0",MISS,0,0.684377
1262,"ActivityRecord info: ActivityInfo{f39182 com.example.android.notepad.NotePadActivity}, euid: 0",MISS,0,0.683835
1263,"acquire lock=189667585, flags=0x1, tag=""*launch*"", name=android, ws=WorkSource{10020}, uid=1000, pid=1702",MISS,0,0.683294
1264,"ready=true,policy=3,wakefulness=1,wksummary=0x1,uasummary=0x1,bootcompleted=true,boostinprogress=false,waitmodeenable=false,mode=false,manual=38,auto=-1,adj=0.0userId=0",HIT,0,0.683544
1265,"Acquiring suspend blocker ""PowerManagerService.WakeLocks"".",HIT,0,0.683794
1266,"rotationForOrientationLw(orient=-1, last=0); user=0 USER_ROTATION_LOCKED",MISS,0,0.683254
1267,"Application requested orientation -1, got rotation 0 which has compatible metrics",MISS,0,0.682715
1268,The change in focus caused us to need to do a layout begin,MISS,0,0.682177
1269,The change in focus caused us to need to do a layout end,MISS,0,0.681639
1270,"setSystemUiVisibility vis=80000608 mask=ffffffff oldVal=c0000700 newVal=80000608 diff=40000108 fullscreenStackVis=0 dockedStackVis=0, fullscreenStackBounds=Rect(0, 0 - 720, 1280), dockedStackBounds=Rect(0, 0 - 0, 0)",MISS,0,0.681102
1271,cancelAutohide,HIT,0,0.681353
1272,"notifyUiVisibilityChanged:vis=0x80000608, SystemUiVisibility=0x80000608",MISS,0,0.680818
1273,"Skipping, withExcluded: false, tr.intent:Intent { flg=0x10804000 cmp=com.android.systemui/.recents.RecentsActivity bnds=[264,444][920,908] }",HIT,0,0.681068
1274,"Skipping, withExcluded: false, tr.intent:Intent { act=android.intent.action.MAIN flg=0x10840000 cmp=com.android.incallui/.InCallActivity (has extras) }",HIT,0,0.681319
1275,"Skipping, withExcluded: false, tr.intent:Intent { flg=0x18800000 cmp=com.tencent.mm/.plugin.base.stub.WXEntryActivity (has extras) }",HIT,0,0.681569
1276,"Skipping, withExcluded: false, tr.intent:Intent { flg=0x10800000 cmp=com.tencent.qqmusic/.business.lockscreen.LockScreenActivity (has extras) }",MISS,0,0.681034
1277,"Skipping, withExcluded: false, tr.intent:Intent { act=com.android.contacts.action.CHOOSE_SUB dat=tel:xxxxxxxxxxx flg=0x10808000 cmp=com.android.contacts/.ChooseSubActivity (has extras) }",MISS,0,0.680501
1278,"Skipping, withExcluded: false, tr.intent:Intent { act=android.intent.action.VIEW dat=file:///storage/emulated/0/Tencent/QQfile_recv/b.apk typ=application/vnd.android.package-archive flg=0x10800000 cmp=com.android.packageinstaller/.PackageInstallerActivity (has extras) }",MISS,0,0.679969
1279,"getRecentTasks: num=20,flags=62,totalTasks=46",MISS,0,0.679437
1280,getRecentTasks: topActivity=ComponentInfo{com.example.android.notepad/com.example.android.notepad.NoteEditor},MISS,0,0.678906
1281,"Skipping, withExcluded: false, tr.intent:Intent { flg=0x10804000 cmp=com.android.systemui/.recents.RecentsActivity bnds=[264,444][920,908] }",HIT,0,0.679157
1282,"Skipping, withExcluded: false, tr.intent:Intent { act=android.intent.action.MAIN flg=0x10840000 cmp=com.android.incallui/.InCallActivity (has extras) }",HIT,0,0.679407
1283,"Skipping, withExcluded: false, tr.intent:Intent { flg=0x18800000 cmp=com.tencent.mm/.plugin.base.stub.WXEntryActivity (has extras) }",HIT,0,0.679657
1284,"getRecentTasks: num=10,flags=62,totalTasks=46",MISS,0,0.679128
1285,getRecentTasks: topActivity=ComponentInfo{com.example.android.notepad/com.example.android.notepad.NoteEditor},HIT,0,0.679377
1286,"setSystemUiVisibility vis=40000600 mask=ffffffff oldVal=80000608 newVal=40000600 diff=c0000008 fullscreenStackVis=0 dockedStackVis=0, fullscreenStackBounds=Rect(0, 0 - 720, 1280), dockedStackBounds=Rect(0, 0 - 0, 0)",MISS,0,0.678849
1287,cancelAutohide,HIT,0,0.679099
1288,"notifyUiVisibilityChanged:vis=0x40000600, SystemUiVisibility=0x40000600",MISS,0,0.678571
1289,"release:lock=189667585, flg=0x0, tag=""*launch*"", name=android"", ws=WorkSource{10020}, uid=1000, pid=1702",MISS,0,0.678045
1290,"ready=true,policy=3,wakefulness=1,wksummary=0x0,uasummary=0x1,bootcompleted=true,boostinprogress=false,waitmodeenable=false,mode=false,manual=38,auto=-1,adj=0.0userId=0",HIT,0,0.678295
1291,"Releasing suspend blocker ""PowerManagerService.WakeLocks"".",HIT,0,0.678544
1292,"userActivityNoUpdateLocked: eventTime=261963848, event=2, flags=0x0, uid=1000",MISS,0,0.678019
1293,"ready=true,policy=3,wakefulness=1,wksummary=0x0,uasummary=0x1,bootcompleted=true,boostinprogress=false,waitmodeenable=false,mode=false,manual=38,auto=-1,adj=0.0userId=0",HIT,0,0.678268
1294,"updateNotificationShade: total=1, active=1",MISS,0,0.677743
1295,removeNotificationChildren,HIT,0,0.677992
1296,"overlapAmount:164.0, previousNotificationEnd:0.0, newYTranslation:-164.0, location:4, i:0, getTopPadding:333.0, getLocationOnScreen():-497",MISS,0,0.677469
1297,"state.clipTopAmount:148, i:0",MISS,0,0.676947
1298,"updateClipping isOverlap:true, getTopPadding=333.0, Translation=-497.0",MISS,0,0.676425
1299,updateDimmedActivatedHideSensitive overlap:true,MISS,0,0.675905
1300,"ACTIVITY check resid: com.example.android.notepad, size=0",MISS,0,0.675385
1301,mHeadsUpExistenceChangedRunnable,MISS,0,0.674865
1302,"updateNotificationShade: total=1, active=1",HIT,0,0.675115
1303,removeNotificationChildren,HIT,0,0.675365
1304,"overlapAmount:220.0, previousNotificationEnd:0.0, newYTranslation:-220.0, location:4, i:0, getTopPadding:333.0, getLocationOnScreen():-553",MISS,0,0.674847
1305,"state.clipTopAmount:204, i:0",MISS,0,0.674330
1306,"updateClipping isOverlap:true, getTopPadding=333.0, Translation=-553.0",MISS,0,0.673813
1307,updateDimmedActivatedHideSensitive overlap:true,HIT,0,0.674063
1308,makeExpandedInvisible: mExpandedVisible=true,MISS,0,0.673547
1309,closeQs,HIT,0,0.673797
1310,cancelPeek: false,HIT,0,0.674046
1311,instantCollapse,MISS,0,0.673532
1312,cancelPeek: false,HIT,0,0.673780
1313,closeQs,HIT,0,0.674029
1314,logNotificationVisibilityChanges runInThread start,MISS,0,0.673516
1315,onNotificationVisibilityChanged called,MISS,0,0.673004
1316,resumeSuspendedAutohide,HIT,0,0.673252
1317,disable: < expand icons* alerts system_info* back home recent clock navigationbar search quick_settings >,MISS,0,0.672741
1318,logNotificationVisibilityChanges runInThread over,MISS,0,0.672231
1319,"updateClipping isOverlap:false, getTopPadding=333.0, Translation=-24.0",MISS,0,0.671721
1320,updateDimmedActivatedHideSensitive overlap:false,HIT,0,0.671970
1321,"userActivityNoUpdateLocked: eventTime=261967011, event=2, flags=0x0, uid=1000",MISS,0,0.671461
1322,"ready=true,policy=3,wakefulness=1,wksummary=0x0,uasummary=0x1,bootcompleted=true,boostinprogress=false,waitmodeenable=false,mode=false,manual=38,auto=-1,adj=0.0userId=0",HIT,0,0.671710
1323,Destroying surface Surface(name=PopupWindow:6ac503e) called by com.android.server.wm.WindowStateAnimator.destroySurface:2060 com.android.server.wm.WindowStateAnimator.destroySurfaceLocked:913 com.android.server.wm.WindowState.destroyOrSaveSurface:2201 com.android.server.wm.AppWindowToken.destroySurfaces:374 com.android.server.wm.WindowStateAnimator.finishExit:590 com.android.server.wm.WindowStateAnimator.stepAnimationLocked:516 com.android.server.wm.WindowAnimator.updateWindowsLocked:311 com.android.server.wm.WindowAnimator.animateLocked:738,MISS,0,0.671202
1324,getRunningAppProcesses: caller 10113 does not hold REAL_GET_TASKS; limiting output,MISS,0,0.670695
1325,"userActivityNoUpdateLocked: eventTime=261968328, event=2, flags=0x0, uid=1000",MISS,0,0.670189
1326,"ready=true,policy=3,wakefulness=1,wksummary=0x0,uasummary=0x1,bootcompleted=true,boostinprogress=false,waitmodeenable=false,mode=false,manual=38,auto=-1,adj=0.0userId=0",HIT,0,0.670437
1327,"userActivityNoUpdateLocked: eventTime=261968928, event=2, flags=0x0, uid=1000",MISS,0,0.669932
1328,"ready=true,policy=3,wakefulness=1,wksummary=0x0,uasummary=0x1,bootcompleted=true,boostinprogress=false,waitmodeenable=false,mode=false,manual=38,auto=-1,adj=0.0userId=0",HIT,0,0.670181
1329,"userActivityNoUpdateLocked: eventTime=261969446, event=2, flags=0x0, uid=1000",MISS,0,0.669676
1330,"ready=true,policy=3,wakefulness=1,wksummary=0x0,uasummary=0x1,bootcompleted=true,boostinprogress=false,waitmodeenable=false,mode=false,manual=38,auto=-1,adj=0.0userId=0",HIT,0,0.669925
1331,getRunningAppProcesses: caller 10113 does not hold REAL_GET_TASKS; limiting output,HIT,0,0.670173
1332,HBM brightnessIn =38,HIT,0,0.670420
1333,HBM brightnessOut =38,HIT,0,0.670668
1334,"Animating brightness: target=38, rate=200",HIT,0,0.670915
1335,HBM brightnessIn =38,HIT,0,0.671161
1336,HBM brightnessOut =38,HIT,0,0.671407
1337,"Animating brightness: target=38, rate=200",HIT,0,0.671653
1338,HBM brightnessIn =38,HIT,0,0.671898
1339,HBM brightnessOut =38,HIT,0,0.672143
1340,"Animating brightness: target=38, rate=200",HIT,0,0.672388
1341,"userActivityNoUpdateLocked: eventTime=261970966, event=2, flags=0x0, uid=1000",MISS,0,0.671887
1342,"ready=true,policy=3,wakefulness=1,wksummary=0x0,uasummary=0x1,bootcompleted=true,boostinprogress=false,waitmodeenable=false,mode=false,manual=38,auto=-1,adj=0.0userId=0",HIT,0,0.672131
1343,playSoundEffect   effectType: 0,MISS,0,0.671631
1344,querySoundEffectsEnabled...,MISS,0,0.671131
1345,Destroying surface Surface(name=PopupWindow:317e46) called by com.android.server.wm.WindowStateAnimator.destroySurface:2060 com.android.server.wm.WindowStateAnimator.destroySurfaceLocked:913 com.android.server.wm.WindowState.removeLocked:1554 com.android.server.wm.WindowManagerService.removeWindowInnerLocked:2739 com.android.server.wm.WindowManagerService.removeWindowInnerLocked:2702 com.android.server.wm.WindowManagerService.removeWindowLocked:2691 com.android.server.wm.WindowManagerService.removeWindowLocked:2560 com.android.server.wm.WindowManagerService.removeWindow:2555,MISS,0,0.670632
1346,"ActivityManagerService,attachApplication,callingPid = 13175",MISS,0,0.670134
1347,Destroying surface Surface(name=InputMethod) called by com.android.server.wm.WindowStateAnimator.destroySurface:2060 com.android.server.wm.WindowStateAnimator.destroySurfaceLocked:913 com.android.server.wm.WindowState.destroyOrSaveSurface:2201 com.android.server.wm.WindowSurfacePlacer.performSurfacePlacementInner:517 com.android.server.wm.WindowSurfacePlacer.performSurfacePlacementLoop:291 com.android.server.wm.WindowSurfacePlacer.performSurfacePlacement:233 com.android.server.wm.WindowManagerService$H.handleMessage:8670 android.os.Handler.dispatchMessage:105,MISS,0,0.669636
1348,"ACTIVITY check resid: com.example.android.notepad, size=1",MISS,0,0.669139
1349,"setSystemUiVisibility vis=40000000 mask=ffffffff oldVal=40000600 newVal=40000000 diff=600 fullscreenStackVis=0 dockedStackVis=0, fullscreenStackBounds=Rect(0, 0 - 720, 1280), dockedStackBounds=Rect(0, 0 - 0, 0)",MISS,0,0.668643
1350,"notifyUiVisibilityChanged:vis=0x40000000, SystemUiVisibility=0x40000000",MISS,0,0.668148
1351,"setSystemUiVisibility vis=40000600 mask=ffffffff oldVal=40000000 newVal=40000600 diff=600 fullscreenStackVis=0 dockedStackVis=0, fullscreenStackBounds=Rect(0, 0 - 720, 1280), dockedStackBounds=Rect(0, 0 - 0, 0)",MISS,0,0.667654
1352,"notifyUiVisibilityChanged:vis=0x40000600, SystemUiVisibility=0x40000600",MISS,0,0.667160
1353,"userActivityNoUpdateLocked: eventTime=261972153, event=2, flags=0x0, uid=1000",MISS,0,0.666667
1354,"ready=true,policy=3,wakefulness=1,wksummary=0x0,uasummary=0x1,bootcompleted=true,boostinprogress=false,waitmodeenable=false,mode=false,manual=38,auto=-1,adj=0.0userId=0",HIT,0,0.666913
1355,suspendAutohide,MISS,0,0.666421
1356,interceptKeyTq keycode=3 interactive=true keyguardActive=false policyFlags=2b000002 down true canceled false,MISS,0,0.665929
1357,"interceptKeyBeforeQueueing: key 3 , result : 1",HIT,0,0.666175
1358,"userActivityNoUpdateLocked: eventTime=261972159, event=1, flags=0x0, uid=1000",MISS,0,0.665685
1359,"ready=true,policy=3,wakefulness=1,wksummary=0x0,uasummary=0x1,bootcompleted=true,boostinprogress=false,waitmodeenable=false,mode=false,manual=38,auto=-1,adj=0.0userId=0",HIT,0,0.665931
1360,resumeSuspendedAutohide,HIT,0,0.666176
1361,"userActivityNoUpdateLocked: eventTime=261972223, event=0, flags=0x0, uid=1000",MISS,0,0.665687
1362,"ready=true,policy=3,wakefulness=1,wksummary=0x0,uasummary=0x1,bootcompleted=true,boostinprogress=false,waitmodeenable=false,mode=false,manual=38,auto=-1,adj=0.0userId=0",HIT,0,0.665932
1363,interceptKeyTq keycode=3 interactive=true keyguardActive=false policyFlags=2b000002 down false canceled false,MISS,0,0.665444
1364,"interceptKeyBeforeQueueing: key 3 , result : 1",HIT,0,0.665689
1365,querySoundEffectsEnabled...,HIT,0,0.665934
1366,"animateCollapsePanels:flags=0, force=false, delayed=false, mExpandedVisible=false",MISS,0,0.665447
1367,"userActivityNoUpdateLocked: eventTime=261972262, event=0, flags=0x0, uid=1000",MISS,0,0.664960
1368,"ready=true,policy=3,wakefulness=1,wksummary=0x0,uasummary=0x1,bootcompleted=true,boostinprogress=false,waitmodeenable=false,mode=false,manual=38,auto=-1,adj=0.0userId=0",HIT,0,0.665205
1369,closeQs,HIT,0,0.665449
1370,cancelPeek: false,HIT,0,0.665693
1371,instantCollapse,HIT,0,0.665937
1372,cancelPeek: false,HIT,0,0.666181
1373,"acquire lock=189667585, flags=0x1, tag=""*launch*"", name=android, ws=WorkSource{10057}, uid=1000, pid=1702",MISS,0,0.665696
1374,"ready=true,policy=3,wakefulness=1,wksummary=0x1,uasummary=0x1,bootcompleted=true,boostinprogress=false,waitmodeenable=false,mode=false,manual=38,auto=-1,adj=0.0userId=0",HIT,0,0.665939
1375,"Acquiring suspend blocker ""PowerManagerService.WakeLocks"".",HIT,0,0.666182
1376,"rotationForOrientationLw(orient=1, last=0); user=0 USER_ROTATION_LOCKED",MISS,0,0.665698
1377,"Application requested orientation 1, got rotation 0 which has compatible metrics",MISS,0,0.665214
1378,"Taking screenshot from Surface with crop:[Rect(0, 48 - 720, 1208)], width:[432], height:[696], minLayer:[21080], maxLayer:[21085], inRotation:[false], rot:[0]",MISS,0,0.664731
1379,The change in focus caused us to need to do a layout begin,MISS,0,0.664249
1380,The change in focus caused us to need to do a layout end,MISS,0,0.663768
1381,"setSystemUiVisibility vis=708 mask=ffffffff oldVal=40000600 newVal=708 diff=40000108 fullscreenStackVis=0 dockedStackVis=0, fullscreenStackBounds=Rect(0, 0 - 720, 1280), dockedStackBounds=Rect(0, 0 - 0, 0)",MISS,0,0.663287
1382,cancelAutohide,HIT,0,0.663531
1383,"notifyUiVisibilityChanged:vis=0x708, SystemUiVisibility=0x708",MISS,0,0.663051
1384,"updateClipping isOverlap:false, getTopPadding=333.0, Translation=-24.0",MISS,0,0.662572
1385,updateDimmedActivatedHideSensitive overlap:false,HIT,0,0.662816
1386,"Skipping, withExcluded: false, tr.intent:Intent { flg=0x10804000 cmp=com.android.systemui/.recents.RecentsActivity bnds=[264,444][920,908] }",HIT,0,0.663059
1387,"Skipping, withExcluded: false, tr.intent:Intent { act=android.intent.action.MAIN flg=0x10840000 cmp=com.android.incallui/.InCallActivity (has extras) }",HIT,0,0.663302
1388,"Skipping, withExcluded: false, tr.intent:Intent { flg=0x18800000 cmp=com.tencent.mm/.plugin.base.stub.WXEntryActivity (has extras) }",HIT,0,0.663545
1389,"Skipping, withExcluded: false, tr.intent:Intent { flg=0x10800000 cmp=com.tencent.qqmusic/.business.lockscreen.LockScreenActivity (has extras) }",MISS,0,0.663067
1390,"Skipping, withExcluded: false, tr.intent:Intent { act=com.android.contacts.action.CHOOSE_SUB dat=tel:xxxxxxxxxxx flg=0x10808000 cmp=com.android.contacts/.ChooseSubActivity (has extras) }",MISS,0,0.662590
1391,"Skipping, withExcluded: false, tr.intent:Intent { act=android.intent.action.VIEW dat=file:///storage/emulated/0/Tencent/QQfile_recv/b.apk typ=application/vnd.android.package-archive flg=0x10800000 cmp=com.android.packageinstaller/.PackageInstallerActivity (has extras) }",MISS,0,0.662114
1392,"getRecentTasks: num=20,flags=62,totalTasks=46",MISS,0,0.661638
1393,getRecentTasks: topActivity=ComponentInfo{com.example.android.notepad/com.example.android.notepad.NoteEditor},HIT,0,0.661881
1394,"Skipping, withExcluded: false, tr.intent:Intent { flg=0x10804000 cmp=com.android.systemui/.recents.RecentsActivity bnds=[264,444][920,908] }",HIT,0,0.662123
1395,"Skipping, withExcluded: false, tr.intent:Intent { act=android.intent.action.MAIN flg=0x10840000 cmp=com.android.incallui/.InCallActivity (has extras) }",HIT,0,0.662366
1396,"Skipping, withExcluded: false, tr.intent:Intent { flg=0x18800000 cmp=com.tencent.mm/.plugin.base.stub.WXEntryActivity (has extras) }",HIT,0,0.662607
1397,"getRecentTasks: num=10,flags=62,totalTasks=46",MISS,0,0.662133
1398,getRecentTasks: topActivity=ComponentInfo{com.example.android.notepad/com.example.android.notepad.NoteEditor},HIT,0,0.662375
1399,getTasks: caller 10020 does not hold REAL_GET_TASKS; limiting output,MISS,0,0.661901
1400,"setSystemUiVisibility vis=c0000700 mask=ffffffff oldVal=708 newVal=c0000700 diff=c0000008 fullscreenStackVis=0 dockedStackVis=0, fullscreenStackBounds=Rect(0, 0 - 720, 1280), dockedStackBounds=Rect(0, 0 - 0, 0)",MISS,0,0.661429
1401,cancelAutohide,HIT,0,0.661670
1402,"notifyUiVisibilityChanged:vis=0xc0000700, SystemUiVisibility=0xc0000700",MISS,0,0.661198
1403,getTasks: caller 10020 does not hold REAL_GET_TASKS; limiting output,HIT,0,0.661440
1404,"release:lock=189667585, flg=0x0, tag=""*launch*"", name=android"", ws=WorkSource{10057}, uid=1000, pid=1702",MISS,0,0.660969
1405,"ready=true,policy=3,wakefulness=1,wksummary=0x0,uasummary=0x1,bootcompleted=true,boostinprogress=false,waitmodeenable=false,mode=false,manual=38,auto=-1,adj=0.0userId=0",HIT,0,0.661210
1406,"Releasing suspend blocker ""PowerManagerService.WakeLocks"".",HIT,0,0.661451
1407,Destroying surface Surface(name=com.example.android.notepad/com.example.android.notepad.NoteEditor) called by com.android.server.wm.WindowStateAnimator.destroySurface:2060 com.android.server.wm.WindowStateAnimator.destroySurfaceLocked:913 com.android.server.wm.WindowState.destroyOrSaveSurface:2201 com.android.server.wm.AppWindowToken.destroySurfaces:374 com.android.server.wm.AppWindowToken.notifyAppStopped:400 com.android.server.wm.WindowManagerService.notifyAppStopped:4869 com.android.server.am.ActivityStack.activityStoppedLocked:1393 com.android.server.am.ActivityManagerService.activityStopped:7690,MISS,0,0.660981
1408,Destroying surface Surface(name=com.example.android.notepad/com.example.android.notepad.NoteEditor) called by com.android.server.wm.WindowStateAnimator.destroySurface:2060 com.android.server.wm.WindowStateAnimator.destroySurfaceLocked:913 com.android.server.wm.WindowState.destroyOrSaveSurface:2201 com.android.server.wm.AppWindowToken.destroySurfaces:374 com.android.server.wm.AppWindowToken.notifyAppStopped:400 com.android.server.wm.WindowManagerService.notifyAppStopped:4869 com.android.server.am.ActivityStack.activityStoppedLocked:1393 com.android.server.am.ActivityManagerService.activityStopped:7690,HIT,0,0.661222
1409,getTasks: caller 10020 does not hold REAL_GET_TASKS; limiting output,HIT,0,0.661462
1410,getTasks: caller 10020 does not hold REAL_GET_TASKS; limiting output,HIT,0,0.661702
1411,getRingerMode...,MISS,0,0.661233
1412,"userActivityNoUpdateLocked: eventTime=261973289, event=2, flags=0x0, uid=1000",MISS,0,0.660765
1413,suspendAutohide,HIT,0,0.661005
1414,"ready=true,policy=3,wakefulness=1,wksummary=0x0,uasummary=0x1,bootcompleted=true,boostinprogress=false,waitmodeenable=false,mode=false,manual=38,auto=-1,adj=0.0userId=0",HIT,0,0.661245
1415,interceptKeyTq keycode=3 interactive=true keyguardActive=false policyFlags=2b000002 down true canceled false,HIT,0,0.661484
1416,"interceptKeyBeforeQueueing: key 3 , result : 1",HIT,0,0.661723
1417,"userActivityNoUpdateLocked: eventTime=261973293, event=1, flags=0x0, uid=1000",MISS,0,0.661256
1418,"ready=true,policy=3,wakefulness=1,wksummary=0x0,uasummary=0x1,bootcompleted=true,boostinprogress=false,waitmodeenable=false,mode=false,manual=38,auto=-1,adj=0.0userId=0",HIT,0,0.661495
1419,resumeSuspendedAutohide,HIT,0,0.661734
1420,"userActivityNoUpdateLocked: eventTime=261973328, event=0, flags=0x0, uid=1000",MISS,0,0.661268
1421,"ready=true,policy=3,wakefulness=1,wksummary=0x0,uasummary=0x1,bootcompleted=true,boostinprogress=false,waitmodeenable=false,mode=false,manual=38,auto=-1,adj=0.0userId=0",HIT,0,0.661506
1422,interceptKeyTq keycode=3 interactive=true keyguardActive=false policyFlags=2b000002 down false canceled false,HIT,0,0.661744
1423,"interceptKeyBeforeQueueing: key 3 , result : 1",HIT,0,0.661982
1424,querySoundEffectsEnabled...,HIT,0,0.662219
1425,"userActivityNoUpdateLocked: eventTime=261973352, event=0, flags=0x0, uid=1000",MISS,0,0.661754
1426,"ready=true,policy=3,wakefulness=1,wksummary=0x0,uasummary=0x1,bootcompleted=true,boostinprogress=false,waitmodeenable=false,mode=false,manual=38,auto=-1,adj=0.0userId=0",HIT,0,0.661992
1427,"animateCollapsePanels:flags=0, force=false, delayed=false, mExpandedVisible=false",HIT,0,0.662228
1428,closeQs,HIT,0,0.662465
1429,cancelPeek: false,HIT,0,0.662701
1430,instantCollapse,HIT,0,0.662937
1431,cancelPeek: false,HIT,0,0.663173
1432,"userActivityNoUpdateLocked: eventTime=261973840, event=2, flags=0x0, uid=1000",MISS,0,0.662709
1433,"ready=true,policy=3,wakefulness=1,wksummary=0x0,uasummary=0x1,bootcompleted=true,boostinprogress=false,waitmodeenable=false,mode=false,manual=38,auto=-1,adj=0.0userId=0",HIT,0,0.662945
1434,playSoundEffect   effectType: 0,MISS,0,0.662483
1435,querySoundEffectsEnabled...,HIT,0,0.662718
1436,"START u0 {act=android.intent.action.MAIN cat=[android.intent.category.LAUNCHER] flg=0x10200000 cmp=com.tencent.mobileqq/.activity.SplashActivity bnds=[360,820][536,1011]} from uid 10057 on display 0",MISS,0,0.662256
1437,"ActivityRecord info: ActivityInfo{71e60ba com.tencent.mobileqq.activity.SplashActivity}, euid: 0",MISS,0,0.661795
1438,"acquire lock=189667585, flags=0x1, tag=""*launch*"", name=android, ws=WorkSource{10111}, uid=1000, pid=1702",MISS,0,0.661335
1439,"ready=true,policy=3,wakefulness=1,wksummary=0x1,uasummary=0x1,bootcompleted=true,boostinprogress=false,waitmodeenable=false,mode=false,manual=38,auto=-1,adj=0.0userId=0",HIT,0,0.661571
1440,"Acquiring suspend blocker ""PowerManagerService.WakeLocks"".",HIT,0,0.661806
1441,The change in focus caused us to need to do a layout begin,HIT,0,0.662040
1442,The change in focus caused us to need to do a layout end,HIT,0,0.662275
1443,"updateClipping isOverlap:false, getTopPadding=333.0, Translation=-24.0",HIT,0,0.662509
1444,updateDimmedActivatedHideSensitive overlap:false,HIT,0,0.662742
1445,"setSystemUiVisibility vis=80000508 mask=ffffffff oldVal=c0000700 newVal=80000508 diff=40000208 fullscreenStackVis=0 dockedStackVis=0, fullscreenStackBounds=Rect(0, 0 - 720, 1280), dockedStackBounds=Rect(0, 0 - 0, 0)",MISS,0,0.662284
1446,cancelAutohide,HIT,0,0.662517
1447,"notifyUiVisibilityChanged:vis=0x80000508, SystemUiVisibility=0x80000508",MISS,0,0.662059
1448,setLightsOn(true),MISS,0,0.661602
1449,"setSystemUiVisibility vis=0 mask=1 oldVal=80000508 newVal=80000508 diff=0 fullscreenStackVis=0 dockedStackVis=0, fullscreenStackBounds=Rect(0, 0 - 0, 0), dockedStackBounds=Rect(0, 0 - 0, 0)",MISS,0,0.661146
1450,"Skipping, withExcluded: false, tr.intent:Intent { flg=0x10804000 cmp=com.android.systemui/.recents.RecentsActivity bnds=[264,444][920,908] }",HIT,0,0.661379
1451,"Skipping, withExcluded: false, tr.intent:Intent { act=android.intent.action.MAIN flg=0x10840000 cmp=com.android.incallui/.InCallActivity (has extras) }",HIT,0,0.661613
1452,"Skipping, withExcluded: false, tr.intent:Intent { flg=0x18800000 cmp=com.tencent.mm/.plugin.base.stub.WXEntryActivity (has extras) }",HIT,0,0.661846
1453,"Skipping, withExcluded: false, tr.intent:Intent { flg=0x10800000 cmp=com.tencent.qqmusic/.business.lockscreen.LockScreenActivity (has extras) }",HIT,0,0.662078
1454,"Skipping, withExcluded: false, tr.intent:Intent { act=com.android.contacts.action.CHOOSE_SUB dat=tel:xxxxxxxxxxx flg=0x10808000 cmp=com.android.contacts/.ChooseSubActivity (has extras) }",HIT,0,0.662311
1455,"Skipping, withExcluded: false, tr.intent:Intent { act=android.intent.action.VIEW dat=file:///storage/emulated/0/Tencent/QQfile_recv/b.apk typ=application/vnd.android.package-archive flg=0x10800000 cmp=com.android.packageinstaller/.PackageInstallerActivity (has extras) }",HIT,0,0.662543
1456,"getRecentTasks: num=20,flags=62,totalTasks=46",HIT,0,0.662775
1457,getRecentTasks: topActivity=ComponentInfo{com.tencent.mobileqq/com.tencent.mobileqq.activity.SplashActivity},HIT,0,0.663006
1458,"Skipping, withExcluded: false, tr.intent:Intent { flg=0x10804000 cmp=com.android.systemui/.recents.RecentsActivity bnds=[264,444][920,908] }",HIT,0,0.663237
1459,"Skipping, withExcluded: false, tr.intent:Intent { act=android.intent.action.MAIN flg=0x10840000 cmp=com.android.incallui/.InCallActivity (has extras) }",HIT,0,0.663468
1460,"Skipping, withExcluded: false, tr.intent:Intent { flg=0x18800000 cmp=com.tencent.mm/.plugin.base.stub.WXEntryActivity (has extras) }",HIT,0,0.663699
1461,"getRecentTasks: num=10,flags=62,totalTasks=46",HIT,0,0.663929
1462,getRecentTasks: topActivity=ComponentInfo{com.tencent.mobileqq/com.tencent.mobileqq.activity.SplashActivity},HIT,0,0.664159
1463,setLightsOn(true),HIT,0,0.664388
1464,"setSystemUiVisibility vis=0 mask=1 oldVal=80000508 newVal=80000508 diff=0 fullscreenStackVis=0 dockedStackVis=0, fullscreenStackBounds=Rect(0, 0 - 0, 0), dockedStackBounds=Rect(0, 0 - 0, 0)",HIT,0,0.664617
1465,"cancelNotificationWithTag pid 28601,uid = 10111,tag = null,pkg =com.tencent.mobileqq,id =121",MISS,0,0.664164
1466,"cancelNotification,index:0",MISS,0,0.663711
1467,"cancelNotification,cancelNotificationLocked,callingUid = 10111,callingPid = 28601",MISS,0,0.663258
1468,"cancelNotificationLocked called,tell the app,reason = 8",MISS,0,0.662807
1469,cancelNotificationLocked:0|com.tencent.mobileqq|121|null|10111,MISS,0,0.662355
1470,"cancelNotificationWithTag pid 28601,uid = 10111,tag = null,pkg =com.tencent.mobileqq,id =119",MISS,0,0.661905
1471,"cancelNotificationLocked,remove =com.tencent.mobileqq",MISS,0,0.661455
1472,"cancelNotificationWithTag pid 28601,uid = 10111,tag = null,pkg =com.tencent.mobileqq,id =122",MISS,0,0.661005
1473,"updateLightsLocked,mInCall =false,mScreenOn = true,ledNotification == null?true",MISS,0,0.660557
1474,"updateLightsLocked,turn off notificationLight",MISS,0,0.660109
1475,"cancelNotification,index:-1",HIT,0,0.660339
1476,"cancelNotification,index:-1",HIT,0,0.660569
1477,"setSystemUiVisibility vis=40000500 mask=ffffffff oldVal=80000508 newVal=40000500 diff=c0000008 fullscreenStackVis=0 dockedStackVis=0, fullscreenStackBounds=Rect(0, 0 - 720, 1280), dockedStackBounds=Rect(0, 0 - 0, 0)",MISS,0,0.660122
1478,cancelAutohide,HIT,0,0.660352
1479,"notifyUiVisibilityChanged:vis=0x40000500, SystemUiVisibility=0x40000500",MISS,0,0.659905
1480,"cancelNotificationWithTag pid 28601,uid = 10111,tag = null,pkg =com.tencent.mobileqq,id =123",MISS,0,0.659459
1481,"cancelNotificationWithTag pid 28601,uid = 10111,tag = null,pkg =com.tencent.mobileqq,id =129",MISS,0,0.659014
1482,"cancelNotification,index:-1",HIT,0,0.659244
1483,"cancelNotification,index:-1",HIT,0,0.659474
1484,"cancelNotificationWithTag pid 28601,uid = 10111,tag = null,pkg =com.tencent.mobileqq,id =135",MISS,0,0.659030
1485,"cancelNotification,index:-1",HIT,0,0.659259
1486,"cancelNotificationWithTag pid 28601,uid = 10111,tag = null,pkg =com.tencent.mobileqq,id =140",MISS,0,0.658816
1487,"cancelNotification,index:-1",HIT,0,0.659045
1488,shouldBlockLocation running ...,HIT,0,0.659274
1489,setLightsOn(true),HIT,0,0.659503
1490,"setSystemUiVisibility vis=0 mask=1 oldVal=40000500 newVal=40000500 diff=0 fullscreenStackVis=0 dockedStackVis=0, fullscreenStackBounds=Rect(0, 0 - 0, 0), dockedStackBounds=Rect(0, 0 - 0, 0)",MISS,0,0.659060
1491,removeNotification:0|com.tencent.mobileqq|121|null|10111,MISS,0,0.658618
1492,"updateNotificationShade: total=0, active=0",MISS,0,0.658177
1493,"cancelNotificationWithTag pid 28601,uid = 10111,tag = null,pkg =com.tencent.mobileqq,id =144",MISS,0,0.657736
1494,"cancelNotification,index:-1",HIT,0,0.657965
1495,removeNotificationChildren,HIT,0,0.658194
1496,"animateCollapsePanels:flags=0, force=false, delayed=false, mExpandedVisible=false",HIT,0,0.658422
1497,closeQs,HIT,0,0.658651
1498,cancelPeek: false,HIT,0,0.658879
1499,instantCollapse,HIT,0,0.659106
1500,cancelPeek: false,HIT,0,0.659333
1501,"release:lock=189667585, flg=0x0, tag=""*launch*"", name=android"", ws=WorkSource{10111}, uid=1000, pid=1702",MISS,0,0.658894
1502,"ready=true,policy=3,wakefulness=1,wksummary=0x0,uasummary=0x1,bootcompleted=true,boostinprogress=false,waitmodeenable=false,mode=false,manual=38,auto=-1,adj=0.0userId=0",MISS,0,0.658455
1503,"Releasing suspend blocker ""PowerManagerService.WakeLocks"".",MISS,0,0.658017
1504,"updateClipping isOverlap:false, getTopPadding=333.0, Translation=0.0",MISS,0,0.657580
1505,updateDimmedActivatedHideSensitive overlap:false,HIT,0,0.657807
1506,setLightsOn(true),HIT,0,0.658035
1507,"setSystemUiVisibility vis=0 mask=1 oldVal=40000500 newVal=40000500 diff=0 fullscreenStackVis=0 dockedStackVis=0, fullscreenStackBounds=Rect(0, 0 - 0, 0), dockedStackBounds=Rect(0, 0 - 0, 0)",HIT,0,0.658261
1508,setLightsOn(true),HIT,0,0.658488
1509,"setSystemUiVisibility vis=0 mask=1 oldVal=40000500 newVal=40000500 diff=0 fullscreenStackVis=0 dockedStackVis=0, fullscreenStackBounds=Rect(0, 0 - 0, 0), dockedStackBounds=Rect(0, 0 - 0, 0)",HIT,0,0.658714
1510,"cancelNotificationWithTag pid 28601,uid = 10111,tag = null,pkg =com.tencent.mobileqq,id =193",MISS,0,0.658278
1511,"cancelNotification,index:-1",HIT,0,0.658504
1512,shouldBlockLocation  ret:true,MISS,0,0.658069
1513,getAllCellInfo is blocked by permission manager . callingPackage = com.tencent.mobileqq,MISS,0,0.657634
1514,setLightsOn(true),HIT,0,0.657860
1515,"setSystemUiVisibility vis=0 mask=1 oldVal=40000500 newVal=40000500 diff=0 fullscreenStackVis=0 dockedStackVis=0, fullscreenStackBounds=Rect(0, 0 - 0, 0), dockedStackBounds=Rect(0, 0 - 0, 0)",HIT,0,0.658086
1516,setLightsOn(true),HIT,0,0.658311
1517,"setSystemUiVisibility vis=0 mask=1 oldVal=40000500 newVal=40000500 diff=0 fullscreenStackVis=0 dockedStackVis=0, fullscreenStackBounds=Rect(0, 0 - 0, 0), dockedStackBounds=Rect(0, 0 - 0, 0)",HIT,0,0.658537
1518,setLightsOn(true),HIT,0,0.658762
1519,"setSystemUiVisibility vis=0 mask=1 oldVal=40000500 newVal=40000500 diff=0 fullscreenStackVis=0 dockedStackVis=0, fullscreenStackBounds=Rect(0, 0 - 0, 0), dockedStackBounds=Rect(0, 0 - 0, 0)",HIT,0,0.658986
1520,getTasks: caller 10111 does not hold REAL_GET_TASKS; limiting output,MISS,0,0.658553
1521,getTasks: caller 10111 does not hold REAL_GET_TASKS; limiting output,HIT,0,0.658777
1522,isMusicActive...,MISS,0,0.658344
1523,"userActivityNoUpdateLocked: eventTime=261975077, event=2, flags=0x0, uid=1000",MISS,0,0.657912
1524,"ready=true,policy=3,wakefulness=1,wksummary=0x0,uasummary=0x1,bootcompleted=true,boostinprogress=false,waitmodeenable=false,mode=false,manual=38,auto=-1,adj=0.0userId=0",HIT,0,0.658136
1525,playSoundEffect   effectType: 0,MISS,0,0.657705
1526,querySoundEffectsEnabled...,HIT,0,0.657929
1527,setLightsOn(true),HIT,0,0.658153
1528,"setSystemUiVisibility vis=0 mask=1 oldVal=40000500 newVal=40000500 diff=0 fullscreenStackVis=0 dockedStackVis=0, fullscreenStackBounds=Rect(0, 0 - 0, 0), dockedStackBounds=Rect(0, 0 - 0, 0)",HIT,0,0.658377
1529,HBM brightnessIn =38,MISS,0,0.657946
1530,HBM brightnessOut =38,MISS,0,0.657516
1531,"Animating brightness: target=38, rate=200",MISS,0,0.657087
1532,HBM brightnessIn =38,HIT,0,0.657311
1533,HBM brightnessOut =38,HIT,0,0.657534
1534,"Animating brightness: target=38, rate=200",HIT,0,0.657757
1535,shouldBlockLocation running ...,HIT,0,0.657980
1536,shouldBlockLocation  ret:true,HIT,0,0.658203
1537,getAllCellInfo is blocked by permission manager . callingPackage = com.tencent.mobileqq,HIT,0,0.658426
1538,shouldBlockLocation running ...,HIT,0,0.658648
1539,shouldBlockLocation  ret:true,HIT,0,0.658869
1540,getCellLocation is blocked by permission manager uid:10111 pid:28601,MISS,0,0.658442
1541,getRunningAppProcesses: caller 10111 does not hold REAL_GET_TASKS; limiting output,MISS,0,0.658014
1542,HBM brightnessIn =38,HIT,0,0.658236
1543,HBM brightnessOut =38,HIT,0,0.658458
1544,"Animating brightness: target=38, rate=200",HIT,0,0.658679
1545,"userActivityNoUpdateLocked: eventTime=261976180, event=2, flags=0x0, uid=1000",MISS,0,0.658252
1546,"ready=true,policy=3,wakefulness=1,wksummary=0x0,uasummary=0x1,bootcompleted=true,boostinprogress=false,waitmodeenable=false,mode=false,manual=38,auto=-1,adj=0.0userId=0",HIT,0,0.658473
1547,HBM brightnessIn =38,HIT,0,0.658694
1548,HBM brightnessOut =38,HIT,0,0.658915
1549,"Animating brightness: target=38, rate=200",HIT,0,0.659135
1550,setLightsOn(true),HIT,0,0.659355
1551,"setSystemUiVisibility vis=0 mask=1 oldVal=40000500 newVal=40000500 diff=0 fullscreenStackVis=0 dockedStackVis=0, fullscreenStackBounds=Rect(0, 0 - 0, 0), dockedStackBounds=Rect(0, 0 - 0, 0)",HIT,0,0.659574
1552,setLightsOn(true),HIT,0,0.659794
1553,"setSystemUiVisibility vis=0 mask=1 oldVal=40000500 newVal=40000500 diff=0 fullscreenStackVis=0 dockedStackVis=0, fullscreenStackBounds=Rect(0, 0 - 0, 0), dockedStackBounds=Rect(0, 0 - 0, 0)",HIT,0,0.660013
1554,setLightsOn(true),HIT,0,0.660232
1555,"setSystemUiVisibility vis=0 mask=1 oldVal=40000500 newVal=40000500 diff=0 fullscreenStackVis=0 dockedStackVis=0, fullscreenStackBounds=Rect(0, 0 - 0, 0), dockedStackBounds=Rect(0, 0 - 0, 0)",HIT,0,0.660450
1556,setLightsOn(true),HIT,0,0.660668
1557,"setSystemUiVisibility vis=0 mask=1 oldVal=40000500 newVal=40000500 diff=0 fullscreenStackVis=0 dockedStackVis=0, fullscreenStackBounds=Rect(0, 0 - 0, 0), dockedStackBounds=Rect(0, 0 - 0, 0)",HIT,0,0.660886
1558,setLightsOn(true),HIT,0,0.661104
1559,"setSystemUiVisibility vis=0 mask=1 oldVal=40000500 newVal=40000500 diff=0 fullscreenStackVis=0 dockedStackVis=0, fullscreenStackBounds=Rect(0, 0 - 0, 0), dockedStackBounds=Rect(0, 0 - 0, 0)",HIT,0,0.661321
1560,setLightsOn(true),HIT,0,0.661538
1561,"setSystemUiVisibility vis=0 mask=1 oldVal=40000500 newVal=40000500 diff=0 fullscreenStackVis=0 dockedStackVis=0, fullscreenStackBounds=Rect(0, 0 - 0, 0), dockedStackBounds=Rect(0, 0 - 0, 0)",HIT,0,0.661755
1562,setLightsOn(true),HIT,0,0.661972
1563,"setSystemUiVisibility vis=0 mask=1 oldVal=40000500 newVal=40000500 diff=0 fullscreenStackVis=0 dockedStackVis=0, fullscreenStackBounds=Rect(0, 0 - 0, 0), dockedStackBounds=Rect(0, 0 - 0, 0)",HIT,0,0.662188
1564,setLightsOn(true),HIT,0,0.662404
1565,"setSystemUiVisibility vis=0 mask=1 oldVal=40000500 newVal=40000500 diff=0 fullscreenStackVis=0 dockedStackVis=0, fullscreenStackBounds=Rect(0, 0 - 0, 0), dockedStackBounds=Rect(0, 0 - 0, 0)",HIT,0,0.662620
1566,setLightsOn(true),HIT,0,0.662835
1567,"setSystemUiVisibility vis=0 mask=1 oldVal=40000500 newVal=40000500 diff=0 fullscreenStackVis=0 dockedStackVis=0, fullscreenStackBounds=Rect(0, 0 - 0, 0), dockedStackBounds=Rect(0, 0 - 0, 0)",HIT,0,0.663050
1568,setLightsOn(true),HIT,0,0.663265
1569,"setSystemUiVisibility vis=0 mask=1 oldVal=40000500 newVal=40000500 diff=0 fullscreenStackVis=0 dockedStackVis=0, fullscreenStackBounds=Rect(0, 0 - 0, 0), dockedStackBounds=Rect(0, 0 - 0, 0)",HIT,0,0.663480
1570,setLightsOn(true),HIT,0,0.663694
1571,"setSystemUiVisibility vis=0 mask=1 oldVal=40000500 newVal=40000500 diff=0 fullscreenStackVis=0 dockedStackVis=0, fullscreenStackBounds=Rect(0, 0 - 0, 0), dockedStackBounds=Rect(0, 0 - 0, 0)",HIT,0,0.663908
1572,setLightsOn(true),HIT,0,0.664122
1573,"setSystemUiVisibility vis=0 mask=1 oldVal=40000500 newVal=40000500 diff=0 fullscreenStackVis=0 dockedStackVis=0, fullscreenStackBounds=Rect(0, 0 - 0, 0), dockedStackBounds=Rect(0, 0 - 0, 0)",HIT,0,0.664336
1574,setLightsOn(true),HIT,0,0.664549
1575,"setSystemUiVisibility vis=0 mask=1 oldVal=40000500 newVal=40000500 diff=0 fullscreenStackVis=0 dockedStackVis=0, fullscreenStackBounds=Rect(0, 0 - 0, 0), dockedStackBounds=Rect(0, 0 - 0, 0)",HIT,0,0.664762
1576,setLightsOn(true),HIT,0,0.664975
1577,"setSystemUiVisibility vis=0 mask=1 oldVal=40000500 newVal=40000500 diff=0 fullscreenStackVis=0 dockedStackVis=0, fullscreenStackBounds=Rect(0, 0 - 0, 0), dockedStackBounds=Rect(0, 0 - 0, 0)",HIT,0,0.665187
1578,setLightsOn(true),HIT,0,0.665399
1579,"setSystemUiVisibility vis=0 mask=1 oldVal=40000500 newVal=40000500 diff=0 fullscreenStackVis=0 dockedStackVis=0, fullscreenStackBounds=Rect(0, 0 - 0, 0), dockedStackBounds=Rect(0, 0 - 0, 0)",HIT,0,0.665611
1580,setLightsOn(true),HIT,0,0.665823
1581,"setSystemUiVisibility vis=0 mask=1 oldVal=40000500 newVal=40000500 diff=0 fullscreenStackVis=0 dockedStackVis=0, fullscreenStackBounds=Rect(0, 0 - 0, 0), dockedStackBounds=Rect(0, 0 - 0, 0)",HIT,0,0.666034
1582,"userActivityNoUpdateLocked: eventTime=261976915, event=2, flags=0x0, uid=1000",MISS,0,0.665613
1583,"ready=true,policy=3,wakefulness=1,wksummary=0x0,uasummary=0x1,bootcompleted=true,boostinprogress=false,waitmodeenable=false,mode=false,manual=38,auto=-1,adj=0.0userId=0",HIT,0,0.665824
1584,setLightsOn(true),HIT,0,0.666035
1585,"setSystemUiVisibility vis=0 mask=1 oldVal=40000500 newVal=40000500 diff=0 fullscreenStackVis=0 dockedStackVis=0, fullscreenStackBounds=Rect(0, 0 - 0, 0), dockedStackBounds=Rect(0, 0 - 0, 0)",HIT,0,0.666246
1586,setLightsOn(true),HIT,0,0.666456
1587,"setSystemUiVisibility vis=0 mask=1 oldVal=40000500 newVal=40000500 diff=0 fullscreenStackVis=0 dockedStackVis=0, fullscreenStackBounds=Rect(0, 0 - 0, 0), dockedStackBounds=Rect(0, 0 - 0, 0)",HIT,0,0.666667
1588,setLightsOn(true),HIT,0,0.666877
1589,"setSystemUiVisibility vis=0 mask=1 oldVal=40000500 newVal=40000500 diff=0 fullscreenStackVis=0 dockedStackVis=0, fullscreenStackBounds=Rect(0, 0 - 0, 0), dockedStackBounds=Rect(0, 0 - 0, 0)",HIT,0,0.667086
1590,setLightsOn(true),HIT,0,0.667296
1591,"setSystemUiVisibility vis=0 mask=1 oldVal=40000500 newVal=40000500 diff=0 fullscreenStackVis=0 dockedStackVis=0, fullscreenStackBounds=Rect(0, 0 - 0, 0), dockedStackBounds=Rect(0, 0 - 0, 0)",HIT,0,0.667505
1592,setLightsOn(true),HIT,0,0.667714
1593,"setSystemUiVisibility vis=0 mask=1 oldVal=40000500 newVal=40000500 diff=0 fullscreenStackVis=0 dockedStackVis=0, fullscreenStackBounds=Rect(0, 0 - 0, 0), dockedStackBounds=Rect(0, 0 - 0, 0)",HIT,0,0.667922
1594,setLightsOn(true),HIT,0,0.668130
1595,"setSystemUiVisibility vis=0 mask=1 oldVal=40000500 newVal=40000500 diff=0 fullscreenStackVis=0 dockedStackVis=0, fullscreenStackBounds=Rect(0, 0 - 0, 0), dockedStackBounds=Rect(0, 0 - 0, 0)",HIT,0,0.668339
1596,shouldBlockLocation running ...,HIT,0,0.668546
1597,shouldBlockLocation  ret:true,HIT,0,0.668754
1598,getAllCellInfo is blocked by permission manager . callingPackage = com.tencent.mobileqq,HIT,0,0.668961
1599,"userActivityNoUpdateLocked: eventTime=261977717, event=2, flags=0x0, uid=1000",MISS,0,0.668543
1600,"ready=true,policy=3,wakefulness=1,wksummary=0x0,uasummary=0x1,bootcompleted=true,boostinprogress=false,waitmodeenable=false,mode=false,manual=38,auto=-1,adj=0.0userId=0",HIT,0,0.668750
1601,setLightsOn(true),HIT,0,0.668957
1602,"setSystemUiVisibility vis=0 mask=1 oldVal=40000500 newVal=40000500 diff=0 fullscreenStackVis=0 dockedStackVis=0, fullscreenStackBounds=Rect(0, 0 - 0, 0), dockedStackBounds=Rect(0, 0 - 0, 0)",HIT,0,0.669164
1603,"userActivityNoUpdateLocked: eventTime=261978352, event=2, flags=0x0, uid=1000",MISS,0,0.668746
1604,"ready=true,policy=3,wakefulness=1,wksummary=0x0,uasummary=0x1,bootcompleted=true,boostinprogress=false,waitmodeenable=false,mode=false,manual=38,auto=-1,adj=0.0userId=0",HIT,0,0.668953
1605,getRunningAppProcesses: caller 10113 does not hold REAL_GET_TASKS; limiting output,HIT,0,0.669159
1606,getRunningAppProcesses: caller 10113 does not hold REAL_GET_TASKS; limiting output,HIT,0,0.669365
1607,"userActivityNoUpdateLocked: eventTime=261979355, event=2, flags=0x0, uid=1000",MISS,0,0.668948
1608,"ready=true,policy=3,wakefulness=1,wksummary=0x0,uasummary=0x1,bootcompleted=true,boostinprogress=false,waitmodeenable=false,mode=false,manual=38,auto=-1,adj=0.0userId=0",HIT,0,0.669154
1609,setLightsOn(true),HIT,0,0.669360
1610,"setSystemUiVisibility vis=0 mask=1 oldVal=40000500 newVal=40000500 diff=0 fullscreenStackVis=0 dockedStackVis=0, fullscreenStackBounds=Rect(0, 0 - 0, 0), dockedStackBounds=Rect(0, 0 - 0, 0)",HIT,0,0.669565
1611,setLightsOn(true),HIT,0,0.669770
1612,"setSystemUiVisibility vis=0 mask=1 oldVal=40000500 newVal=40000500 diff=0 fullscreenStackVis=0 dockedStackVis=0, fullscreenStackBounds=Rect(0, 0 - 0, 0), dockedStackBounds=Rect(0, 0 - 0, 0)",HIT,0,0.669975
1613,setLightsOn(true),HIT,0,0.670180
1614,"setSystemUiVisibility vis=0 mask=1 oldVal=40000500 newVal=40000500 diff=0 fullscreenStackVis=0 dockedStackVis=0, fullscreenStackBounds=Rect(0, 0 - 0, 0), dockedStackBounds=Rect(0, 0 - 0, 0)",HIT,0,0.670384
1615,getRunningAppProcesses: caller 10111 does not hold REAL_GET_TASKS; limiting output,HIT,0,0.670588
1616,getTasks: caller 10111 does not hold REAL_GET_TASKS; limiting output,HIT,0,0.670792
1617,setLightsOn(true),HIT,0,0.670996
1618,"setSystemUiVisibility vis=0 mask=1 oldVal=40000500 newVal=40000500 diff=0 fullscreenStackVis=0 dockedStackVis=0, fullscreenStackBounds=Rect(0, 0 - 0, 0), dockedStackBounds=Rect(0, 0 - 0, 0)",HIT,0,0.671199
1619,"userActivityNoUpdateLocked: eventTime=261980307, event=2, flags=0x0, uid=1000",MISS,0,0.670784
1620,"ready=true,policy=3,wakefulness=1,wksummary=0x0,uasummary=0x1,bootcompleted=true,boostinprogress=false,waitmodeenable=false,mode=false,manual=38,auto=-1,adj=0.0userId=0",HIT,0,0.670988
1621,setLightsOn(true),HIT,0,0.671191
1622,"setSystemUiVisibility vis=0 mask=1 oldVal=40000500 newVal=40000500 diff=0 fullscreenStackVis=0 dockedStackVis=0, fullscreenStackBounds=Rect(0, 0 - 0, 0), dockedStackBounds=Rect(0, 0 - 0, 0)",HIT,0,0.671393
1623,setLightsOn(true),HIT,0,0.671596
1624,"setSystemUiVisibility vis=0 mask=1 oldVal=40000500 newVal=40000500 diff=0 fullscreenStackVis=0 dockedStackVis=0, fullscreenStackBounds=Rect(0, 0 - 0, 0), dockedStackBounds=Rect(0, 0 - 0, 0)",HIT,0,0.671798
1625,isMusicActive...,HIT,0,0.672000
1626,setLightsOn(true),HIT,0,0.672202
1627,"setSystemUiVisibility vis=0 mask=1 oldVal=40000500 newVal=40000500 diff=0 fullscreenStackVis=0 dockedStackVis=0, fullscreenStackBounds=Rect(0, 0 - 0, 0), dockedStackBounds=Rect(0, 0 - 0, 0)",HIT,0,0.672403
1628,setLightsOn(true),HIT,0,0.672604
1629,"setSystemUiVisibility vis=0 mask=1 oldVal=40000500 newVal=40000500 diff=0 fullscreenStackVis=0 dockedStackVis=0, fullscreenStackBounds=Rect(0, 0 - 0, 0), dockedStackBounds=Rect(0, 0 - 0, 0)",HIT,0,0.672805
1630,setLightsOn(true),HIT,0,0.673006
1631,"setSystemUiVisibility vis=0 mask=1 oldVal=40000500 newVal=40000500 diff=0 fullscreenStackVis=0 dockedStackVis=0, fullscreenStackBounds=Rect(0, 0 - 0, 0), dockedStackBounds=Rect(0, 0 - 0, 0)",HIT,0,0.673207
1632,setLightsOn(true),HIT,0,0.673407
1633,"setSystemUiVisibility vis=0 mask=1 oldVal=40000500 newVal=40000500 diff=0 fullscreenStackVis=0 dockedStackVis=0, fullscreenStackBounds=Rect(0, 0 - 0, 0), dockedStackBounds=Rect(0, 0 - 0, 0)",HIT,0,0.673607
1634,"userActivityNoUpdateLocked: eventTime=261980925, event=2, flags=0x0, uid=1000",MISS,0,0.673195
1635,"ready=true,policy=3,wakefulness=1,wksummary=0x0,uasummary=0x1,bootcompleted=true,boostinprogress=false,waitmodeenable=false,mode=false,manual=38,auto=-1,adj=0.0userId=0",HIT,0,0.673394
1636,setLightsOn(true),HIT,0,0.673594
1637,"setSystemUiVisibility vis=0 mask=1 oldVal=40000500 newVal=40000500 diff=0 fullscreenStackVis=0 dockedStackVis=0, fullscreenStackBounds=Rect(0, 0 - 0, 0), dockedStackBounds=Rect(0, 0 - 0, 0)",HIT,0,0.673794
1638,setLightsOn(true),HIT,0,0.673993
1639,"setSystemUiVisibility vis=0 mask=1 oldVal=40000500 newVal=40000500 diff=0 fullscreenStackVis=0 dockedStackVis=0, fullscreenStackBounds=Rect(0, 0 - 0, 0), dockedStackBounds=Rect(0, 0 - 0, 0)",HIT,0,0.674192
1640,"userActivityNoUpdateLocked: eventTime=261981426, event=2, flags=0x0, uid=1000",MISS,0,0.673780
1641,"ready=true,policy=3,wakefulness=1,wksummary=0x0,uasummary=0x1,bootcompleted=true,boostinprogress=false,waitmodeenable=false,mode=false,manual=38,auto=-1,adj=0.0userId=0",HIT,0,0.673979
1642,setLightsOn(true),HIT,0,0.674178
1643,"setSystemUiVisibility vis=0 mask=1 oldVal=40000500 newVal=40000500 diff=0 fullscreenStackVis=0 dockedStackVis=0, fullscreenStackBounds=Rect(0, 0 - 0, 0), dockedStackBounds=Rect(0, 0 - 0, 0)",HIT,0,0.674376
1644,"userActivityNoUpdateLocked: eventTime=261982379, event=2, flags=0x0, uid=1000",MISS,0,0.673966
1645,"ready=true,policy=3,wakefulness=1,wksummary=0x0,uasummary=0x1,bootcompleted=true,boostinprogress=false,waitmodeenable=false,mode=false,manual=38,auto=-1,adj=0.0userId=0",HIT,0,0.674164
1646,HBM brightnessIn =38,HIT,0,0.674362
1647,HBM brightnessOut =38,HIT,0,0.674560
1648,"Animating brightness: target=38, rate=200",HIT,0,0.674757
1649,setLightsOn(true),HIT,0,0.674955
1650,"setSystemUiVisibility vis=0 mask=1 oldVal=40000500 newVal=40000500 diff=0 fullscreenStackVis=0 dockedStackVis=0, fullscreenStackBounds=Rect(0, 0 - 0, 0), dockedStackBounds=Rect(0, 0 - 0, 0)",HIT,0,0.675152
1651,setLightsOn(true),HIT,0,0.675348
1652,"setSystemUiVisibility vis=0 mask=1 oldVal=40000500 newVal=40000500 diff=0 fullscreenStackVis=0 dockedStackVis=0, fullscreenStackBounds=Rect(0, 0 - 0, 0), dockedStackBounds=Rect(0, 0 - 0, 0)",HIT,0,0.675545
1653,HBM brightnessIn =38,HIT,0,0.675741
1654,HBM brightnessOut =38,HIT,0,0.675937
1655,"Animating brightness: target=38, rate=200",HIT,0,0.676133
1656,"userActivityNoUpdateLocked: eventTime=261983047, event=2, flags=0x0, uid=1000",MISS,0,0.675725
1657,"ready=true,policy=3,wakefulness=1,wksummary=0x0,uasummary=0x1,bootcompleted=true,boostinprogress=false,waitmodeenable=false,mode=false,manual=38,auto=-1,adj=0.0userId=0",HIT,0,0.675920
1658,setLightsOn(true),HIT,0,0.676116
1659,"setSystemUiVisibility vis=0 mask=1 oldVal=40000500 newVal=40000500 diff=0 fullscreenStackVis=0 dockedStackVis=0, fullscreenStackBounds=Rect(0, 0 - 0, 0), dockedStackBounds=Rect(0, 0 - 0, 0)",HIT,0,0.676311
1660,setLightsOn(true),HIT,0,0.676506
1661,"setSystemUiVisibility vis=0 mask=1 oldVal=40000500 newVal=40000500 diff=0 fullscreenStackVis=0 dockedStackVis=0, fullscreenStackBounds=Rect(0, 0 - 0, 0), dockedStackBounds=Rect(0, 0 - 0, 0)",HIT,0,0.676701
1662,HBM brightnessIn =38,HIT,0,0.676895
1663,HBM brightnessOut =38,HIT,0,0.677090
1664,"Animating brightness: target=38, rate=200",HIT,0,0.677284
1665,setLightsOn(true),HIT,0,0.677477
1666,"setSystemUiVisibility vis=0 mask=1 oldVal=40000500 newVal=40000500 diff=0 fullscreenStackVis=0 dockedStackVis=0, fullscreenStackBounds=Rect(0, 0 - 0, 0), dockedStackBounds=Rect(0, 0 - 0, 0)",HIT,0,0.677671
1667,setLightsOn(true),HIT,0,0.677864
1668,"setSystemUiVisibility vis=0 mask=1 oldVal=40000500 newVal=40000500 diff=0 fullscreenStackVis=0 dockedStackVis=0, fullscreenStackBounds=Rect(0, 0 - 0, 0), dockedStackBounds=Rect(0, 0 - 0, 0)",HIT,0,0.678058
1669,HBM brightnessIn =38,HIT,0,0.678250
1670,HBM brightnessOut =38,HIT,0,0.678443
1671,"Animating brightness: target=38, rate=200",HIT,0,0.678636
1672,"userActivityNoUpdateLocked: eventTime=261983733, event=2, flags=0x0, uid=1000",MISS,0,0.678230
1673,"ready=true,policy=3,wakefulness=1,wksummary=0x0,uasummary=0x1,bootcompleted=true,boostinprogress=false,waitmodeenable=false,mode=false,manual=38,auto=-1,adj=0.0userId=0",HIT,0,0.678422
1674,setLightsOn(true),HIT,0,0.678614
1675,"setSystemUiVisibility vis=0 mask=1 oldVal=40000500 newVal=40000500 diff=0 fullscreenStackVis=0 dockedStackVis=0, fullscreenStackBounds=Rect(0, 0 - 0, 0), dockedStackBounds=Rect(0, 0 - 0, 0)",HIT,0,0.678806
1676,HBM brightnessIn =38,HIT,0,0.678998
1677,HBM brightnessOut =38,HIT,0,0.679189
1678,"Animating brightness: target=38, rate=200",HIT,0,0.679380
1679,HBM brightnessIn =38,HIT,0,0.679571
1680,HBM brightnessOut =38,HIT,0,0.679762
1681,"Animating brightness: target=38, rate=200",HIT,0,0.679952
1682,HBM brightnessIn =38,HIT,0,0.680143
1683,HBM brightnessOut =38,HIT,0,0.680333
1684,"Animating brightness: target=38, rate=200",HIT,0,0.680523
1685,"userActivityNoUpdateLocked: eventTime=261984484, event=2, flags=0x0, uid=1000",MISS,0,0.680119
1686,"ready=true,policy=3,wakefulness=1,wksummary=0x0,uasummary=0x1,bootcompleted=true,boostinprogress=false,waitmodeenable=false,mode=false,manual=38,auto=-1,adj=0.0userId=0",HIT,0,0.680308
1687,"sending alarm Alarm{d764221 type 3 when 509262332 PendingIntent{1749923: PendingIntentRecord{9600e20 android broadcastIntent}}},repeatInterval = 0,listenerTag =time_tick",MISS,0,0.679905
1688,"ready=true,policy=3,wakefulness=1,wksummary=0x1,uasummary=0x1,bootcompleted=true,boostinprogress=false,waitmodeenable=false,mode=false,manual=38,auto=-1,adj=0.0userId=0",HIT,0,0.680095
1689,"Acquiring suspend blocker ""PowerManagerService.WakeLocks"".",MISS,0,0.679692
1690,Received TIME_TICK alarm; rescheduling,MISS,0,0.679290
1691,scheduleTimeTickEvent triggerAtTime = 509322332,MISS,0,0.678888
1692,"updateClipping isOverlap:false, getTopPadding=333.0, Translation=0.0",HIT,0,0.679078
1693,updateDimmedActivatedHideSensitive overlap:false,HIT,0,0.679268
1694,"updateClipping isOverlap:false, getTopPadding=333.0, Translation=0.0",HIT,0,0.679457
1695,updateDimmedActivatedHideSensitive overlap:false,HIT,0,0.679646
1696,received broadcast android.intent.action.TIME_TICK,MISS,0,0.679245
1697,handleTimeUpdate,MISS,0,0.678845
1698,HBM brightnessIn =38,HIT,0,0.679034
1699,HBM brightnessOut =38,HIT,0,0.679223
1700,"Animating brightness: target=38, rate=200",HIT,0,0.679412
1701,playSoundEffect   effectType: 0,HIT,0,0.679600
1702,querySoundEffectsEnabled...,HIT,0,0.679788
1703,Destroying surface Surface(name=PopupWindow:9b04807) called by com.android.server.wm.WindowStateAnimator.destroySurface:2060 com.android.server.wm.WindowStateAnimator.destroySurfaceLocked:913 com.android.server.wm.WindowState.removeLocked:1554 com.android.server.wm.WindowManagerService.removeWindowInnerLocked:2739 com.android.server.wm.WindowManagerService.removeWindowInnerLocked:2702 com.android.server.wm.WindowManagerService.removeWindowLocked:2691 com.android.server.wm.WindowManagerService.removeWindowLocked:2560 com.android.server.wm.WindowManagerService.removeWindow:2555,MISS,0,0.679389
1704,isWiredHeadsetOn...,MISS,0,0.678991
1705,Destroying surface Surface(name=PopupWindow:317e46) called by com.android.server.wm.WindowStateAnimator.destroySurface:2060 com.android.server.wm.WindowStateAnimator.destroySurfaceLocked:913 com.android.server.wm.WindowState.removeLocked:1554 com.android.server.wm.WindowManagerService.removeWindowInnerLocked:2739 com.android.server.wm.WindowManagerService.removeWindowInnerLocked:2702 com.android.server.wm.WindowManagerService.removeWindowLocked:2691 com.android.server.wm.WindowManagerService.removeWindowLocked:2560 com.android.server.wm.WindowManagerService.removeWindow:2555,MISS,0,0.678592
1706,"acquire lock=191063310, flags=0x1, tag=""AudioMix"", name=audioserver, ws=null, uid=1041, pid=0",MISS,0,0.678195
1707,"ready=true,policy=3,wakefulness=1,wksummary=0x1,uasummary=0x1,bootcompleted=true,boostinprogress=false,waitmodeenable=false,mode=false,manual=38,auto=-1,adj=0.0userId=0",HIT,0,0.678383
1708,"acquire lock=149977903, flags=0x1, tag=""AudioMix"", name=audioserver, ws=null, uid=1041, pid=0",MISS,0,0.677986
1709,"ready=true,policy=3,wakefulness=1,wksummary=0x1,uasummary=0x1,bootcompleted=true,boostinprogress=false,waitmodeenable=false,mode=false,manual=38,auto=-1,adj=0.0userId=0",HIT,0,0.678174
1710,"acquire lock=155645244, flags=0x1, tag=""AudioMix"", name=audioserver, ws=null, uid=1041, pid=0",MISS,0,0.677778
1711,"ready=true,policy=3,wakefulness=1,wksummary=0x1,uasummary=0x1,bootcompleted=true,boostinprogress=false,waitmodeenable=false,mode=false,manual=38,auto=-1,adj=0.0userId=0",HIT,0,0.677966
1712,"acquire lock=173466309, flags=0x1, tag=""AudioMix"", name=audioserver, ws=null, uid=1041, pid=0",MISS,0,0.677570
1713,"ready=true,policy=3,wakefulness=1,wksummary=0x1,uasummary=0x1,bootcompleted=true,boostinprogress=false,waitmodeenable=false,mode=false,manual=38,auto=-1,adj=0.0userId=0",HIT,0,0.677758
1714,HBM brightnessIn =38,HIT,0,0.677946
1715,HBM brightnessOut =38,HIT,0,0.678134
1716,"Animating brightness: target=38, rate=200",HIT,0,0.678322
1717,"ready=true,policy=3,wakefulness=1,wksummary=0x1,uasummary=0x1,bootcompleted=true,boostinprogress=false,waitmodeenable=false,mode=false,manual=38,auto=-1,adj=0.0userId=0",HIT,0,0.678509
1718,setLightsOn(true),HIT,0,0.678696
1719,"setSystemUiVisibility vis=0 mask=1 oldVal=40000500 newVal=40000500 diff=0 fullscreenStackVis=0 dockedStackVis=0, fullscreenStackBounds=Rect(0, 0 - 0, 0), dockedStackBounds=Rect(0, 0 - 0, 0)",HIT,0,0.678883
1720,"setDataSource(166, 0, 576460752303423487)",MISS,0,0.678488
1721,setLightsOn(true),HIT,0,0.678675
1722,"setSystemUiVisibility vis=0 mask=1 oldVal=40000500 newVal=40000500 diff=0 fullscreenStackVis=0 dockedStackVis=0, fullscreenStackBounds=Rect(0, 0 - 0, 0), dockedStackBounds=Rect(0, 0 - 0, 0)",HIT,0,0.678862
1723,setLightsOn(true),HIT,0,0.679048
1724,"setSystemUiVisibility vis=0 mask=1 oldVal=40000500 newVal=40000500 diff=0 fullscreenStackVis=0 dockedStackVis=0, fullscreenStackBounds=Rect(0, 0 - 0, 0), dockedStackBounds=Rect(0, 0 - 0, 0)",HIT,0,0.679234
1725,setLightsOn(true),HIT,0,0.679420
1726,"setSystemUiVisibility vis=0 mask=1 oldVal=40000500 newVal=40000500 diff=0 fullscreenStackVis=0 dockedStackVis=0, fullscreenStackBounds=Rect(0, 0 - 0, 0), dockedStackBounds=Rect(0, 0 - 0, 0)",HIT,0,0.679606
1727,getStreamVolume  treamType: 5,MISS,0,0.679213
1728,setLightsOn(true),HIT,0,0.679398
1729,"setSystemUiVisibility vis=0 mask=1 oldVal=40000500 newVal=40000500 diff=0 fullscreenStackVis=0 dockedStackVis=0, fullscreenStackBounds=Rect(0, 0 - 0, 0), dockedStackBounds=Rect(0, 0 - 0, 0)",HIT,0,0.679584
1730,setLightsOn(true),HIT,0,0.679769
1731,"setSystemUiVisibility vis=0 mask=1 oldVal=40000500 newVal=40000500 diff=0 fullscreenStackVis=0 dockedStackVis=0, fullscreenStackBounds=Rect(0, 0 - 0, 0), dockedStackBounds=Rect(0, 0 - 0, 0)",HIT,0,0.679954
1732,HBM brightnessIn =38,HIT,0,0.680139
1733,HBM brightnessOut =38,HIT,0,0.680323
1734,"Animating brightness: target=38, rate=200",HIT,0,0.680507
1735,"userActivityNoUpdateLocked: eventTime=261985554, event=2, flags=0x0, uid=1000",MISS,0,0.680115
1736,"ready=true,policy=3,wakefulness=1,wksummary=0x1,uasummary=0x1,bootcompleted=true,boostinprogress=false,waitmodeenable=false,mode=false,manual=38,auto=-1,adj=0.0userId=0",HIT,0,0.680300
1737,HBM brightnessIn =38,HIT,0,0.680484
1738,HBM brightnessOut =38,HIT,0,0.680667
1739,"Animating brightness: target=38, rate=200",HIT,0,0.680851
1740,Destroying surface Surface(name=PopupWindow:317e46) called by com.android.server.wm.WindowStateAnimator.destroySurface:2060 com.android.server.wm.WindowStateAnimator.destroySurfaceLocked:913 com.android.server.wm.WindowState.removeLocked:1554 com.android.server.wm.WindowManagerService.removeWindowInnerLocked:2739 com.android.server.wm.WindowManagerService.removeWindowInnerLocked:2702 com.android.server.wm.WindowManagerService.removeWindowLocked:2691 com.android.server.wm.WindowManagerService.removeWindowLocked:2560 com.android.server.wm.WindowManagerService.removeWindow:2555,HIT,0,0.681034
1741,setLightsOn(true),HIT,0,0.681218
1742,"setSystemUiVisibility vis=0 mask=1 oldVal=40000500 newVal=40000500 diff=0 fullscreenStackVis=0 dockedStackVis=0, fullscreenStackBounds=Rect(0, 0 - 0, 0), dockedStackBounds=Rect(0, 0 - 0, 0)",HIT,0,0.681401
1743,setLightsOn(true),HIT,0,0.681583
1744,"setSystemUiVisibility vis=0 mask=1 oldVal=40000500 newVal=40000500 diff=0 fullscreenStackVis=0 dockedStackVis=0, fullscreenStackBounds=Rect(0, 0 - 0, 0), dockedStackBounds=Rect(0, 0 - 0, 0)",HIT,0,0.681766
1745,setLightsOn(true),HIT,0,0.681948
1746,"setSystemUiVisibility vis=0 mask=1 oldVal=40000500 newVal=40000500 diff=0 fullscreenStackVis=0 dockedStackVis=0, fullscreenStackBounds=Rect(0, 0 - 0, 0), dockedStackBounds=Rect(0, 0 - 0, 0)",HIT,0,0.682131
1747,HBM brightnessIn =38,HIT,0,0.682313
1748,HBM brightnessOut =38,HIT,0,0.682494
1749,"Animating brightness: target=38, rate=200",HIT,0,0.682676
1750,setLightsOn(true),HIT,0,0.682857
1751,"setSystemUiVisibility vis=0 mask=1 oldVal=40000500 newVal=40000500 diff=0 fullscreenStackVis=0 dockedStackVis=0, fullscreenStackBounds=Rect(0, 0 - 0, 0), dockedStackBounds=Rect(0, 0 - 0, 0)",HIT,0,0.683038
1752,Destroying surface Surface(name=InputMethod) called by com.android.server.wm.WindowStateAnimator.destroySurface:2060 com.android.server.wm.WindowStateAnimator.destroySurfaceLocked:913 com.android.server.wm.WindowState.destroyOrSaveSurface:2201 com.android.server.wm.WindowSurfacePlacer.performSurfacePlacementInner:517 com.android.server.wm.WindowSurfacePlacer.performSurfacePlacementLoop:291 com.android.server.wm.WindowSurfacePlacer.performSurfacePlacement:233 com.android.server.wm.WindowManagerService$H.handleMessage:8670 android.os.Handler.dispatchMessage:105,MISS,0,0.682648
1753,"userActivityNoUpdateLocked: eventTime=261986105, event=2, flags=0x0, uid=1000",MISS,0,0.682259
1754,"ready=true,policy=3,wakefulness=1,wksummary=0x1,uasummary=0x1,bootcompleted=true,boostinprogress=false,waitmodeenable=false,mode=false,manual=38,auto=-1,adj=0.0userId=0",HIT,0,0.682440
1755,playSoundEffect   effectType: 0,HIT,0,0.682621
1756,querySoundEffectsEnabled...,HIT,0,0.682802
1757,HBM brightnessIn =38,HIT,0,0.682982
1758,HBM brightnessOut =38,HIT,0,0.683163
1759,"Animating brightness: target=38, rate=200",HIT,0,0.683343
1760,HBM brightnessIn =38,HIT,0,0.683523
1761,HBM brightnessOut =38,HIT,0,0.683702
1762,"Animating brightness: target=38, rate=200",HIT,0,0.683882
1763,HBM brightnessIn =38,HIT,0,0.684061
1764,HBM brightnessOut =38,HIT,0,0.684240
1765,"Animating brightness: target=38, rate=200",HIT,0,0.684419
1766,"userActivityNoUpdateLocked: eventTime=261986874, event=2, flags=0x0, uid=1000",MISS,0,0.684032
1767,"ready=true,policy=3,wakefulness=1,wksummary=0x1,uasummary=0x1,bootcompleted=true,boostinprogress=false,waitmodeenable=false,mode=false,manual=38,auto=-1,adj=0.0userId=0",HIT,0,0.684211
1768,HBM brightnessIn =38,HIT,0,0.684389
1769,HBM brightnessOut =38,HIT,0,0.684568
1770,"Animating brightness: target=38, rate=200",HIT,0,0.684746
1771,"userActivityNoUpdateLocked: eventTime=261987391, event=2, flags=0x0, uid=1000",MISS,0,0.684359
1772,"ready=true,policy=3,wakefulness=1,wksummary=0x1,uasummary=0x1,bootcompleted=true,boostinprogress=false,waitmodeenable=false,mode=false,manual=38,auto=-1,adj=0.0userId=0",HIT,0,0.684537
1773,HBM brightnessIn =38,HIT,0,0.684715
1774,HBM brightnessOut =38,HIT,0,0.684893
1775,"Animating brightness: target=38, rate=200",HIT,0,0.685070
1776,"updateIsPoweredLocked: wasPowered=false, mIsPowered=false, oldPlugType=0, mPlugType=0, mBatteryLevel=23",MISS,0,0.684685
1777,received broadcast android.intent.action.BATTERY_CHANGED,MISS,0,0.684299
1778,ACTION_BATTERY_CHANGED AMP: 0; Volt: 0,MISS,0,0.683915
1779,updateChargingLocked: charging=false,MISS,0,0.683530
1780,"onReceive, action:android.intent.action.BATTERY_CHANGED",MISS,0,0.683146
1781,ACTION_BATTERY_CHANGED pluggedType: 0,MISS,0,0.682762
1782,ApStaDisabledState what=155652,MISS,0,0.682379
1783,DefaultState what=155652,MISS,0,0.681997
1784,battery changed pluggedType: 0,MISS,0,0.681614
1785,RefreshBatteryInfo isBatteryLow: 23,MISS,0,0.681232
1786,ChargingSpeed  Wattage: -1 ST: 5000000 --> 7500000,MISS,0,0.680851
1787,handleBatteryUpdate,MISS,0,0.680470
1788,RefreshBatteryInfo isBatteryLow: 23,HIT,0,0.680649
1789,"ready=true,policy=3,wakefulness=1,wksummary=0x1,uasummary=0x1,bootcompleted=true,boostinprogress=false,waitmodeenable=false,mode=false,manual=38,auto=-1,adj=0.0userId=0",HIT,0,0.680827
1790,"ready=true,policy=3,wakefulness=1,wksummary=0x1,uasummary=0x1,bootcompleted=true,boostinprogress=false,waitmodeenable=false,mode=false,manual=38,auto=-1,adj=0.0userId=0",HIT,0,0.681006
1791,setLightsOn(true),HIT,0,0.681184
1792,"setSystemUiVisibility vis=0 mask=1 oldVal=40000500 newVal=40000500 diff=0 fullscreenStackVis=0 dockedStackVis=0, fullscreenStackBounds=Rect(0, 0 - 0, 0), dockedStackBounds=Rect(0, 0 - 0, 0)",HIT,0,0.681362
1793,HBM brightnessIn =38,HIT,0,0.681539
1794,HBM brightnessOut =38,HIT,0,0.681717
1795,"Animating brightness: target=38, rate=200",HIT,0,0.681894
1796,"release:lock=149977903, flg=0x0, tag=""AudioMix"", name=audioserver"", ws=null, uid=1041, pid=0",MISS,0,0.681514
1797,"ready=true,policy=3,wakefulness=1,wksummary=0x1,uasummary=0x1,bootcompleted=true,boostinprogress=false,waitmodeenable=false,mode=false,manual=38,auto=-1,adj=0.0userId=0",HIT,0,0.681692
1798,"release:lock=155645244, flg=0x0, tag=""AudioMix"", name=audioserver"", ws=null, uid=1041, pid=0",MISS,0,0.681313
1799,"ready=true,policy=3,wakefulness=1,wksummary=0x1,uasummary=0x1,bootcompleted=true,boostinprogress=false,waitmodeenable=false,mode=false,manual=38,auto=-1,adj=0.0userId=0",HIT,0,0.681490
1800,"release:lock=191063310, flg=0x0, tag=""AudioMix"", name=audioserver"", ws=null, uid=1041, pid=0",MISS,0,0.681111
1801,"ready=true,policy=3,wakefulness=1,wksummary=0x1,uasummary=0x1,bootcompleted=true,boostinprogress=false,waitmodeenable=false,mode=false,manual=38,auto=-1,adj=0.0userId=0",HIT,0,0.681288
1802,"release:lock=173466309, flg=0x0, tag=""AudioMix"", name=audioserver"", ws=null, uid=1041, pid=0",MISS,0,0.680910
1803,"ready=true,policy=3,wakefulness=1,wksummary=0x0,uasummary=0x1,bootcompleted=true,boostinprogress=false,waitmodeenable=false,mode=false,manual=38,auto=-1,adj=0.0userId=0",HIT,0,0.681087
1804,"Releasing suspend blocker ""PowerManagerService.WakeLocks"".",MISS,0,0.680710
1805,HBM brightnessIn =38,HIT,0,0.680886
1806,HBM brightnessOut =38,HIT,0,0.681063
1807,"Animating brightness: target=38, rate=200",HIT,0,0.681240
1808,getRunningAppProcesses: caller 10091 does not hold REAL_GET_TASKS; limiting output,MISS,0,0.680863
1809,getRunningAppProcesses: caller 10091 does not hold REAL_GET_TASKS; limiting output,HIT,0,0.681039
1810,HBM brightnessIn =38,HIT,0,0.681215
1811,HBM brightnessOut =38,HIT,0,0.681391
1812,"Animating brightness: target=38, rate=200",HIT,0,0.681567
1813,"userActivityNoUpdateLocked: eventTime=261988728, event=2, flags=0x0, uid=1000",MISS,0,0.681191
1814,"ready=true,policy=3,wakefulness=1,wksummary=0x0,uasummary=0x1,bootcompleted=true,boostinprogress=false,waitmodeenable=false,mode=false,manual=38,auto=-1,adj=0.0userId=0",HIT,0,0.681367
1815,suspendAutohide,MISS,0,0.680992
1816,interceptKeyTq keycode=3 interactive=true keyguardActive=false policyFlags=2b000002 down true canceled false,MISS,0,0.680617
1817,"interceptKeyBeforeQueueing: key 3 , result : 1",MISS,0,0.680242
1818,"userActivityNoUpdateLocked: eventTime=261988739, event=1, flags=0x0, uid=1000",MISS,0,0.679868
1819,"ready=true,policy=3,wakefulness=1,wksummary=0x0,uasummary=0x1,bootcompleted=true,boostinprogress=false,waitmodeenable=false,mode=false,manual=38,auto=-1,adj=0.0userId=0",HIT,0,0.680044
1820,resumeSuspendedAutohide,MISS,0,0.679670
1821,"userActivityNoUpdateLocked: eventTime=261988799, event=0, flags=0x0, uid=1000",MISS,0,0.679297
1822,"ready=true,policy=3,wakefulness=1,wksummary=0x0,uasummary=0x1,bootcompleted=true,boostinprogress=false,waitmodeenable=false,mode=false,manual=38,auto=-1,adj=0.0userId=0",HIT,0,0.679473
1823,interceptKeyTq keycode=3 interactive=true keyguardActive=false policyFlags=2b000002 down false canceled false,MISS,0,0.679100
1824,"interceptKeyBeforeQueueing: key 3 , result : 1",HIT,0,0.679276
1825,querySoundEffectsEnabled...,HIT,0,0.679452
1826,"userActivityNoUpdateLocked: eventTime=261988822, event=0, flags=0x0, uid=1000",MISS,0,0.679080
1827,"ready=true,policy=3,wakefulness=1,wksummary=0x0,uasummary=0x1,bootcompleted=true,boostinprogress=false,waitmodeenable=false,mode=false,manual=38,auto=-1,adj=0.0userId=0",HIT,0,0.679256
1828,"animateCollapsePanels:flags=0, force=false, delayed=false, mExpandedVisible=false",MISS,0,0.678884
1829,closeQs,MISS,0,0.678513
1830,cancelPeek: false,MISS,0,0.678142
1831,instantCollapse,MISS,0,0.677772
1832,cancelPeek: false,HIT,0,0.677948
1833,setLightsOn(true),HIT,0,0.678123
1834,"setSystemUiVisibility vis=0 mask=1 oldVal=40000500 newVal=40000500 diff=0 fullscreenStackVis=0 dockedStackVis=0, fullscreenStackBounds=Rect(0, 0 - 0, 0), dockedStackBounds=Rect(0, 0 - 0, 0)",HIT,0,0.678299
1835,"acquire lock=189667585, flags=0x1, tag=""*launch*"", name=android, ws=WorkSource{10057}, uid=1000, pid=1702",MISS,0,0.677929
1836,"ready=true,policy=3,wakefulness=1,wksummary=0x1,uasummary=0x1,bootcompleted=true,boostinprogress=false,waitmodeenable=false,mode=false,manual=38,auto=-1,adj=0.0userId=0",HIT,0,0.678105
1837,"Acquiring suspend blocker ""PowerManagerService.WakeLocks"".",MISS,0,0.677735
1838,setLightsOn(true),HIT,0,0.677911
1839,"setSystemUiVisibility vis=0 mask=1 oldVal=40000500 newVal=40000500 diff=0 fullscreenStackVis=0 dockedStackVis=0, fullscreenStackBounds=Rect(0, 0 - 0, 0), dockedStackBounds=Rect(0, 0 - 0, 0)",HIT,0,0.678086
1840,setLightsOn(true),HIT,0,0.678261
1841,"setSystemUiVisibility vis=0 mask=1 oldVal=40000500 newVal=40000500 diff=0 fullscreenStackVis=0 dockedStackVis=0, fullscreenStackBounds=Rect(0, 0 - 0, 0), dockedStackBounds=Rect(0, 0 - 0, 0)",HIT,0,0.678436
1842,getRunningAppProcesses: caller 10112 does not hold REAL_GET_TASKS; limiting output,MISS,0,0.678067
1843,setLightsOn(true),HIT,0,0.678242
1844,"setSystemUiVisibility vis=0 mask=1 oldVal=40000500 newVal=40000500 diff=0 fullscreenStackVis=0 dockedStackVis=0, fullscreenStackBounds=Rect(0, 0 - 0, 0), dockedStackBounds=Rect(0, 0 - 0, 0)",HIT,0,0.678416
1845,"Taking screenshot from Surface with crop:[Rect(0, 48 - 720, 1208)], width:[432], height:[696], minLayer:[21000], maxLayer:[21080], inRotation:[false], rot:[0]",MISS,0,0.678049
1846,The change in focus caused us to need to do a layout begin,MISS,0,0.677681
1847,The change in focus caused us to need to do a layout end,MISS,0,0.677315
1848,"setSystemUiVisibility vis=708 mask=ffffffff oldVal=40000500 newVal=708 diff=40000208 fullscreenStackVis=0 dockedStackVis=0, fullscreenStackBounds=Rect(0, 0 - 720, 1280), dockedStackBounds=Rect(0, 0 - 0, 0)",MISS,0,0.676948
1849,cancelAutohide,HIT,0,0.677123
1850,"notifyUiVisibilityChanged:vis=0x708, SystemUiVisibility=0x708",MISS,0,0.676757
1851,"updateClipping isOverlap:false, getTopPadding=333.0, Translation=0.0",HIT,0,0.676931
1852,updateDimmedActivatedHideSensitive overlap:false,HIT,0,0.677106
1853,"Skipping, withExcluded: false, tr.intent:Intent { flg=0x10804000 cmp=com.android.systemui/.recents.RecentsActivity bnds=[264,444][920,908] }",HIT,0,0.677280
1854,"Skipping, withExcluded: false, tr.intent:Intent { act=android.intent.action.MAIN flg=0x10840000 cmp=com.android.incallui/.InCallActivity (has extras) }",HIT,0,0.677454
1855,"Skipping, withExcluded: false, tr.intent:Intent { flg=0x18800000 cmp=com.tencent.mm/.plugin.base.stub.WXEntryActivity (has extras) }",HIT,0,0.677628
1856,"Skipping, withExcluded: false, tr.intent:Intent { flg=0x10800000 cmp=com.tencent.qqmusic/.business.lockscreen.LockScreenActivity (has extras) }",HIT,0,0.677802
1857,"Skipping, withExcluded: false, tr.intent:Intent { act=com.android.contacts.action.CHOOSE_SUB dat=tel:xxxxxxxxxxx flg=0x10808000 cmp=com.android.contacts/.ChooseSubActivity (has extras) }",HIT,0,0.677975
1858,"Skipping, withExcluded: false, tr.intent:Intent { act=android.intent.action.VIEW dat=file:///storage/emulated/0/Tencent/QQfile_recv/b.apk typ=application/vnd.android.package-archive flg=0x10800000 cmp=com.android.packageinstaller/.PackageInstallerActivity (has extras) }",HIT,0,0.678149
1859,"getRecentTasks: num=20,flags=62,totalTasks=46",HIT,0,0.678322
1860,getRecentTasks: topActivity=ComponentInfo{com.tencent.mobileqq/com.tencent.mobileqq.activity.SplashActivity},HIT,0,0.678495
1861,"Skipping, withExcluded: false, tr.intent:Intent { flg=0x10804000 cmp=com.android.systemui/.recents.RecentsActivity bnds=[264,444][920,908] }",HIT,0,0.678667
1862,"Skipping, withExcluded: false, tr.intent:Intent { act=android.intent.action.MAIN flg=0x10840000 cmp=com.android.incallui/.InCallActivity (has extras) }",HIT,0,0.678840
1863,"Skipping, withExcluded: false, tr.intent:Intent { flg=0x18800000 cmp=com.tencent.mm/.plugin.base.stub.WXEntryActivity (has extras) }",HIT,0,0.679012
1864,"getRecentTasks: num=10,flags=62,totalTasks=46",HIT,0,0.679185
1865,getRecentTasks: topActivity=ComponentInfo{com.tencent.mobileqq/com.tencent.mobileqq.activity.SplashActivity},HIT,0,0.679357
1866,"setSystemUiVisibility vis=c0000700 mask=ffffffff oldVal=708 newVal=c0000700 diff=c0000008 fullscreenStackVis=0 dockedStackVis=0, fullscreenStackBounds=Rect(0, 0 - 720, 1280), dockedStackBounds=Rect(0, 0 - 0, 0)",MISS,0,0.678992
1867,cancelAutohide,HIT,0,0.679164
1868,"notifyUiVisibilityChanged:vis=0xc0000700, SystemUiVisibility=0xc0000700",MISS,0,0.678801
1869,getRingerMode...,MISS,0,0.678438
1870,"release:lock=189667585, flg=0x0, tag=""*launch*"", name=android"", ws=WorkSource{10057}, uid=1000, pid=1702",MISS,0,0.678075
1871,"ready=true,policy=3,wakefulness=1,wksummary=0x0,uasummary=0x1,bootcompleted=true,boostinprogress=false,waitmodeenable=false,mode=false,manual=38,auto=-1,adj=0.0userId=0",HIT,0,0.678247
1872,"Releasing suspend blocker ""PowerManagerService.WakeLocks"".",HIT,0,0.678419
1873,enqueueNotificationInternal: pkg=com.tencent.mm id=4097 notification=Notification(pri=1 contentView=null vibrate=[] sound=null tick defaults=0x0 flags=0x101 color=0x00000000 category=msg vis=PRIVATE),MISS,0,0.678057
1874,enqueueNotificationInternal: n.getKey = 0|com.tencent.mm|4097|null|10112,MISS,0,0.677695
1875,"updateLightsLocked,mInCall =false,mScreenOn = true,ledNotification == null?false",MISS,0,0.677333
1876,"updateLightsLocked,turn off notificationLight",MISS,0,0.676972
1877,addNotification key=0|com.tencent.mm|4097|null|10112,MISS,0,0.676612
1878,mHeadsUpExistenceChangedRunnable,MISS,0,0.676251
1879,disable: < expand ICONS* alerts SYSTEM_INFO* back home recent clock navigationbar search quick_settings >,MISS,0,0.675891
1880,suspendAutohide,MISS,0,0.675532
1881,"updateNotificationShade: total=0, active=0",MISS,0,0.675173
1882,removeNotificationChildren,HIT,0,0.675345
1883,"updateNotificationShade: total=1, active=1",MISS,0,0.674987
1884,removeNotificationChildren,HIT,0,0.675159
1885,Marking notification as seen 0|com.tencent.mm|4097|null|10112,MISS,0,0.674801
1886,getTasks: caller 10111 does not hold REAL_GET_TASKS; limiting output,HIT,0,0.674973
1887,getTasks: caller 10111 does not hold REAL_GET_TASKS; limiting output,HIT,0,0.675146
1888,onNotificationExpansionChanged called,MISS,0,0.674788
1889,Destroying surface Surface(name=com.tencent.mobileqq/com.tencent.mobileqq.activity.SplashActivity) called by com.android.server.wm.WindowStateAnimator.destroySurface:2060 com.android.server.wm.WindowStateAnimator.destroySurfaceLocked:913 com.android.server.wm.WindowState.destroyOrSaveSurface:2201 com.android.server.wm.AppWindowToken.destroySurfaces:374 com.android.server.wm.AppWindowToken.notifyAppStopped:400 com.android.server.wm.WindowManagerService.notifyAppStopped:4869 com.android.server.am.ActivityStack.activityStoppedLocked:1393 com.android.server.am.ActivityManagerService.activityStopped:7690,MISS,0,0.674431
1890,"updateClipping isOverlap:false, getTopPadding=333.0, Translation=-429.0",MISS,0,0.674074
1891,updateDimmedActivatedHideSensitive overlap:false,HIT,0,0.674246
1892,getRunningAppProcesses: caller 10111 does not hold REAL_GET_TASKS; limiting output,HIT,0,0.674419
1893,"updateClipping isOverlap:false, getTopPadding=333.0, Translation=-497.0",MISS,0,0.674062
1894,updateDimmedActivatedHideSensitive overlap:false,HIT,0,0.674234
1895,getTasks: caller 10111 does not hold REAL_GET_TASKS; limiting output,HIT,0,0.674406
1896,getTasks: caller 10111 does not hold REAL_GET_TASKS; limiting output,HIT,0,0.674578
1897,getTasks: caller 10111 does not hold REAL_GET_TASKS; limiting output,HIT,0,0.674750
1898,getTasks: caller 10111 does not hold REAL_GET_TASKS; limiting output,HIT,0,0.674921
1899,getTasks: caller 10111 does not hold REAL_GET_TASKS; limiting output,HIT,0,0.675092
1900,getRunningAppProcesses: caller 10113 does not hold REAL_GET_TASKS; limiting output,HIT,0,0.675263
1901,"sending alarm Alarm{2741459 type 3 when 509267844 PendingIntent{f75f81e: PendingIntentRecord{e204f60 com.android.phone broadcastIntent}}},repeatInterval = 0,listenerTag =null",MISS,0,0.674908
1902,"ready=true,policy=3,wakefulness=1,wksummary=0x1,uasummary=0x1,bootcompleted=true,boostinprogress=false,waitmodeenable=false,mode=false,manual=38,auto=-1,adj=0.0userId=0",HIT,0,0.675079
1903,"Acquiring suspend blocker ""PowerManagerService.WakeLocks"".",HIT,0,0.675250
1904,"ready=true,policy=3,wakefulness=1,wksummary=0x0,uasummary=0x1,bootcompleted=true,boostinprogress=false,waitmodeenable=false,mode=false,manual=38,auto=-1,adj=0.0userId=0",HIT,0,0.675420
1905,"Releasing suspend blocker ""PowerManagerService.WakeLocks"".",HIT,0,0.675591
1906,"ready=true,policy=3,wakefulness=1,wksummary=0x1,uasummary=0x1,bootcompleted=true,boostinprogress=false,waitmodeenable=false,mode=false,manual=38,auto=-1,adj=0.0userId=0",HIT,0,0.675761
1907,"Acquiring suspend blocker ""PowerManagerService.WakeLocks"".",HIT,0,0.675931
1908,"updateClipping isOverlap:false, getTopPadding=333.0, Translation=-497.0",HIT,0,0.676101
1909,updateDimmedActivatedHideSensitive overlap:false,HIT,0,0.676270
1910,logNotificationVisibilityChanges runInThread start,MISS,0,0.675916
1911,onNotificationVisibilityChanged called,MISS,0,0.675563
1912,logNotificationVisibilityChanges runInThread over,MISS,0,0.675209
1913,"ready=true,policy=3,wakefulness=1,wksummary=0x0,uasummary=0x1,bootcompleted=true,boostinprogress=false,waitmodeenable=false,mode=false,manual=38,auto=-1,adj=0.0userId=0",HIT,0,0.675379
1914,"Releasing suspend blocker ""PowerManagerService.WakeLocks"".",HIT,0,0.675549
1915,"userActivityNoUpdateLocked: eventTime=261991304, event=2, flags=0x0, uid=1000",MISS,0,0.675196
1916,"ready=true,policy=3,wakefulness=1,wksummary=0x0,uasummary=0x1,bootcompleted=true,boostinprogress=false,waitmodeenable=false,mode=false,manual=38,auto=-1,adj=0.0userId=0",HIT,0,0.675365
1917,"onInterceptTouchEvent MotionEvent { action=ACTION_DOWN, actionButton=0, id[0]=0, x[0]=622.0, y[0]=86.0, toolType[0]=TOOL_TYPE_FINGER, buttonState=0, metaState=0, flags=0x0, edgeFlags=0x0, pointerCount=1, historySize=0, eventTime=261991304, downTime=261991304, deviceId=3, source=0x1002 }, mBlockTouches=false",MISS,0,0.675013
1918,"updateClipping isOverlap:false, getTopPadding=333.0, Translation=-497.0",HIT,0,0.675182
1919,updateDimmedActivatedHideSensitive overlap:false,HIT,0,0.675352
1920,"onInterceptTouchEvent MotionEvent { action=ACTION_UP, actionButton=0, id[0]=0, x[0]=622.0, y[0]=86.0, toolType[0]=TOOL_TYPE_FINGER, buttonState=0, metaState=0, flags=0x0, edgeFlags=0x0, pointerCount=1, historySize=0, eventTime=261991368, downTime=261991304, deviceId=3, source=0x1002 }, mBlockTouches=false",MISS,0,0.675000
1921,HBM brightnessIn =38,HIT,0,0.675169
1922,HBM brightnessOut =38,HIT,0,0.675338
1923,"Animating brightness: target=38, rate=200",HIT,0,0.675507
1924,playSoundEffect   effectType: 0,HIT,0,0.675676
1925,querySoundEffectsEnabled...,HIT,0,0.675844
1926,"updateNotificationShade: total=1, active=1",HIT,0,0.676012
1927,removeNotificationChildren,HIT,0,0.676181
1928,"animateCollapsePanels:flags=2, force=true, delayed=true, mExpandedVisible=true",MISS,0,0.675830
1929,closeQs,MISS,0,0.675480
1930,cancelPeek: false,HIT,0,0.675648
1931,instantCollapse,MISS,0,0.675298
1932,cancelPeek: false,HIT,0,0.675466
1933,"updateNotificationShade: total=1, active=1",HIT,0,0.675634
1934,removeNotificationChildren,HIT,0,0.675801
1935,logNotificationVisibilityChanges runInThread start,HIT,0,0.675969
1936,onNotificationVisibilityChanged called,HIT,0,0.676136
1937,logNotificationVisibilityChanges runInThread over,HIT,0,0.676304
1938,START u0 {flg=0x24000000 cmp=com.tencent.mm/.ui.LauncherUI (has extras)} from uid 10112 on display 0,MISS,0,0.675955
1939,"ActivityRecord info: ActivityInfo{80c2e70 com.tencent.mm.ui.LauncherUI}, euid: 0",MISS,0,0.675606
1940,"overlapAmount:220.0, previousNotificationEnd:0.0, newYTranslation:-220.0, location:4, i:0, getTopPadding:333.0, getLocationOnScreen():-553",MISS,0,0.675258
1941,"state.clipTopAmount:204, i:0",MISS,0,0.674910
1942,"updateClipping isOverlap:true, getTopPadding=333.0, Translation=-553.0",MISS,0,0.674562
1943,updateDimmedActivatedHideSensitive overlap:true,MISS,0,0.674215
1944,makeExpandedInvisible: mExpandedVisible=true,MISS,0,0.673868
1945,closeQs,HIT,0,0.674036
1946,cancelPeek: false,HIT,0,0.674203
1947,instantCollapse,HIT,0,0.674371
1948,cancelPeek: false,HIT,0,0.674538
1949,"updateNotificationShade: total=1, active=1",HIT,0,0.674705
1950,removeNotificationChildren,HIT,0,0.674872
1951,closeQs,HIT,0,0.675038
1952,startActivity called from non-Activity context; forcing Intent.FLAG_ACTIVITY_NEW_TASK for: Intent { flg=0x24000000 cmp=com.tencent.mm/.ui.LauncherUI (has extras) },MISS,0,0.674693
1953,resumeSuspendedAutohide,MISS,0,0.674347
1954,disable: < expand icons* alerts system_info* back home recent clock navigationbar search quick_settings >,MISS,0,0.674002
1955,"overlapAmount:220.0, previousNotificationEnd:0.0, newYTranslation:-220.0, location:4, i:0, getTopPadding:333.0, getLocationOnScreen():-553",HIT,0,0.674169
1956,"state.clipTopAmount:204, i:0",HIT,0,0.674335
1957,"updateClipping isOverlap:true, getTopPadding=333.0, Translation=-553.0",HIT,0,0.674502
1958,updateDimmedActivatedHideSensitive overlap:true,HIT,0,0.674668
1959,makeExpandedInvisible: mExpandedVisible=false,MISS,0,0.674324
1960,"acquire lock=189667585, flags=0x1, tag=""*launch*"", name=android, ws=WorkSource{10112}, uid=1000, pid=1702",MISS,0,0.673980
1961,"ready=true,policy=3,wakefulness=1,wksummary=0x1,uasummary=0x1,bootcompleted=true,boostinprogress=false,waitmodeenable=false,mode=false,manual=38,auto=-1,adj=0.0userId=0",HIT,0,0.674146
1962,"Acquiring suspend blocker ""PowerManagerService.WakeLocks"".",HIT,0,0.674312
1963,onNotificationClick called,MISS,0,0.673968
1964,"cancelNotification,index:0",MISS,0,0.673625
1965,applyOptionsLocked: Unknown animationType=0,MISS,0,0.673282
1966,getRunningAppProcesses: caller 10113 does not hold REAL_GET_TASKS; limiting output,HIT,0,0.673449
1967,"Skipping, withExcluded: false, tr.intent:Intent { flg=0x10804000 cmp=com.android.systemui/.recents.RecentsActivity bnds=[264,444][920,908] }",HIT,0,0.673615
1968,"Skipping, withExcluded: false, tr.intent:Intent { act=android.intent.action.MAIN flg=0x10840000 cmp=com.android.incallui/.InCallActivity (has extras) }",HIT,0,0.673780
1969,"Skipping, withExcluded: false, tr.intent:Intent { flg=0x18800000 cmp=com.tencent.mm/.plugin.base.stub.WXEntryActivity (has extras) }",HIT,0,0.673946
1970,"Skipping, withExcluded: false, tr.intent:Intent { flg=0x10800000 cmp=com.tencent.qqmusic/.business.lockscreen.LockScreenActivity (has extras) }",HIT,0,0.674112
1971,"Skipping, withExcluded: false, tr.intent:Intent { act=com.android.contacts.action.CHOOSE_SUB dat=tel:xxxxxxxxxxx flg=0x10808000 cmp=com.android.contacts/.ChooseSubActivity (has extras) }",HIT,0,0.674277
1972,"Skipping, withExcluded: false, tr.intent:Intent { act=android.intent.action.VIEW dat=file:///storage/emulated/0/Tencent/QQfile_recv/b.apk typ=application/vnd.android.package-archive flg=0x10800000 cmp=com.android.packageinstaller/.PackageInstallerActivity (has extras) }",HIT,0,0.674442
1973,"getRecentTasks: num=20,flags=62,totalTasks=46",HIT,0,0.674607
1974,getRecentTasks: topActivity=ComponentInfo{com.tencent.mm/com.tencent.mm.ui.LauncherUI},MISS,0,0.674265
1975,"Skipping, withExcluded: false, tr.intent:Intent { flg=0x10804000 cmp=com.android.systemui/.recents.RecentsActivity bnds=[264,444][920,908] }",HIT,0,0.674430
1976,"Skipping, withExcluded: false, tr.intent:Intent { act=android.intent.action.MAIN flg=0x10840000 cmp=com.android.incallui/.InCallActivity (has extras) }",HIT,0,0.674595
1977,"Skipping, withExcluded: false, tr.intent:Intent { flg=0x18800000 cmp=com.tencent.mm/.plugin.base.stub.WXEntryActivity (has extras) }",HIT,0,0.674760
1978,"getRecentTasks: num=10,flags=62,totalTasks=46",HIT,0,0.674924
1979,getRecentTasks: topActivity=ComponentInfo{com.tencent.mm/com.tencent.mm.ui.LauncherUI},HIT,0,0.675088
1980,mHeadsUpExistenceChangedRunnable,MISS,0,0.674747
1981,"updateClipping isOverlap:false, getTopPadding=333.0, Translation=-24.0",MISS,0,0.674407
1982,updateDimmedActivatedHideSensitive overlap:false,HIT,0,0.674571
1983,HBM brightnessIn =38,HIT,0,0.674735
1984,HBM brightnessOut =38,HIT,0,0.674899
1985,"Animating brightness: target=38, rate=200",HIT,0,0.675063
1986,HBM brightnessIn =38,HIT,0,0.675227
1987,HBM brightnessOut =38,HIT,0,0.675390
1988,"Animating brightness: target=38, rate=200",HIT,0,0.675553
1989,HBM brightnessIn =38,HIT,0,0.675716
1990,HBM brightnessOut =38,HIT,0,0.675879
1991,"Animating brightness: target=38, rate=200",HIT,0,0.676042
1992,HBM brightnessIn =38,HIT,0,0.676205
1993,HBM brightnessOut =38,HIT,0,0.676367
1994,"Animating brightness: target=38, rate=200",HIT,0,0.676530
1995,HBM brightnessIn =38,HIT,0,0.676692
1996,HBM brightnessOut =38,HIT,0,0.676854
1997,"Animating brightness: target=38, rate=200",HIT,0,0.677016
1998,HBM brightnessIn =38,HIT,0,0.677177
1999,HBM brightnessOut =38,HIT,0,0.677339
2000,"Animating brightness: target=38, rate=200",HIT,0,0.677500
