step,item,status,reinserts,hit_ratio
1,"printFreezingDisplayLogsopening app wtoken = AppWindowToken{9f4ef63 token=Token{a64f992 ActivityRecord{de9231d u0 com.tencent.qt.qtl/.activity.info.NewsDetailXmlActivity t761}}}, allDrawn= false, startingDisplayed =  false, startingMoved =  false, isRelaunching =  false",MISS,0,0.000000
2,"acquire lock=233570404, flags=0x1, tag=""View Lock"", name=com.android.systemui, ws=null, uid=10037, pid=2227",MISS,0,0.000000
3,"ready=true,policy=3,wakefulness=1,wksummary=0x23,uasummary=0x1,bootcompleted=true,boostinprogress=false,waitmodeenable=false,mode=false,manual=38,auto=-1,adj=0.0userId=0",MISS,0,0.000000
4,Skipping AppWindowToken{df0798e token=Token{78af589 ActivityRecord{3b04890 u0 com.tencent.qt.qtl/com.tencent.video.player.activity.PlayerActivity t761}}} -- going to hide,MISS,0,0.000000
5,visible is system.time.showampm,MISS,0,0.000000
6,mVisiblity.getValue is false,MISS,0,0.000000
7,visible is system.charge.show,MISS,0,0.000000
8,mVisiblity.getValue is false,HIT,0,0.125000
9,visible is system.call.count gt 0,MISS,0,0.111111
10,mVisiblity.getValue is false,HIT,0,0.200000
11,visible is system.message.count gt 0,MISS,0,0.181818
12,mVisiblity.getValue is false,HIT,0,0.250000
13,visible is system.ownerinfo.show,MISS,0,0.230769
14,mVisiblity.getValue is false,HIT,0,0.285714
15,"release:lock=233570404, flg=0x0, tag=""View Lock"", name=com.android.systemui"", ws=null, uid=10037, pid=2227",MISS,0,0.266667
16,"ready=true,policy=3,wakefulness=1,wksummary=0x23,uasummary=0x1,bootcompleted=true,boostinprogress=false,waitmodeenable=false,mode=false,manual=38,auto=-1,adj=0.0userId=0",HIT,0,0.312500
17,Skipping AppWindowToken{df0798e token=Token{78af589 ActivityRecord{3b04890 u0 com.tencent.qt.qtl/com.tencent.video.player.activity.PlayerActivity t761}}} -- going to hide,HIT,0,0.352941
18,"updateClipping isOverlap:false, getTopPadding=333.0, Translation=-24.0",MISS,0,0.333333
19,updateDimmedActivatedHideSensitive overlap:false,MISS,0,0.315789
20,getRunningAppProcesses: caller 10113 does not hold REAL_GET_TASKS; limiting output,MISS,0,0.300000
21,"release:lock=189667585, flg=0x0, tag=""*launch*"", name=android"", ws=WorkSource{10113}, uid=1000, pid=1702",MISS,0,0.285714
22,"ready=true,policy=3,wakefulness=1,wksummary=0x23,uasummary=0x1,bootcompleted=true,boostinprogress=false,waitmodeenable=false,mode=false,manual=38,auto=-1,adj=0.0userId=0",HIT,0,0.318182
23,"setSystemUiVisibility vis=40000500 mask=ffffffff oldVal=508 newVal=40000500 diff=40000008 fullscreenStackVis=0 dockedStackVis=0, fullscreenStackBounds=Rect(0, 0 - 720, 1280), dockedStackBounds=Rect(0, 0 - 0, 0)",MISS,0,0.304348
24,cancelAutohide,MISS,0,0.291667
25,"notifyUiVisibilityChanged:vis=0x40000500, SystemUiVisibility=0x40000500",MISS,0,0.280000
26,Destroying surface Surface(name=SurfaceView - com.tencent.qt.qtl/com.tencent.video.player.activity.PlayerActivity) called by com.android.server.wm.WindowStateAnimator.destroyDeferredSurfaceLocked:942 com.android.server.wm.WindowManagerService.performDeferredDestroyWindow:3407 com.android.server.wm.Session.performDeferredDestroy:225 android.view.IWindowSession$Stub.onTransact:398 com.android.server.wm.Session.onTransact:136 android.os.Binder.execTransact:565 <bottom of call stack> <bottom of call stack>,MISS,0,0.269231
27,Destroying surface Surface(name=com.tencent.qt.qtl/com.tencent.video.player.activity.PlayerActivity) called by com.android.server.wm.WindowStateAnimator.destroySurface:2060 com.android.server.wm.WindowStateAnimator.destroySurfaceLocked:913 com.android.server.wm.WindowState.destroyOrSaveSurface:2201 com.android.server.wm.WindowManagerService.tryStartExitingAnimation:3299 com.android.server.wm.WindowManagerService.relayoutWindow:3179 com.android.server.wm.Session.relayout:215 android.view.IWindowSession$Stub.onTransact:286 com.android.server.wm.Session.onTransact:136,MISS,0,0.259259
28,"release:lock=62617001, flg=0x0, tag=""WindowManager"", name=android"", ws=WorkSource{10113}, uid=1000, pid=1702",MISS,0,0.250000
29,"userActivityNoUpdateLocked: eventTime=261843648, event=0, flags=0x1, uid=1000",MISS,0,0.241379
30,"ready=true,policy=3,wakefulness=1,wksummary=0x1,uasummary=0x1,bootcompleted=true,boostinprogress=false,waitmodeenable=false,mode=false,manual=38,auto=-1,adj=0.0userId=0",MISS,0,0.233333
31,"orientation change is complete, call stopFreezingDisplayLocked",MISS,0,0.225806
32,Screen frozen for +1s0ms due to Window{ca98d5 u0 com.tencent.qt.qtl/com.tencent.qt.qtl.activity.info.NewsDetailXmlActivity},MISS,0,0.218750
33,startAnimation begin,MISS,0,0.212121
34,startAnimation end,MISS,0,0.205882
35,"release:lock=226887582, flg=0x0, tag=""SCREEN_FROZEN"", name=android"", ws=null, uid=1000, pid=1702",MISS,0,0.200000
36,"ready=true,policy=3,wakefulness=1,wksummary=0x1,uasummary=0x1,bootcompleted=true,boostinprogress=false,waitmodeenable=false,mode=false,manual=38,auto=-1,adj=0.0userId=0",HIT,0,0.222222
37,remove(PendingIntent{19abed0: PendingIntentRecord{a485420 com.tencent.qt.qtl broadcastIntent}}) changed bounds; rebatching,MISS,0,0.216216
38,"rotationForOrientationLw(orient=1, last=0); user=0 USER_ROTATION_LOCKED",MISS,0,0.210526
39,"Application requested orientation 1, got rotation 0 which has compatible metrics",MISS,0,0.205128
40,"acquire lock=166121161, flags=0x1, tag=""RILJ_ACK_WL"", name=com.android.phone, ws=null, uid=1001, pid=2626",MISS,0,0.200000
41,"ready=true,policy=3,wakefulness=1,wksummary=0x1,uasummary=0x1,bootcompleted=true,boostinprogress=false,waitmodeenable=false,mode=false,manual=38,auto=-1,adj=0.0userId=0",HIT,0,0.219512
42,"ready=true,policy=3,wakefulness=1,wksummary=0x1,uasummary=0x1,bootcompleted=true,boostinprogress=false,waitmodeenable=false,mode=false,manual=38,auto=-1,adj=0.0userId=0",HIT,0,0.238095
43,"ready=true,policy=3,wakefulness=1,wksummary=0x1,uasummary=0x1,bootcompleted=true,boostinprogress=false,waitmodeenable=false,mode=false,manual=38,auto=-1,adj=0.0userId=0",HIT,0,0.255814
44,"ready=true,policy=3,wakefulness=1,wksummary=0x1,uasummary=0x1,bootcompleted=true,boostinprogress=false,waitmodeenable=false,mode=false,manual=38,auto=-1,adj=0.0userId=0",HIT,0,0.272727
45,"ready=true,policy=3,wakefulness=1,wksummary=0x1,uasummary=0x1,bootcompleted=true,boostinprogress=false,waitmodeenable=false,mode=false,manual=38,auto=-1,adj=0.0userId=0",HIT,0,0.288889
46,"ready=true,policy=3,wakefulness=1,wksummary=0x1,uasummary=0x1,bootcompleted=true,boostinprogress=false,waitmodeenable=false,mode=false,manual=38,auto=-1,adj=0.0userId=0",HIT,0,0.304348
47,shouldBlockLocation running ...,MISS,0,0.297872
48,shouldBlockLocation  ret:false,MISS,0,0.291667
49,shouldBlockLocation running ...,HIT,0,0.306122
50,shouldBlockLocation  ret:false,HIT,0,0.320000
51,getNeighboringCellInfo calling app is com.amap.android.ams,MISS,0,0.313725
52,shouldBlockLocation running ...,HIT,0,0.326923
53,shouldBlockLocation  ret:false,HIT,0,0.339623
54,"ready=true,policy=3,wakefulness=1,wksummary=0x1,uasummary=0x1,bootcompleted=true,boostinprogress=false,waitmodeenable=false,mode=false,manual=38,auto=-1,adj=0.0userId=0",HIT,0,0.351852
55,"ready=true,policy=3,wakefulness=1,wksummary=0x1,uasummary=0x1,bootcompleted=true,boostinprogress=false,waitmodeenable=false,mode=false,manual=38,auto=-1,adj=0.0userId=0",HIT,0,0.363636
56,shouldBlockLocation running ...,HIT,0,0.375000
57,shouldBlockLocation  ret:false,HIT,0,0.385965
58,"ready=true,policy=3,wakefulness=1,wksummary=0x1,uasummary=0x1,bootcompleted=true,boostinprogress=false,waitmodeenable=false,mode=false,manual=38,auto=-1,adj=0.0userId=0",HIT,0,0.396552
59,"ready=true,policy=3,wakefulness=1,wksummary=0x1,uasummary=0x1,bootcompleted=true,boostinprogress=false,waitmodeenable=false,mode=false,manual=38,auto=-1,adj=0.0userId=0",HIT,0,0.406780
60,"ready=true,policy=3,wakefulness=1,wksummary=0x1,uasummary=0x1,bootcompleted=true,boostinprogress=false,waitmodeenable=false,mode=false,manual=38,auto=-1,adj=0.0userId=0",HIT,0,0.416667
61,"ready=true,policy=3,wakefulness=1,wksummary=0x1,uasummary=0x1,bootcompleted=true,boostinprogress=false,waitmodeenable=false,mode=false,manual=38,auto=-1,adj=0.0userId=0",HIT,0,0.426230
62,"release:lock=166121161, flg=0x0, tag=""RILJ_ACK_WL"", name=com.android.phone"", ws=null, uid=1001, pid=2626",MISS,0,0.419355
63,"ready=true,policy=3,wakefulness=1,wksummary=0x1,uasummary=0x1,bootcompleted=true,boostinprogress=false,waitmodeenable=false,mode=false,manual=38,auto=-1,adj=0.0userId=0",HIT,0,0.428571
64,shouldBlockLocation running ...,HIT,0,0.437500
65,shouldBlockLocation  ret:false,HIT,0,0.446154
66,"release:lock=264232593, flg=0x0, tag=""AudioMix"", name=audioserver"", ws=null, uid=1041, pid=0",MISS,0,0.439394
67,"ready=true,policy=3,wakefulness=1,wksummary=0x0,uasummary=0x1,bootcompleted=true,boostinprogress=false,waitmodeenable=false,mode=false,manual=38,auto=-1,adj=0.0userId=0",MISS,0,0.432836
68,"Releasing suspend blocker ""PowerManagerService.WakeLocks"".",MISS,0,0.426471
69,HBM brightnessIn =38,MISS,0,0.420290
70,HBM brightnessOut =38,MISS,0,0.414286
71,"Animating brightness: target=38, rate=200",MISS,0,0.408451
72,"userActivityNoUpdateLocked: eventTime=261849942, event=2, flags=0x0, uid=1000",MISS,0,0.402778
73,"ready=true,policy=3,wakefulness=1,wksummary=0x0,uasummary=0x1,bootcompleted=true,boostinprogress=false,waitmodeenable=false,mode=false,manual=38,auto=-1,adj=0.0userId=0",HIT,0,0.410959
74,suspendAutohide,MISS,0,0.405405
75,interceptKeyTq keycode=4 interactive=true keyguardActive=false policyFlags=2b000002 down true canceled false,MISS,0,0.400000
76,"interceptKeyBeforeQueueing: key 4 , result : 1",MISS,0,0.394737
77,"userActivityNoUpdateLocked: eventTime=261849949, event=1, flags=0x0, uid=1000",MISS,0,0.389610
78,"ready=true,policy=3,wakefulness=1,wksummary=0x0,uasummary=0x1,bootcompleted=true,boostinprogress=false,waitmodeenable=false,mode=false,manual=38,auto=-1,adj=0.0userId=0",HIT,0,0.397436
79,resumeSuspendedAutohide,MISS,0,0.392405
80,interceptKeyTq keycode=4 interactive=true keyguardActive=false policyFlags=2b000002 down false canceled false,MISS,0,0.387500
81,"interceptKeyBeforeQueueing: key 4 , result : 1",HIT,0,0.395062
82,querySoundEffectsEnabled...,MISS,0,0.390244
83,"acquire lock=189667585, flags=0x1, tag=""*launch*"", name=android, ws=WorkSource{10113}, uid=1000, pid=1702",MISS,0,0.385542
84,"ready=true,policy=3,wakefulness=1,wksummary=0x1,uasummary=0x1,bootcompleted=true,boostinprogress=false,waitmodeenable=false,mode=false,manual=38,auto=-1,adj=0.0userId=0",HIT,0,0.392857
85,"Acquiring suspend blocker ""PowerManagerService.WakeLocks"".",MISS,0,0.388235
86,Skipping AppWindowToken{9f4ef63 token=Token{a64f992 ActivityRecord{de9231d u0 com.tencent.qt.qtl/.activity.info.NewsDetailXmlActivity t761}}} -- going to hide,MISS,0,0.383721
87,"setSystemUiVisibility vis=508 mask=ffffffff oldVal=40000500 newVal=508 diff=40000008 fullscreenStackVis=0 dockedStackVis=0, fullscreenStackBounds=Rect(0, 0 - 720, 1280), dockedStackBounds=Rect(0, 0 - 0, 0)",MISS,0,0.379310
88,cancelAutohide,HIT,0,0.386364
89,"notifyUiVisibilityChanged:vis=0x508, SystemUiVisibility=0x508",MISS,0,0.382022
90,Bad activity token: android.os.BinderProxy@2bd79ce,MISS,0,0.377778
91,java.lang.ClassCastException: android.os.BinderProxy cannot be cast to com.android.server.am.ActivityRecord$Token,MISS,0,0.373626
92,Skipping AppWindowToken{9f4ef63 token=Token{a64f992 ActivityRecord{de9231d u0 com.tencent.qt.qtl/.activity.info.NewsDetailXmlActivity t761}}} -- going to hide,HIT,0,0.380435
93,"release:lock=189667585, flg=0x0, tag=""*launch*"", name=android"", ws=WorkSource{10113}, uid=1000, pid=1702",HIT,0,0.387097
94,"ready=true,policy=3,wakefulness=1,wksummary=0x0,uasummary=0x1,bootcompleted=true,boostinprogress=false,waitmodeenable=false,mode=false,manual=38,auto=-1,adj=0.0userId=0",HIT,0,0.393617
95,"Releasing suspend blocker ""PowerManagerService.WakeLocks"".",HIT,0,0.400000
96,"setSystemUiVisibility vis=40000500 mask=ffffffff oldVal=508 newVal=40000500 diff=40000008 fullscreenStackVis=0 dockedStackVis=0, fullscreenStackBounds=Rect(0, 0 - 720, 1280), dockedStackBounds=Rect(0, 0 - 0, 0)",HIT,0,0.406250
97,cancelAutohide,HIT,0,0.412371
98,"notifyUiVisibilityChanged:vis=0x40000500, SystemUiVisibility=0x40000500",HIT,0,0.418367
99,"userActivityNoUpdateLocked: eventTime=261850777, event=2, flags=0x0, uid=1000",MISS,0,0.414141
100,"ready=true,policy=3,wakefulness=1,wksummary=0x0,uasummary=0x1,bootcompleted=true,boostinprogress=false,waitmodeenable=false,mode=false,manual=38,auto=-1,adj=0.0userId=0",HIT,0,0.420000
101,suspendAutohide,HIT,0,0.425743
102,suspendAutohide,HIT,0,0.431373
103,"onTouchEvent::0, x=271.0, y=14.0",MISS,0,0.427184
104,schedulePeek,MISS,0,0.423077
105,getRingtonePlayer...,MISS,0,0.419048
106,disable: < expand ICONS* alerts SYSTEM_INFO* back home recent clock navigationbar search quick_settings >,MISS,0,0.415094
107,suspendAutohide,HIT,0,0.420561
108,"updateLightsLocked,mInCall =false,mScreenOn = true,ledNotification == null?true",MISS,0,0.416667
109,"updateLightsLocked,turn off notificationLight",MISS,0,0.412844
110,getRingtonePlayer...,HIT,0,0.418182
111,"updateLightsLocked,mInCall =false,mScreenOn = true,ledNotification == null?true",HIT,0,0.423423
112,"updateLightsLocked,turn off notificationLight",HIT,0,0.428571
113,"overlapAmount:196.0, previousNotificationEnd:0.0, newYTranslation:-196.0, location:4, i:0, getTopPadding:333.0, getLocationOnScreen():-529",MISS,0,0.424779
114,"state.clipTopAmount:180, i:0",MISS,0,0.421053
115,"updateClipping isOverlap:true, getTopPadding=333.0, Translation=-529.0",MISS,0,0.417391
116,updateDimmedActivatedHideSensitive overlap:true,MISS,0,0.413793
117,getRunningAppProcesses: caller 10113 does not hold REAL_GET_TASKS; limiting output,HIT,0,0.418803
118,"setSystemUiVisibility vis=40000600 mask=ffffffff oldVal=40000500 newVal=40000600 diff=300 fullscreenStackVis=0 dockedStackVis=0, fullscreenStackBounds=Rect(0, 0 - 720, 1280), dockedStackBounds=Rect(0, 0 - 0, 0)",MISS,0,0.415254
119,"notifyUiVisibilityChanged:vis=0x40000600, SystemUiVisibility=0x40000600",MISS,0,0.411765
120,suspendAutohide,HIT,0,0.416667
121,onExpandingStarted,MISS,0,0.413223
122,suspendAutohide,HIT,0,0.418033
123,onTrackingStarted,MISS,0,0.414634
124,Destroying surface Surface(name=com.tencent.qt.qtl/com.tencent.qt.qtl.activity.info.NewsDetailXmlActivity) called by com.android.server.wm.WindowStateAnimator.destroySurface:2060 com.android.server.wm.WindowStateAnimator.destroySurfaceLocked:913 com.android.server.wm.WindowState.removeLocked:1554 com.android.server.wm.WindowManagerService.removeWindowInnerLocked:2739 com.android.server.wm.WindowManagerService.removeWindowInnerLocked:2702 com.android.server.wm.WindowManagerService.removeWindowLocked:2691 com.android.server.wm.WindowManagerService.removeWindowLocked:2560 com.android.server.wm.WindowManagerService.removeWindow:2555,MISS,0,0.411290
125,suspendAutohide,HIT,0,0.416000
126,"overlapAmount:146.0, previousNotificationEnd:0.0, newYTranslation:-146.0, location:4, i:0, getTopPadding:333.0, getLocationOnScreen():-479",MISS,0,0.412698
127,"state.clipTopAmount:130, i:0",MISS,0,0.409449
128,"updateClipping isOverlap:true, getTopPadding=333.0, Translation=-479.0",MISS,0,0.406250
129,updateDimmedActivatedHideSensitive overlap:true,MISS,0,0.403101
130,suspendAutohide,HIT,0,0.407692
131,"overlapAmount:119.0, previousNotificationEnd:0.0, newYTranslation:-119.0, location:4, i:0, getTopPadding:333.0, getLocationOnScreen():-452",MISS,0,0.404580
132,"state.clipTopAmount:103, i:0",MISS,0,0.401515
133,"updateClipping isOverlap:true, getTopPadding=333.0, Translation=-452.0",MISS,0,0.398496
134,updateDimmedActivatedHideSensitive overlap:true,MISS,0,0.395522
135,suspendAutohide,HIT,0,0.400000
136,"overlapAmount:85.0, previousNotificationEnd:0.0, newYTranslation:-85.0, location:4, i:0, getTopPadding:333.0, getLocationOnScreen():-418",MISS,0,0.397059
137,"state.clipTopAmount:69, i:0",MISS,0,0.394161
138,"updateClipping isOverlap:true, getTopPadding=333.0, Translation=-418.0",MISS,0,0.391304
139,updateDimmedActivatedHideSensitive overlap:true,MISS,0,0.388489
140,suspendAutohide,HIT,0,0.392857
141,"overlapAmount:46.0, previousNotificationEnd:0.0, newYTranslation:-46.0, location:4, i:0, getTopPadding:333.0, getLocationOnScreen():-379",MISS,0,0.390071
142,"state.clipTopAmount:30, i:0",MISS,0,0.387324
143,"updateClipping isOverlap:true, getTopPadding=333.0, Translation=-379.0",MISS,0,0.384615
144,updateDimmedActivatedHideSensitive overlap:true,MISS,0,0.381944
145,suspendAutohide,HIT,0,0.386207
146,"overlapAmount:5.0, previousNotificationEnd:0.0, newYTranslation:-5.0, location:4, i:0, getTopPadding:333.0, getLocationOnScreen():-338",MISS,0,0.383562
147,"state.clipTopAmount:-1, i:0",MISS,0,0.380952
148,"updateClipping isOverlap:true, getTopPadding=333.0, Translation=-338.0",MISS,0,0.378378
149,updateDimmedActivatedHideSensitive overlap:true,MISS,0,0.375839
150,suspendAutohide,HIT,0,0.380000
151,"updateClipping isOverlap:false, getTopPadding=333.0, Translation=-293.0",MISS,0,0.377483
152,updateDimmedActivatedHideSensitive overlap:false,MISS,0,0.375000
153,suspendAutohide,HIT,0,0.379085
154,"updateClipping isOverlap:false, getTopPadding=333.0, Translation=-250.0",MISS,0,0.376623
155,updateDimmedActivatedHideSensitive overlap:false,MISS,0,0.374194
156,suspendAutohide,HIT,0,0.378205
157,suspendAutohide,HIT,0,0.382166
158,"onTouchEvent::1, x=296.0, y=327.0",MISS,0,0.379747
159,cancelPeek: false,MISS,0,0.377358
160,"flingToHeight: vel=2849.079, expand=true, target=553.0, collapseSpeedUpFactor=1.0, expandBecauseOfFalsing=false",MISS,0,0.375000
161,onTrackingStopped: true,MISS,0,0.372671
162,"updateClipping isOverlap:false, getTopPadding=333.0, Translation=-240.0",MISS,0,0.370370
163,updateDimmedActivatedHideSensitive overlap:false,MISS,0,0.368098
164,"updateClipping isOverlap:false, getTopPadding=333.0, Translation=-200.0",MISS,0,0.365854
165,updateDimmedActivatedHideSensitive overlap:false,MISS,0,0.363636
166,"updateClipping isOverlap:false, getTopPadding=333.0, Translation=-168.0",MISS,0,0.361446
167,updateDimmedActivatedHideSensitive overlap:false,MISS,0,0.359281
168,"updateClipping isOverlap:false, getTopPadding=333.0, Translation=-139.0",MISS,0,0.357143
169,updateDimmedActivatedHideSensitive overlap:false,MISS,0,0.355030
170,"updateClipping isOverlap:false, getTopPadding=333.0, Translation=-113.0",MISS,0,0.352941
171,updateDimmedActivatedHideSensitive overlap:false,MISS,0,0.350877
172,"updateClipping isOverlap:false, getTopPadding=333.0, Translation=-90.0",MISS,0,0.348837
173,updateDimmedActivatedHideSensitive overlap:false,MISS,0,0.346821
174,"updateClipping isOverlap:false, getTopPadding=333.0, Translation=-72.0",MISS,0,0.344828
175,updateDimmedActivatedHideSensitive overlap:false,MISS,0,0.342857
176,"updateClipping isOverlap:false, getTopPadding=333.0, Translation=-55.0",MISS,0,0.340909
177,updateDimmedActivatedHideSensitive overlap:false,MISS,0,0.338983
178,"updateClipping isOverlap:false, getTopPadding=333.0, Translation=-40.0",MISS,0,0.337079
179,updateDimmedActivatedHideSensitive overlap:false,MISS,0,0.335196
180,"updateClipping isOverlap:false, getTopPadding=333.0, Translation=-29.0",MISS,0,0.333333
181,updateDimmedActivatedHideSensitive overlap:false,MISS,0,0.331492
182,"updateClipping isOverlap:false, getTopPadding=333.0, Translation=-19.0",MISS,0,0.329670
183,updateDimmedActivatedHideSensitive overlap:false,MISS,0,0.327869
184,"updateClipping isOverlap:false, getTopPadding=333.0, Translation=-11.0",MISS,0,0.326087
185,updateDimmedActivatedHideSensitive overlap:false,MISS,0,0.324324
186,"updateClipping isOverlap:false, getTopPadding=333.0, Translation=-6.0",MISS,0,0.322581
187,updateDimmedActivatedHideSensitive overlap:false,MISS,0,0.320856
188,"updateClipping isOverlap:false, getTopPadding=333.0, Translation=-2.0",MISS,0,0.319149
189,updateDimmedActivatedHideSensitive overlap:false,MISS,0,0.317460
190,"updateClipping isOverlap:false, getTopPadding=333.0, Translation=-1.0",MISS,0,0.315789
191,updateDimmedActivatedHideSensitive overlap:false,MISS,0,0.314136
192,onExpandingFinished,MISS,0,0.312500
193,"updateClipping isOverlap:false, getTopPadding=333.0, Translation=0.0",MISS,0,0.310881
194,updateDimmedActivatedHideSensitive overlap:false,MISS,0,0.309278
195,Sending non-protected broadcast com.android.systemui.statusbar.visible.change from system 2227:com.android.systemui/u0a37 pkg com.android.systemui,MISS,0,0.307692
196,logNotificationVisibilityChanges runInThread start,MISS,0,0.306122
197,onNotificationVisibilityChanged called,MISS,0,0.304569
198,logNotificationVisibilityChanges runInThread over,MISS,0,0.303030
199,isSimPinSecure mSimDatas is null or empty,MISS,0,0.301508
200,registerCallback not in UI.,MISS,0,0.300000
201,android.util.AndroidRuntimeException: Must execute in UI,MISS,0,0.298507
202,*** register callback for com.android.systemui.statusbar.policy.KeyguardMonitor@712d093,MISS,0,0.297030
203,registerCallback not in UI.,HIT,0,0.300493
204,android.util.AndroidRuntimeException: Must execute in UI,MISS,0,0.299020
205,*** unregister callback for null,MISS,0,0.297561
206,[PhoneIntfMgr] getDataEnabled: subId=1 phoneId=1,MISS,0,0.296117
207,[PhoneIntfMgr] getDataEnabled: subId=1 retVal=true,MISS,0,0.294686
208,"userActivityNoUpdateLocked: eventTime=261851646, event=2, flags=0x0, uid=1000",MISS,0,0.293269
209,"ready=true,policy=3,wakefulness=1,wksummary=0x0,uasummary=0x1,bootcompleted=true,boostinprogress=false,waitmodeenable=false,mode=false,manual=38,auto=-1,adj=0.0userId=0",HIT,0,0.296651
210,"onInterceptTouchEvent MotionEvent { action=ACTION_DOWN, actionButton=0, id[0]=0, x[0]=317.0, y[0]=419.0, toolType[0]=TOOL_TYPE_FINGER, buttonState=0, metaState=0, flags=0x0, edgeFlags=0x0, pointerCount=1, historySize=0, eventTime=261851646, downTime=261851646, deviceId=3, source=0x1002 }, mBlockTouches=false",MISS,0,0.295238
211,"updateClipping isOverlap:false, getTopPadding=333.0, Translation=0.0",MISS,0,0.293839
212,updateDimmedActivatedHideSensitive overlap:false,HIT,0,0.297170
213,"onInterceptTouchEvent MotionEvent { action=ACTION_UP, actionButton=0, id[0]=0, x[0]=317.0, y[0]=419.0, toolType[0]=TOOL_TYPE_FINGER, buttonState=0, metaState=0, flags=0x0, edgeFlags=0x0, pointerCount=1, historySize=0, eventTime=261851713, downTime=261851646, deviceId=3, source=0x1002 }, mBlockTouches=false",MISS,0,0.295775
214,playSoundEffect   effectType: 0,MISS,0,0.294393
215,querySoundEffectsEnabled...,MISS,0,0.293023
216,"animateCollapsePanels:flags=2, force=true, delayed=true, mExpandedVisible=true",MISS,0,0.291667
217,onExpandingStarted,MISS,0,0.290323
218,logNotificationVisibilityChanges runInThread start,HIT,0,0.293578
219,onNotificationVisibilityChanged called,MISS,0,0.292237
220,logNotificationVisibilityChanges runInThread over,HIT,0,0.295455
221,START u0 {act=com.tencent.mobileqq.action.MAINACTIVITY flg=0x14000000 cmp=com.tencent.mobileqq/.activity.SplashActivity (has extras)} from uid 10111 on display 0,MISS,0,0.294118
222,"ActivityRecord info: ActivityInfo{d1c8e63 com.tencent.mobileqq.activity.SplashActivity}, euid: 0",MISS,0,0.292793
223,"setSystemUiVisibility vis=40000500 mask=ffffffff oldVal=40000600 newVal=40000500 diff=300 fullscreenStackVis=0 dockedStackVis=0, fullscreenStackBounds=Rect(0, 0 - 720, 1280), dockedStackBounds=Rect(0, 0 - 0, 0)",MISS,0,0.291480
224,"notifyUiVisibilityChanged:vis=0x40000500, SystemUiVisibility=0x40000500",HIT,0,0.294643
225,"acquire lock=189667585, flags=0x1, tag=""*launch*"", name=android, ws=WorkSource{10111}, uid=1000, pid=1702",MISS,0,0.293333
226,"ready=true,policy=3,wakefulness=1,wksummary=0x1,uasummary=0x1,bootcompleted=true,boostinprogress=false,waitmodeenable=false,mode=false,manual=38,auto=-1,adj=0.0userId=0",HIT,0,0.296460
227,"Acquiring suspend blocker ""PowerManagerService.WakeLocks"".",MISS,0,0.295154
228,onNotificationClick called,MISS,0,0.293860
229,"cancelNotification,index:0",MISS,0,0.292576
230,"cancelNotification,cancelNotificationLocked,callingUid = 10037,callingPid = 2227",MISS,0,0.291304
231,"cancelNotificationLocked called,tell the app,reason = 1",MISS,0,0.290043
232,cancelNotificationLocked:0|com.tencent.mobileqq|121|null|10111,MISS,0,0.288793
233,"cancelNotificationLocked,remove =com.tencent.mobileqq",MISS,0,0.287554
234,applyOptionsLocked: Unknown animationType=0,MISS,0,0.286325
235,cancelPeek: false,MISS,0,0.285106
236,"flingToHeight: vel=0.0, expand=false, target=0.0, collapseSpeedUpFactor=1.0, expandBecauseOfFalsing=false",MISS,0,0.283898
237,"updateClipping isOverlap:false, getTopPadding=333.0, Translation=-6.0",HIT,0,0.286920
238,updateDimmedActivatedHideSensitive overlap:false,HIT,0,0.289916
239,"updateClipping isOverlap:false, getTopPadding=333.0, Translation=-21.0",MISS,0,0.288703
240,updateDimmedActivatedHideSensitive overlap:false,HIT,0,0.291667
241,"updateClipping isOverlap:false, getTopPadding=333.0, Translation=-43.0",MISS,0,0.290456
242,updateDimmedActivatedHideSensitive overlap:false,HIT,0,0.293388
243,"Taking screenshot from Surface with crop:[Rect(0, 48 - 720, 1208)], width:[432], height:[696], minLayer:[21085], maxLayer:[21085], inRotation:[false], rot:[0]",MISS,0,0.292181
244,"updateClipping isOverlap:false, getTopPadding=333.0, Translation=-70.0",MISS,0,0.290984
245,updateDimmedActivatedHideSensitive overlap:false,HIT,0,0.293878
246,"updateClipping isOverlap:false, getTopPadding=333.0, Translation=-102.0",MISS,0,0.292683
247,updateDimmedActivatedHideSensitive overlap:false,HIT,0,0.295547
248,"updateClipping isOverlap:false, getTopPadding=333.0, Translation=-139.0",HIT,0,0.298387
249,updateDimmedActivatedHideSensitive overlap:false,HIT,0,0.301205
250,"updateLightsLocked,mInCall =false,mScreenOn = true,ledNotification == null?true",HIT,0,0.304000
251,"updateLightsLocked,turn off notificationLight",HIT,0,0.306773
252,"updateClipping isOverlap:false, getTopPadding=333.0, Translation=-178.0",MISS,0,0.305556
253,updateDimmedActivatedHideSensitive overlap:false,HIT,0,0.308300
254,"updateClipping isOverlap:false, getTopPadding=333.0, Translation=-222.0",MISS,0,0.307087
255,updateDimmedActivatedHideSensitive overlap:false,HIT,0,0.309804
256,"updateClipping isOverlap:false, getTopPadding=333.0, Translation=-270.0",MISS,0,0.308594
257,updateDimmedActivatedHideSensitive overlap:false,HIT,0,0.311284
258,removeNotification:0|com.tencent.mobileqq|121|null|10111,MISS,0,0.310078
259,"updateNotificationShade: total=0, active=0",MISS,0,0.308880
260,"animateCollapsePanels:flags=0, force=false, delayed=false, mExpandedVisible=true",MISS,0,0.307692
261,"updateClipping isOverlap:false, getTopPadding=333.0, Translation=-321.0",MISS,0,0.306513
262,updateDimmedActivatedHideSensitive overlap:false,HIT,0,0.309160
263,The change in focus caused us to need to do a layout begin,MISS,0,0.307985
264,The change in focus caused us to need to do a layout end,MISS,0,0.306818
265,"overlapAmount:95.0, previousNotificationEnd:0.0, newYTranslation:-95.0, location:4, i:0, getTopPadding:333.0, getLocationOnScreen():-428",MISS,0,0.305660
266,"state.clipTopAmount:79, i:0",MISS,0,0.304511
267,"updateClipping isOverlap:true, getTopPadding=333.0, Translation=-428.0",MISS,0,0.303371
268,updateDimmedActivatedHideSensitive overlap:true,MISS,0,0.302239
269,"setSystemUiVisibility vis=508 mask=ffffffff oldVal=40000500 newVal=508 diff=40000008 fullscreenStackVis=0 dockedStackVis=0, fullscreenStackBounds=Rect(0, 0 - 720, 1280), dockedStackBounds=Rect(0, 0 - 0, 0)",MISS,0,0.301115
270,cancelAutohide,HIT,0,0.303704
271,"notifyUiVisibilityChanged:vis=0x508, SystemUiVisibility=0x508",MISS,0,0.302583
272,setLightsOn(true),MISS,0,0.301471
273,"setSystemUiVisibility vis=0 mask=1 oldVal=508 newVal=508 diff=0 fullscreenStackVis=0 dockedStackVis=0, fullscreenStackBounds=Rect(0, 0 - 0, 0), dockedStackBounds=Rect(0, 0 - 0, 0)",MISS,0,0.300366
274,"overlapAmount:154.0, previousNotificationEnd:0.0, newYTranslation:-154.0, location:4, i:0, getTopPadding:333.0, getLocationOnScreen():-487",MISS,0,0.299270
275,"state.clipTopAmount:138, i:0",MISS,0,0.298182
276,"updateClipping isOverlap:true, getTopPadding=333.0, Translation=-487.0",MISS,0,0.297101
277,updateDimmedActivatedHideSensitive overlap:true,MISS,0,0.296029
278,"overlapAmount:213.0, previousNotificationEnd:0.0, newYTranslation:-213.0, location:4, i:0, getTopPadding:333.0, getLocationOnScreen():-546",MISS,0,0.294964
279,"state.clipTopAmount:197, i:0",MISS,0,0.293907
280,"updateClipping isOverlap:true, getTopPadding=333.0, Translation=-546.0",MISS,0,0.292857
281,updateDimmedActivatedHideSensitive overlap:true,MISS,0,0.291815
282,"updateNotificationShade: total=0, active=0",MISS,0,0.290780
283,removeNotificationChildren,MISS,0,0.289753
284,onExpandingFinished,MISS,0,0.288732
285,"updateNotificationShade: total=0, active=0",HIT,0,0.291228
286,removeNotificationChildren,MISS,0,0.290210
287,Sending non-protected broadcast com.android.systemui.statusbar.visible.change from system 2227:com.android.systemui/u0a37 pkg com.android.systemui,MISS,0,0.289199
288,"updateClipping isOverlap:false, getTopPadding=333.0, Translation=0.0",HIT,0,0.291667
289,updateDimmedActivatedHideSensitive overlap:false,HIT,0,0.294118
290,"Skipping, withExcluded: false, tr.intent:Intent { flg=0x10804000 cmp=com.android.systemui/.recents.RecentsActivity bnds=[264,444][920,908] }",MISS,0,0.293103
291,"Skipping, withExcluded: false, tr.intent:Intent { act=android.intent.action.MAIN flg=0x10840000 cmp=com.android.incallui/.InCallActivity (has extras) }",MISS,0,0.292096
292,"Skipping, withExcluded: false, tr.intent:Intent { flg=0x18800000 cmp=com.tencent.mm/.plugin.base.stub.WXEntryActivity (has extras) }",MISS,0,0.291096
293,"Skipping, withExcluded: false, tr.intent:Intent { flg=0x10800000 cmp=com.tencent.qqmusic/.business.lockscreen.LockScreenActivity (has extras) }",MISS,0,0.290102
294,"Skipping, withExcluded: false, tr.intent:Intent { act=com.android.contacts.action.CHOOSE_SUB dat=tel:xxxxxxxxxxx flg=0x10808000 cmp=com.android.contacts/.ChooseSubActivity (has extras) }",MISS,0,0.289116
295,"Skipping, withExcluded: false, tr.intent:Intent { act=android.intent.action.VIEW dat=file:///storage/emulated/0/Tencent/QQfile_recv/b.apk typ=application/vnd.android.package-archive flg=0x10800000 cmp=com.android.packageinstaller/.PackageInstallerActivity (has extras) }",MISS,0,0.288136
296,"getRecentTasks: num=20,flags=62,totalTasks=46",MISS,0,0.287162
297,getRecentTasks: topActivity=ComponentInfo{com.tencent.mobileqq/com.tencent.mobileqq.activity.SplashActivity},MISS,0,0.286195
298,"ready=true,policy=3,wakefulness=1,wksummary=0x1,uasummary=0x1,bootcompleted=true,boostinprogress=false,waitmodeenable=false,mode=false,manual=38,auto=-1,adj=0.0userId=0",HIT,0,0.288591
299,"Skipping, withExcluded: false, tr.intent:Intent { flg=0x10804000 cmp=com.android.systemui/.recents.RecentsActivity bnds=[264,444][920,908] }",HIT,0,0.290970
300,"Skipping, withExcluded: false, tr.intent:Intent { act=android.intent.action.MAIN flg=0x10840000 cmp=com.android.incallui/.InCallActivity (has extras) }",HIT,0,0.293333
301,"Skipping, withExcluded: false, tr.intent:Intent { flg=0x18800000 cmp=com.tencent.mm/.plugin.base.stub.WXEntryActivity (has extras) }",MISS,0,0.292359
302,"getRecentTasks: num=10,flags=62,totalTasks=46",MISS,0,0.291391
303,getRecentTasks: topActivity=ComponentInfo{com.tencent.mobileqq/com.tencent.mobileqq.activity.SplashActivity},HIT,0,0.293729
304,"cancelNotificationWithTag pid 28601,uid = 10111,tag = null,pkg =com.tencent.mobileqq,id =121",MISS,0,0.292763
305,"cancelNotification,index:-1",MISS,0,0.291803
306,"cancelNotificationWithTag pid 28601,uid = 10111,tag = null,pkg =com.tencent.mobileqq,id =119",MISS,0,0.290850
307,"cancelNotification,index:-1",MISS,0,0.289902
308,"cancelNotificationWithTag pid 28601,uid = 10111,tag = null,pkg =com.tencent.mobileqq,id =122",MISS,0,0.288961
309,setLightsOn(true),HIT,0,0.291262
310,"setSystemUiVisibility vis=0 mask=1 oldVal=508 newVal=508 diff=0 fullscreenStackVis=0 dockedStackVis=0, fullscreenStackBounds=Rect(0, 0 - 0, 0), dockedStackBounds=Rect(0, 0 - 0, 0)",MISS,0,0.290323
311,"setSystemUiVisibility vis=40000500 mask=ffffffff oldVal=508 newVal=40000500 diff=40000008 fullscreenStackVis=0 dockedStackVis=0, fullscreenStackBounds=Rect(0, 0 - 720, 1280), dockedStackBounds=Rect(0, 0 - 0, 0)",HIT,0,0.292605
312,cancelAutohide,HIT,0,0.294872
313,"notifyUiVisibilityChanged:vis=0x40000500, SystemUiVisibility=0x40000500",HIT,0,0.297125
314,makeExpandedInvisible: mExpandedVisible=true,MISS,0,0.296178
315,closeQs,MISS,0,0.295238
316,cancelPeek: false,HIT,0,0.297468
317,instantCollapse,MISS,0,0.296530
318,cancelPeek: false,HIT,0,0.298742
319,closeQs,HIT,0,0.300940
320,resumeSuspendedAutohide,MISS,0,0.300000
321,disable: < expand icons* alerts system_info* back home recent clock navigationbar search quick_settings >,MISS,0,0.299065
322,"cancelNotificationWithTag pid 28601,uid = 10111,tag = null,pkg =com.tencent.mobileqq,id =123",MISS,0,0.298137
323,"cancelNotification,index:-1",MISS,0,0.297214
324,"cancelNotification,index:-1",MISS,0,0.296296
325,getRunningAppProcesses: caller 10111 does not hold REAL_GET_TASKS; limiting output,MISS,0,0.295385
326,"release:lock=189667585, flg=0x0, tag=""*launch*"", name=android"", ws=WorkSource{10111}, uid=1000, pid=1702",MISS,0,0.294479
327,"ready=true,policy=3,wakefulness=1,wksummary=0x1,uasummary=0x1,bootcompleted=true,boostinprogress=false,waitmodeenable=false,mode=false,manual=38,auto=-1,adj=0.0userId=0",HIT,0,0.296636
328,"cancelNotificationWithTag pid 28601,uid = 10111,tag = null,pkg =com.tencent.mobileqq,id =129",MISS,0,0.295732
329,"cancelNotification,index:-1",HIT,0,0.297872
330,"cancelNotificationWithTag pid 28601,uid = 10111,tag = null,pkg =com.tencent.mobileqq,id =135",MISS,0,0.296970
331,"cancelNotificationWithTag pid 28601,uid = 10111,tag = null,pkg =com.tencent.mobileqq,id =140",MISS,0,0.296073
332,"cancelNotificationWithTag pid 28601,uid = 10111,tag = null,pkg =com.tencent.mobileqq,id =144",MISS,0,0.295181
333,"cancelNotification,index:-1",HIT,0,0.297297
334,"cancelNotification,index:-1",HIT,0,0.299401
335,"cancelNotification,index:-1",HIT,0,0.301493
336,"cancelNotificationWithTag pid 28601,uid = 10111,tag = null,pkg =com.tencent.mobileqq,id =193",MISS,0,0.300595
337,"cancelNotification,index:-1",HIT,0,0.302671
338,"ready=true,policy=3,wakefulness=1,wksummary=0x0,uasummary=0x1,bootcompleted=true,boostinprogress=false,waitmodeenable=false,mode=false,manual=38,auto=-1,adj=0.0userId=0",HIT,0,0.304734
339,"Releasing suspend blocker ""PowerManagerService.WakeLocks"".",HIT,0,0.306785
340,"updateClipping isOverlap:false, getTopPadding=333.0, Translation=0.0",HIT,0,0.308824
341,updateDimmedActivatedHideSensitive overlap:false,HIT,0,0.310850
342,setLightsOn(true),HIT,0,0.312865
343,"setSystemUiVisibility vis=0 mask=1 oldVal=40000500 newVal=40000500 diff=0 fullscreenStackVis=0 dockedStackVis=0, fullscreenStackBounds=Rect(0, 0 - 0, 0), dockedStackBounds=Rect(0, 0 - 0, 0)",MISS,0,0.311953
344,registerCallback not in UI.,HIT,0,0.313953
345,android.util.AndroidRuntimeException: Must execute in UI,MISS,0,0.313043
346,*** unregister callback for com.android.systemui.statusbar.policy.KeyguardMonitor@712d093,MISS,0,0.312139
347,setLightsOn(true),HIT,0,0.314121
348,"setSystemUiVisibility vis=0 mask=1 oldVal=40000500 newVal=40000500 diff=0 fullscreenStackVis=0 dockedStackVis=0, fullscreenStackBounds=Rect(0, 0 - 0, 0), dockedStackBounds=Rect(0, 0 - 0, 0)",MISS,0,0.313218
349,setLightsOn(true),HIT,0,0.315186
350,"setSystemUiVisibility vis=0 mask=1 oldVal=40000500 newVal=40000500 diff=0 fullscreenStackVis=0 dockedStackVis=0, fullscreenStackBounds=Rect(0, 0 - 0, 0), dockedStackBounds=Rect(0, 0 - 0, 0)",HIT,0,0.317143
351,setLightsOn(true),HIT,0,0.319088
352,"setSystemUiVisibility vis=0 mask=1 oldVal=40000500 newVal=40000500 diff=0 fullscreenStackVis=0 dockedStackVis=0, fullscreenStackBounds=Rect(0, 0 - 0, 0), dockedStackBounds=Rect(0, 0 - 0, 0)",HIT,0,0.321023
353,getTasks: caller 10113 does not hold REAL_GET_TASKS; limiting output,MISS,0,0.320113
354,setLightsOn(true),HIT,0,0.322034
355,"setSystemUiVisibility vis=0 mask=1 oldVal=40000500 newVal=40000500 diff=0 fullscreenStackVis=0 dockedStackVis=0, fullscreenStackBounds=Rect(0, 0 - 0, 0), dockedStackBounds=Rect(0, 0 - 0, 0)",HIT,0,0.323944
356,Destroying surface Surface(name=com.tencent.qt.qtl/com.tencent.qt.qtl.activity.main.MainTabActivity) called by com.android.server.wm.WindowStateAnimator.destroySurface:2060 com.android.server.wm.WindowStateAnimator.destroySurfaceLocked:913 com.android.server.wm.WindowState.destroyOrSaveSurface:2201 com.android.server.wm.AppWindowToken.destroySurfaces:374 com.android.server.wm.AppWindowToken.notifyAppStopped:400 com.android.server.wm.WindowManagerService.notifyAppStopped:4869 com.android.server.am.ActivityStack.activityStoppedLocked:1393 com.android.server.am.ActivityManagerService.activityStopped:7690,MISS,0,0.323034
357,HBM brightnessIn =38,MISS,0,0.322129
358,HBM brightnessOut =38,MISS,0,0.321229
359,"Animating brightness: target=38, rate=200",MISS,0,0.320334
360,getTasks: caller 10111 does not hold REAL_GET_TASKS; limiting output,MISS,0,0.319444
361,isMusicActive...,MISS,0,0.318560
362,isMusicActive...,HIT,0,0.320442
363,"Start dump, calling from : pid=12782, uid=1000",MISS,0,0.319559
364,HBM brightnessIn =38,HIT,0,0.321429
365,HBM brightnessOut =38,MISS,0,0.320548
366,"Animating brightness: target=38, rate=200",HIT,0,0.322404
367,getRunningAppProcesses: caller 10113 does not hold REAL_GET_TASKS; limiting output,HIT,0,0.324251
368,getRunningAppProcesses: caller 10113 does not hold REAL_GET_TASKS; limiting output,HIT,0,0.326087
369,getRunningAppProcesses: caller 10113 does not hold REAL_GET_TASKS; limiting output,HIT,0,0.327913
370,"acquire lock=237091223, flags=0x1, tag=""WiredAccessoryManager"", name=android, ws=null, uid=1000, pid=1702",MISS,0,0.327027
371,"ready=true,policy=3,wakefulness=1,wksummary=0x1,uasummary=0x1,bootcompleted=true,boostinprogress=false,waitmodeenable=false,mode=false,manual=38,auto=-1,adj=0.0userId=0",HIT,0,0.328841
372,"Acquiring suspend blocker ""PowerManagerService.WakeLocks"".",MISS,0,0.327957
373,setWiredDeviceConnectionState  type: -2147483632  state: 0,MISS,0,0.327078
374,"acquire lock=86152250, flags=0x1, tag=""handleAudioEvent"", name=android, ws=null, uid=1000, pid=1702",MISS,0,0.326203
375,"ready=true,policy=3,wakefulness=1,wksummary=0x1,uasummary=0x1,bootcompleted=true,boostinprogress=false,waitmodeenable=false,mode=false,manual=38,auto=-1,adj=0.0userId=0",HIT,0,0.328000
376,setWiredDeviceConnectionState  type: 4  state: 0,MISS,0,0.327128
377,"release:lock=237091223, flg=0x0, tag=""WiredAccessoryManager"", name=android"", ws=null, uid=1000, pid=1702",MISS,0,0.326260
378,"ready=true,policy=3,wakefulness=1,wksummary=0x1,uasummary=0x1,bootcompleted=true,boostinprogress=false,waitmodeenable=false,mode=false,manual=38,auto=-1,adj=0.0userId=0",HIT,0,0.328042
379,isMusicActive...,HIT,0,0.329815
380,"ActivityManagerService,attachApplication,callingPid = 12787",MISS,0,0.328947
381,getRunningAppProcesses: caller 10111 does not hold REAL_GET_TASKS; limiting output,MISS,0,0.328084
382,HBM brightnessIn =38,HIT,0,0.329843
383,HBM brightnessOut =38,HIT,0,0.331593
384,"Animating brightness: target=38, rate=200",HIT,0,0.333333
385,"acquire lock=219829192, flags=0x1, tag=""AudioMix"", name=audioserver, ws=null, uid=1041, pid=0",MISS,0,0.332468
386,"ready=true,policy=3,wakefulness=1,wksummary=0x1,uasummary=0x1,bootcompleted=true,boostinprogress=false,waitmodeenable=false,mode=false,manual=38,auto=-1,adj=0.0userId=0",HIT,0,0.334197
387,"release:lock=86152250, flg=0x0, tag=""handleAudioEvent"", name=android"", ws=null, uid=1000, pid=1702",MISS,0,0.333333
388,"ready=true,policy=3,wakefulness=1,wksummary=0x1,uasummary=0x1,bootcompleted=true,boostinprogress=false,waitmodeenable=false,mode=false,manual=38,auto=-1,adj=0.0userId=0",HIT,0,0.335052
389,isBluetoothA2dpOn...,MISS,0,0.334190
390,isMusicActive...,HIT,0,0.335897
391,isBluetoothScoOn...,MISS,0,0.335038
392,getLastAudibleStreamVolume  treamType: 0,MISS,0,0.334184
393,"ready=true,policy=3,wakefulness=1,wksummary=0x1,uasummary=0x1,bootcompleted=true,boostinprogress=false,waitmodeenable=false,mode=false,manual=38,auto=-1,adj=0.0userId=0",HIT,0,0.335878
394,"ready=true,policy=3,wakefulness=1,wksummary=0x1,uasummary=0x1,bootcompleted=true,boostinprogress=false,waitmodeenable=false,mode=false,manual=38,auto=-1,adj=0.0userId=0",HIT,0,0.337563
395,"cancelNotification,index:-1",HIT,0,0.339241
396,getRunningAppProcesses: caller 10091 does not hold REAL_GET_TASKS; limiting output,MISS,0,0.338384
397,getRunningAppProcesses: caller 10091 does not hold REAL_GET_TASKS; limiting output,HIT,0,0.340050
398,"ready=true,policy=3,wakefulness=1,wksummary=0x1,uasummary=0x1,bootcompleted=true,boostinprogress=false,waitmodeenable=false,mode=false,manual=38,auto=-1,adj=0.0userId=0",HIT,0,0.341709
399,getRunningAppProcesses: caller 10091 does not hold REAL_GET_TASKS; limiting output,HIT,0,0.343358
400,getRunningAppProcesses: caller 10091 does not hold REAL_GET_TASKS; limiting output,HIT,0,0.345000
401,getRunningAppProcesses: caller 10091 does not hold REAL_GET_TASKS; limiting output,HIT,0,0.346633
402,getLastAudibleStreamVolume  treamType: 1,MISS,0,0.345771
403,getLastAudibleStreamVolume  treamType: 2,MISS,0,0.344913
404,getRunningAppProcesses: caller 10091 does not hold REAL_GET_TASKS; limiting output,HIT,0,0.346535
405,"ready=true,policy=3,wakefulness=1,wksummary=0x1,uasummary=0x1,bootcompleted=true,boostinprogress=false,waitmodeenable=false,mode=false,manual=38,auto=-1,adj=0.0userId=0",HIT,0,0.348148
406,getDevicesForStream  streamType: 3,MISS,0,0.347291
407,getLastAudibleStreamVolume  treamType: 3,MISS,0,0.346437
408,getDevicesForStream  streamType: 3,HIT,0,0.348039
409,getRunningAppProcesses: caller 10091 does not hold REAL_GET_TASKS; limiting output,HIT,0,0.349633
410,getRunningAppProcesses: caller 10091 does not hold REAL_GET_TASKS; limiting output,HIT,0,0.351220
411,getLastAudibleStreamVolume  treamType: 4,MISS,0,0.350365
412,getLastAudibleStreamVolume  treamType: 5,MISS,0,0.349515
413,getLastAudibleStreamVolume  treamType: 6,MISS,0,0.348668
414,getLastAudibleStreamVolume  treamType: 7,MISS,0,0.347826
415,getLastAudibleStreamVolume  treamType: 8,MISS,0,0.346988
416,cleanUpApplicationRecord -- 12025,MISS,0,0.346154
417,"cleanUpApplicationRecordLocked, pid: 12025, restart: false",MISS,0,0.345324
418,"cleanUpApplicationRecordLocked, reset pid: 12025, euid: 0",MISS,0,0.344498
419,stopWifiDisplayScanLocked record.mWifiDisplayScanRequested=false,MISS,0,0.343675
420,stopWifiDisplayScanLocked mWifiDisplayScanRequestCount=0,MISS,0,0.342857
421,getMode...,MISS,0,0.342043
422,setSpeakerphoneOn  on: true,MISS,0,0.341232
423,setSpeakerphoneOn on:true,MISS,0,0.340426
424,getRunningAppProcesses: caller 10091 does not hold REAL_GET_TASKS; limiting output,HIT,0,0.341981
425,getRunningAppProcesses: caller 10113 does not hold REAL_GET_TASKS; limiting output,HIT,0,0.343529
426,getRunningAppProcesses: caller 10091 does not hold REAL_GET_TASKS; limiting output,HIT,0,0.345070
427,HBM brightnessIn =38,HIT,0,0.346604
428,HBM brightnessOut =38,HIT,0,0.348131
429,"Animating brightness: target=38, rate=200",HIT,0,0.349650
430,"release:lock=219829192, flg=0x0, tag=""AudioMix"", name=audioserver"", ws=null, uid=1041, pid=0",MISS,0,0.348837
431,"ready=true,policy=3,wakefulness=1,wksummary=0x0,uasummary=0x1,bootcompleted=true,boostinprogress=false,waitmodeenable=false,mode=false,manual=38,auto=-1,adj=0.0userId=0",HIT,0,0.350348
432,"Releasing suspend blocker ""PowerManagerService.WakeLocks"".",HIT,0,0.351852
433,"sending alarm Alarm{aa90550 type 3 when 509142332 PendingIntent{1749923: PendingIntentRecord{9600e20 android broadcastIntent}}},repeatInterval = 0,listenerTag =time_tick",MISS,0,0.351039
434,"ready=true,policy=3,wakefulness=1,wksummary=0x1,uasummary=0x1,bootcompleted=true,boostinprogress=false,waitmodeenable=false,mode=false,manual=38,auto=-1,adj=0.0userId=0",HIT,0,0.352535
435,"Acquiring suspend blocker ""PowerManagerService.WakeLocks"".",MISS,0,0.351724
436,Received TIME_TICK alarm; rescheduling,MISS,0,0.350917
437,scheduleTimeTickEvent triggerAtTime = 509202333,MISS,0,0.350114
438,"updateClipping isOverlap:false, getTopPadding=333.0, Translation=0.0",HIT,0,0.351598
439,updateDimmedActivatedHideSensitive overlap:false,HIT,0,0.353075
440,"updateClipping isOverlap:false, getTopPadding=333.0, Translation=0.0",HIT,0,0.354545
441,updateDimmedActivatedHideSensitive overlap:false,HIT,0,0.356009
442,received broadcast android.intent.action.TIME_TICK,MISS,0,0.355204
443,handleTimeUpdate,MISS,0,0.354402
444,"ready=true,policy=3,wakefulness=1,wksummary=0x0,uasummary=0x1,bootcompleted=true,boostinprogress=false,waitmodeenable=false,mode=false,manual=38,auto=-1,adj=0.0userId=0",HIT,0,0.355856
445,"Releasing suspend blocker ""PowerManagerService.WakeLocks"".",HIT,0,0.357303
446,"userActivityNoUpdateLocked: eventTime=261866434, event=2, flags=0x0, uid=1000",MISS,0,0.356502
447,"ready=true,policy=3,wakefulness=1,wksummary=0x0,uasummary=0x1,bootcompleted=true,boostinprogress=false,waitmodeenable=false,mode=false,manual=38,auto=-1,adj=0.0userId=0",HIT,0,0.357942
448,setLightsOn(true),HIT,0,0.359375
449,"setSystemUiVisibility vis=0 mask=1 oldVal=40000500 newVal=40000500 diff=0 fullscreenStackVis=0 dockedStackVis=0, fullscreenStackBounds=Rect(0, 0 - 0, 0), dockedStackBounds=Rect(0, 0 - 0, 0)",HIT,0,0.360802
450,setLightsOn(true),HIT,0,0.362222
451,"setSystemUiVisibility vis=0 mask=1 oldVal=40000500 newVal=40000500 diff=0 fullscreenStackVis=0 dockedStackVis=0, fullscreenStackBounds=Rect(0, 0 - 0, 0), dockedStackBounds=Rect(0, 0 - 0, 0)",HIT,0,0.363636
452,setLightsOn(true),HIT,0,0.365044
453,"setSystemUiVisibility vis=0 mask=1 oldVal=40000500 newVal=40000500 diff=0 fullscreenStackVis=0 dockedStackVis=0, fullscreenStackBounds=Rect(0, 0 - 0, 0), dockedStackBounds=Rect(0, 0 - 0, 0)",HIT,0,0.366446
454,setLightsOn(true),HIT,0,0.367841
455,"setSystemUiVisibility vis=0 mask=1 oldVal=40000500 newVal=40000500 diff=0 fullscreenStackVis=0 dockedStackVis=0, fullscreenStackBounds=Rect(0, 0 - 0, 0), dockedStackBounds=Rect(0, 0 - 0, 0)",HIT,0,0.369231
456,setLightsOn(true),HIT,0,0.370614
457,"setSystemUiVisibility vis=0 mask=1 oldVal=40000500 newVal=40000500 diff=0 fullscreenStackVis=0 dockedStackVis=0, fullscreenStackBounds=Rect(0, 0 - 0, 0), dockedStackBounds=Rect(0, 0 - 0, 0)",HIT,0,0.371991
458,setLightsOn(true),HIT,0,0.373362
459,"setSystemUiVisibility vis=0 mask=1 oldVal=40000500 newVal=40000500 diff=0 fullscreenStackVis=0 dockedStackVis=0, fullscreenStackBounds=Rect(0, 0 - 0, 0), dockedStackBounds=Rect(0, 0 - 0, 0)",HIT,0,0.374728
460,setLightsOn(true),HIT,0,0.376087
461,"setSystemUiVisibility vis=0 mask=1 oldVal=40000500 newVal=40000500 diff=0 fullscreenStackVis=0 dockedStackVis=0, fullscreenStackBounds=Rect(0, 0 - 0, 0), dockedStackBounds=Rect(0, 0 - 0, 0)",HIT,0,0.377440
462,setLightsOn(true),HIT,0,0.378788
463,"setSystemUiVisibility vis=0 mask=1 oldVal=40000500 newVal=40000500 diff=0 fullscreenStackVis=0 dockedStackVis=0, fullscreenStackBounds=Rect(0, 0 - 0, 0), dockedStackBounds=Rect(0, 0 - 0, 0)",HIT,0,0.380130
464,setLightsOn(true),HIT,0,0.381466
465,"setSystemUiVisibility vis=0 mask=1 oldVal=40000500 newVal=40000500 diff=0 fullscreenStackVis=0 dockedStackVis=0, fullscreenStackBounds=Rect(0, 0 - 0, 0), dockedStackBounds=Rect(0, 0 - 0, 0)",HIT,0,0.382796
466,setLightsOn(true),HIT,0,0.384120
467,"setSystemUiVisibility vis=0 mask=1 oldVal=40000500 newVal=40000500 diff=0 fullscreenStackVis=0 dockedStackVis=0, fullscreenStackBounds=Rect(0, 0 - 0, 0), dockedStackBounds=Rect(0, 0 - 0, 0)",HIT,0,0.385439
468,setLightsOn(true),HIT,0,0.386752
469,"setSystemUiVisibility vis=0 mask=1 oldVal=40000500 newVal=40000500 diff=0 fullscreenStackVis=0 dockedStackVis=0, fullscreenStackBounds=Rect(0, 0 - 0, 0), dockedStackBounds=Rect(0, 0 - 0, 0)",HIT,0,0.388060
470,setLightsOn(true),HIT,0,0.389362
471,"setSystemUiVisibility vis=0 mask=1 oldVal=40000500 newVal=40000500 diff=0 fullscreenStackVis=0 dockedStackVis=0, fullscreenStackBounds=Rect(0, 0 - 0, 0), dockedStackBounds=Rect(0, 0 - 0, 0)",HIT,0,0.390658
472,setLightsOn(true),HIT,0,0.391949
473,"setSystemUiVisibility vis=0 mask=1 oldVal=40000500 newVal=40000500 diff=0 fullscreenStackVis=0 dockedStackVis=0, fullscreenStackBounds=Rect(0, 0 - 0, 0), dockedStackBounds=Rect(0, 0 - 0, 0)",HIT,0,0.393235
474,setLightsOn(true),HIT,0,0.394515
475,"setSystemUiVisibility vis=0 mask=1 oldVal=40000500 newVal=40000500 diff=0 fullscreenStackVis=0 dockedStackVis=0, fullscreenStackBounds=Rect(0, 0 - 0, 0), dockedStackBounds=Rect(0, 0 - 0, 0)",HIT,0,0.395789
476,setLightsOn(true),HIT,0,0.397059
477,"setSystemUiVisibility vis=0 mask=1 oldVal=40000500 newVal=40000500 diff=0 fullscreenStackVis=0 dockedStackVis=0, fullscreenStackBounds=Rect(0, 0 - 0, 0), dockedStackBounds=Rect(0, 0 - 0, 0)",HIT,0,0.398323
478,setLightsOn(true),HIT,0,0.399582
479,"setSystemUiVisibility vis=0 mask=1 oldVal=40000500 newVal=40000500 diff=0 fullscreenStackVis=0 dockedStackVis=0, fullscreenStackBounds=Rect(0, 0 - 0, 0), dockedStackBounds=Rect(0, 0 - 0, 0)",HIT,0,0.400835
480,"userActivityNoUpdateLocked: eventTime=261867236, event=2, flags=0x0, uid=1000",MISS,0,0.400000
481,"ready=true,policy=3,wakefulness=1,wksummary=0x0,uasummary=0x1,bootcompleted=true,boostinprogress=false,waitmodeenable=false,mode=false,manual=38,auto=-1,adj=0.0userId=0",HIT,0,0.401247
482,setLightsOn(true),HIT,0,0.402490
483,"setSystemUiVisibility vis=0 mask=1 oldVal=40000500 newVal=40000500 diff=0 fullscreenStackVis=0 dockedStackVis=0, fullscreenStackBounds=Rect(0, 0 - 0, 0), dockedStackBounds=Rect(0, 0 - 0, 0)",HIT,0,0.403727
484,setLightsOn(true),HIT,0,0.404959
485,"setSystemUiVisibility vis=0 mask=1 oldVal=40000500 newVal=40000500 diff=0 fullscreenStackVis=0 dockedStackVis=0, fullscreenStackBounds=Rect(0, 0 - 0, 0), dockedStackBounds=Rect(0, 0 - 0, 0)",HIT,0,0.406186
486,setLightsOn(true),HIT,0,0.407407
487,"setSystemUiVisibility vis=0 mask=1 oldVal=40000500 newVal=40000500 diff=0 fullscreenStackVis=0 dockedStackVis=0, fullscreenStackBounds=Rect(0, 0 - 0, 0), dockedStackBounds=Rect(0, 0 - 0, 0)",HIT,0,0.408624
488,setLightsOn(true),HIT,0,0.409836
489,"setSystemUiVisibility vis=0 mask=1 oldVal=40000500 newVal=40000500 diff=0 fullscreenStackVis=0 dockedStackVis=0, fullscreenStackBounds=Rect(0, 0 - 0, 0), dockedStackBounds=Rect(0, 0 - 0, 0)",HIT,0,0.411043
490,setLightsOn(true),HIT,0,0.412245
491,"setSystemUiVisibility vis=0 mask=1 oldVal=40000500 newVal=40000500 diff=0 fullscreenStackVis=0 dockedStackVis=0, fullscreenStackBounds=Rect(0, 0 - 0, 0), dockedStackBounds=Rect(0, 0 - 0, 0)",HIT,0,0.413442
492,setLightsOn(true),HIT,0,0.414634
493,"setSystemUiVisibility vis=0 mask=1 oldVal=40000500 newVal=40000500 diff=0 fullscreenStackVis=0 dockedStackVis=0, fullscreenStackBounds=Rect(0, 0 - 0, 0), dockedStackBounds=Rect(0, 0 - 0, 0)",HIT,0,0.415822
494,setLightsOn(true),HIT,0,0.417004
495,"setSystemUiVisibility vis=0 mask=1 oldVal=40000500 newVal=40000500 diff=0 fullscreenStackVis=0 dockedStackVis=0, fullscreenStackBounds=Rect(0, 0 - 0, 0), dockedStackBounds=Rect(0, 0 - 0, 0)",HIT,0,0.418182
496,setLightsOn(true),HIT,0,0.419355
497,"setSystemUiVisibility vis=0 mask=1 oldVal=40000500 newVal=40000500 diff=0 fullscreenStackVis=0 dockedStackVis=0, fullscreenStackBounds=Rect(0, 0 - 0, 0), dockedStackBounds=Rect(0, 0 - 0, 0)",HIT,0,0.420523
498,"userActivityNoUpdateLocked: eventTime=261867854, event=2, flags=0x0, uid=1000",MISS,0,0.419679
499,"ready=true,policy=3,wakefulness=1,wksummary=0x0,uasummary=0x1,bootcompleted=true,boostinprogress=false,waitmodeenable=false,mode=false,manual=38,auto=-1,adj=0.0userId=0",HIT,0,0.420842
500,setLightsOn(true),HIT,0,0.422000
501,"setSystemUiVisibility vis=0 mask=1 oldVal=40000500 newVal=40000500 diff=0 fullscreenStackVis=0 dockedStackVis=0, fullscreenStackBounds=Rect(0, 0 - 0, 0), dockedStackBounds=Rect(0, 0 - 0, 0)",HIT,0,0.423154
502,HBM brightnessIn =38,HIT,0,0.424303
503,HBM brightnessOut =38,HIT,0,0.425447
504,"Animating brightness: target=38, rate=200",HIT,0,0.426587
505,setLightsOn(true),HIT,0,0.427723
506,"setSystemUiVisibility vis=0 mask=1 oldVal=40000500 newVal=40000500 diff=0 fullscreenStackVis=0 dockedStackVis=0, fullscreenStackBounds=Rect(0, 0 - 0, 0), dockedStackBounds=Rect(0, 0 - 0, 0)",HIT,0,0.428854
507,getRunningAppProcesses: caller 10091 does not hold REAL_GET_TASKS; limiting output,HIT,0,0.429980
508,getRunningAppProcesses: caller 10091 does not hold REAL_GET_TASKS; limiting output,HIT,0,0.431102
509,"userActivityNoUpdateLocked: eventTime=261868506, event=2, flags=0x0, uid=1000",MISS,0,0.430255
510,"ready=true,policy=3,wakefulness=1,wksummary=0x0,uasummary=0x1,bootcompleted=true,boostinprogress=false,waitmodeenable=false,mode=false,manual=38,auto=-1,adj=0.0userId=0",HIT,0,0.431373
511,setLightsOn(true),HIT,0,0.432485
512,"setSystemUiVisibility vis=0 mask=1 oldVal=40000500 newVal=40000500 diff=0 fullscreenStackVis=0 dockedStackVis=0, fullscreenStackBounds=Rect(0, 0 - 0, 0), dockedStackBounds=Rect(0, 0 - 0, 0)",HIT,0,0.433594
513,playSoundEffect   effectType: 0,MISS,0,0.432749
514,querySoundEffectsEnabled...,MISS,0,0.431907
515,getRunningAppProcesses: caller 10111 does not hold REAL_GET_TASKS; limiting output,MISS,0,0.431068
516,Destroying surface Surface(name=PopupWindow:9b04807) called by com.android.server.wm.WindowStateAnimator.destroySurface:2060 com.android.server.wm.WindowStateAnimator.destroySurfaceLocked:913 com.android.server.wm.WindowState.removeLocked:1554 com.android.server.wm.WindowManagerService.removeWindowInnerLocked:2739 com.android.server.wm.WindowManagerService.removeWindowInnerLocked:2702 com.android.server.wm.WindowManagerService.removeWindowLocked:2691 com.android.server.wm.WindowManagerService.removeWindowLocked:2560 com.android.server.wm.WindowManagerService.removeWindow:2555,MISS,0,0.430233
517,setLightsOn(true),HIT,0,0.431335
518,"setSystemUiVisibility vis=0 mask=1 oldVal=40000500 newVal=40000500 diff=0 fullscreenStackVis=0 dockedStackVis=0, fullscreenStackBounds=Rect(0, 0 - 0, 0), dockedStackBounds=Rect(0, 0 - 0, 0)",HIT,0,0.432432
519,getRunningAppProcesses: caller 10111 does not hold REAL_GET_TASKS; limiting output,MISS,0,0.431599
520,Destroying surface Surface(name=PopupWindow:317e46) called by com.android.server.wm.WindowStateAnimator.destroySurface:2060 com.android.server.wm.WindowStateAnimator.destroySurfaceLocked:913 com.android.server.wm.WindowState.removeLocked:1554 com.android.server.wm.WindowManagerService.removeWindowInnerLocked:2739 com.android.server.wm.WindowManagerService.removeWindowInnerLocked:2702 com.android.server.wm.WindowManagerService.removeWindowLocked:2691 com.android.server.wm.WindowManagerService.removeWindowLocked:2560 com.android.server.wm.WindowManagerService.removeWindow:2555,MISS,0,0.430769
521,setLightsOn(true),HIT,0,0.431862
522,"setSystemUiVisibility vis=0 mask=1 oldVal=40000500 newVal=40000500 diff=0 fullscreenStackVis=0 dockedStackVis=0, fullscreenStackBounds=Rect(0, 0 - 0, 0), dockedStackBounds=Rect(0, 0 - 0, 0)",HIT,0,0.432950
523,setLightsOn(true),HIT,0,0.434034
524,"setSystemUiVisibility vis=0 mask=1 oldVal=40000500 newVal=40000500 diff=0 fullscreenStackVis=0 dockedStackVis=0, fullscreenStackBounds=Rect(0, 0 - 0, 0), dockedStackBounds=Rect(0, 0 - 0, 0)",HIT,0,0.435115
525,setLightsOn(true),HIT,0,0.436190
526,"setSystemUiVisibility vis=0 mask=1 oldVal=40000500 newVal=40000500 diff=0 fullscreenStackVis=0 dockedStackVis=0, fullscreenStackBounds=Rect(0, 0 - 0, 0), dockedStackBounds=Rect(0, 0 - 0, 0)",HIT,0,0.437262
527,setLightsOn(true),HIT,0,0.438330
528,"setSystemUiVisibility vis=0 mask=1 oldVal=40000500 newVal=40000500 diff=0 fullscreenStackVis=0 dockedStackVis=0, fullscreenStackBounds=Rect(0, 0 - 0, 0), dockedStackBounds=Rect(0, 0 - 0, 0)",HIT,0,0.439394
529,setLightsOn(true),HIT,0,0.440454
530,"setSystemUiVisibility vis=0 mask=1 oldVal=40000500 newVal=40000500 diff=0 fullscreenStackVis=0 dockedStackVis=0, fullscreenStackBounds=Rect(0, 0 - 0, 0), dockedStackBounds=Rect(0, 0 - 0, 0)",HIT,0,0.441509
531,getTasks: caller 10111 does not hold REAL_GET_TASKS; limiting output,MISS,0,0.440678
532,getTasks: caller 10111 does not hold REAL_GET_TASKS; limiting output,MISS,0,0.439850
533,getTasks: caller 10111 does not hold REAL_GET_TASKS; limiting output,HIT,0,0.440901
534,getTasks: caller 10111 does not hold REAL_GET_TASKS; limiting output,HIT,0,0.441948
535,getTasks: caller 10111 does not hold REAL_GET_TASKS; limiting output,HIT,0,0.442991
536,getRunningAppProcesses: caller 10111 does not hold REAL_GET_TASKS; limiting output,MISS,0,0.442164
537,"userActivityNoUpdateLocked: eventTime=261870094, event=2, flags=0x0, uid=1000",MISS,0,0.441341
538,"ready=true,policy=3,wakefulness=1,wksummary=0x0,uasummary=0x1,bootcompleted=true,boostinprogress=false,waitmodeenable=false,mode=false,manual=38,auto=-1,adj=0.0userId=0",HIT,0,0.442379
539,setLightsOn(true),HIT,0,0.443414
540,"setSystemUiVisibility vis=0 mask=1 oldVal=40000500 newVal=40000500 diff=0 fullscreenStackVis=0 dockedStackVis=0, fullscreenStackBounds=Rect(0, 0 - 0, 0), dockedStackBounds=Rect(0, 0 - 0, 0)",HIT,0,0.444444
541,setLightsOn(true),HIT,0,0.445471
542,"setSystemUiVisibility vis=0 mask=1 oldVal=40000500 newVal=40000500 diff=0 fullscreenStackVis=0 dockedStackVis=0, fullscreenStackBounds=Rect(0, 0 - 0, 0), dockedStackBounds=Rect(0, 0 - 0, 0)",HIT,0,0.446494
543,setLightsOn(true),HIT,0,0.447514
544,"setSystemUiVisibility vis=0 mask=1 oldVal=40000500 newVal=40000500 diff=0 fullscreenStackVis=0 dockedStackVis=0, fullscreenStackBounds=Rect(0, 0 - 0, 0), dockedStackBounds=Rect(0, 0 - 0, 0)",HIT,0,0.448529
545,setLightsOn(true),HIT,0,0.449541
546,"setSystemUiVisibility vis=0 mask=1 oldVal=40000500 newVal=40000500 diff=0 fullscreenStackVis=0 dockedStackVis=0, fullscreenStackBounds=Rect(0, 0 - 0, 0), dockedStackBounds=Rect(0, 0 - 0, 0)",HIT,0,0.450549
547,setLightsOn(true),HIT,0,0.451554
548,"setSystemUiVisibility vis=0 mask=1 oldVal=40000500 newVal=40000500 diff=0 fullscreenStackVis=0 dockedStackVis=0, fullscreenStackBounds=Rect(0, 0 - 0, 0), dockedStackBounds=Rect(0, 0 - 0, 0)",HIT,0,0.452555
549,setLightsOn(true),HIT,0,0.453552
550,"setSystemUiVisibility vis=0 mask=1 oldVal=40000500 newVal=40000500 diff=0 fullscreenStackVis=0 dockedStackVis=0, fullscreenStackBounds=Rect(0, 0 - 0, 0), dockedStackBounds=Rect(0, 0 - 0, 0)",HIT,0,0.454545
551,setLightsOn(true),HIT,0,0.455535
552,"setSystemUiVisibility vis=0 mask=1 oldVal=40000500 newVal=40000500 diff=0 fullscreenStackVis=0 dockedStackVis=0, fullscreenStackBounds=Rect(0, 0 - 0, 0), dockedStackBounds=Rect(0, 0 - 0, 0)",HIT,0,0.456522
553,setLightsOn(true),HIT,0,0.457505
554,"setSystemUiVisibility vis=0 mask=1 oldVal=40000500 newVal=40000500 diff=0 fullscreenStackVis=0 dockedStackVis=0, fullscreenStackBounds=Rect(0, 0 - 0, 0), dockedStackBounds=Rect(0, 0 - 0, 0)",HIT,0,0.458484
555,setLightsOn(true),HIT,0,0.459459
556,"setSystemUiVisibility vis=0 mask=1 oldVal=40000500 newVal=40000500 diff=0 fullscreenStackVis=0 dockedStackVis=0, fullscreenStackBounds=Rect(0, 0 - 0, 0), dockedStackBounds=Rect(0, 0 - 0, 0)",HIT,0,0.460432
557,setLightsOn(true),HIT,0,0.461400
558,"setSystemUiVisibility vis=0 mask=1 oldVal=40000500 newVal=40000500 diff=0 fullscreenStackVis=0 dockedStackVis=0, fullscreenStackBounds=Rect(0, 0 - 0, 0), dockedStackBounds=Rect(0, 0 - 0, 0)",HIT,0,0.462366
559,"userActivityNoUpdateLocked: eventTime=261870612, event=2, flags=0x0, uid=1000",MISS,0,0.461538
560,"ready=true,policy=3,wakefulness=1,wksummary=0x0,uasummary=0x1,bootcompleted=true,boostinprogress=false,waitmodeenable=false,mode=false,manual=38,auto=-1,adj=0.0userId=0",HIT,0,0.462500
561,HBM brightnessIn =38,HIT,0,0.463458
562,HBM brightnessOut =38,HIT,0,0.464413
563,"Animating brightness: target=38, rate=200",HIT,0,0.465364
564,setLightsOn(true),HIT,0,0.466312
565,"setSystemUiVisibility vis=0 mask=1 oldVal=40000500 newVal=40000500 diff=0 fullscreenStackVis=0 dockedStackVis=0, fullscreenStackBounds=Rect(0, 0 - 0, 0), dockedStackBounds=Rect(0, 0 - 0, 0)",HIT,0,0.467257
566,setLightsOn(true),HIT,0,0.468198
567,"setSystemUiVisibility vis=0 mask=1 oldVal=40000500 newVal=40000500 diff=0 fullscreenStackVis=0 dockedStackVis=0, fullscreenStackBounds=Rect(0, 0 - 0, 0), dockedStackBounds=Rect(0, 0 - 0, 0)",HIT,0,0.469136
568,setLightsOn(true),HIT,0,0.470070
569,"setSystemUiVisibility vis=0 mask=1 oldVal=40000500 newVal=40000500 diff=0 fullscreenStackVis=0 dockedStackVis=0, fullscreenStackBounds=Rect(0, 0 - 0, 0), dockedStackBounds=Rect(0, 0 - 0, 0)",HIT,0,0.471002
570,Destroying surface Surface(name=PopupWindow:d76a91d) called by com.android.server.wm.WindowStateAnimator.destroySurface:2060 com.android.server.wm.WindowStateAnimator.destroySurfaceLocked:913 com.android.server.wm.WindowState.removeLocked:1554 com.android.server.wm.WindowManagerService.removeWindowInnerLocked:2739 com.android.server.wm.WindowManagerService.removeWindowInnerLocked:2702 com.android.server.wm.WindowManagerService.removeWindowLocked:2691 com.android.server.wm.WindowManagerService.removeWindowLocked:2560 com.android.server.wm.WindowManagerService.removeWindow:2555,MISS,0,0.470175
571,setLightsOn(true),HIT,0,0.471103
572,"setSystemUiVisibility vis=0 mask=1 oldVal=40000500 newVal=40000500 diff=0 fullscreenStackVis=0 dockedStackVis=0, fullscreenStackBounds=Rect(0, 0 - 0, 0), dockedStackBounds=Rect(0, 0 - 0, 0)",HIT,0,0.472028
573,Destroying surface Surface(name=PopupWindow:9b04807) called by com.android.server.wm.WindowStateAnimator.destroySurface:2060 com.android.server.wm.WindowStateAnimator.destroySurfaceLocked:913 com.android.server.wm.WindowState.removeLocked:1554 com.android.server.wm.WindowManagerService.removeWindowInnerLocked:2739 com.android.server.wm.WindowManagerService.removeWindowInnerLocked:2702 com.android.server.wm.WindowManagerService.removeWindowLocked:2691 com.android.server.wm.WindowManagerService.removeWindowLocked:2560 com.android.server.wm.WindowManagerService.removeWindow:2555,HIT,0,0.472949
574,setLightsOn(true),HIT,0,0.473868
575,"setSystemUiVisibility vis=0 mask=1 oldVal=40000500 newVal=40000500 diff=0 fullscreenStackVis=0 dockedStackVis=0, fullscreenStackBounds=Rect(0, 0 - 0, 0), dockedStackBounds=Rect(0, 0 - 0, 0)",HIT,0,0.474783
576,HBM brightnessIn =38,HIT,0,0.475694
577,HBM brightnessOut =38,HIT,0,0.476603
578,"Animating brightness: target=38, rate=200",HIT,0,0.477509
579,HBM brightnessIn =38,HIT,0,0.478411
580,HBM brightnessOut =38,HIT,0,0.479310
581,"Animating brightness: target=38, rate=200",HIT,0,0.480207
582,getRunningAppProcesses: caller 10111 does not hold REAL_GET_TASKS; limiting output,HIT,0,0.481100
583,"userActivityNoUpdateLocked: eventTime=261871547, event=2, flags=0x0, uid=1000",MISS,0,0.480274
584,"ready=true,policy=3,wakefulness=1,wksummary=0x0,uasummary=0x1,bootcompleted=true,boostinprogress=false,waitmodeenable=false,mode=false,manual=38,auto=-1,adj=0.0userId=0",HIT,0,0.481164
585,HBM brightnessIn =38,HIT,0,0.482051
586,HBM brightnessOut =38,HIT,0,0.482935
587,"Animating brightness: target=38, rate=200",HIT,0,0.483816
588,"userActivityNoUpdateLocked: eventTime=261872249, event=2, flags=0x0, uid=1000",MISS,0,0.482993
589,"ready=true,policy=3,wakefulness=1,wksummary=0x0,uasummary=0x1,bootcompleted=true,boostinprogress=false,waitmodeenable=false,mode=false,manual=38,auto=-1,adj=0.0userId=0",HIT,0,0.483871
590,setLightsOn(true),HIT,0,0.484746
591,"setSystemUiVisibility vis=0 mask=1 oldVal=40000500 newVal=40000500 diff=0 fullscreenStackVis=0 dockedStackVis=0, fullscreenStackBounds=Rect(0, 0 - 0, 0), dockedStackBounds=Rect(0, 0 - 0, 0)",HIT,0,0.485618
592,setLightsOn(true),HIT,0,0.486486
593,"setSystemUiVisibility vis=0 mask=1 oldVal=40000500 newVal=40000500 diff=0 fullscreenStackVis=0 dockedStackVis=0, fullscreenStackBounds=Rect(0, 0 - 0, 0), dockedStackBounds=Rect(0, 0 - 0, 0)",HIT,0,0.487352
594,setLightsOn(true),HIT,0,0.488215
595,"setSystemUiVisibility vis=0 mask=1 oldVal=40000500 newVal=40000500 diff=0 fullscreenStackVis=0 dockedStackVis=0, fullscreenStackBounds=Rect(0, 0 - 0, 0), dockedStackBounds=Rect(0, 0 - 0, 0)",HIT,0,0.489076
596,setLightsOn(true),HIT,0,0.489933
597,"setSystemUiVisibility vis=0 mask=1 oldVal=40000500 newVal=40000500 diff=0 fullscreenStackVis=0 dockedStackVis=0, fullscreenStackBounds=Rect(0, 0 - 0, 0), dockedStackBounds=Rect(0, 0 - 0, 0)",HIT,0,0.490787
598,setLightsOn(true),HIT,0,0.491639
599,"setSystemUiVisibility vis=0 mask=1 oldVal=40000500 newVal=40000500 diff=0 fullscreenStackVis=0 dockedStackVis=0, fullscreenStackBounds=Rect(0, 0 - 0, 0), dockedStackBounds=Rect(0, 0 - 0, 0)",HIT,0,0.492487
600,setLightsOn(true),HIT,0,0.493333
601,"setSystemUiVisibility vis=0 mask=1 oldVal=40000500 newVal=40000500 diff=0 fullscreenStackVis=0 dockedStackVis=0, fullscreenStackBounds=Rect(0, 0 - 0, 0), dockedStackBounds=Rect(0, 0 - 0, 0)",HIT,0,0.494176
602,"acquire lock=60373518, flags=0x1, tag=""RILJ_ACK_WL"", name=com.android.phone, ws=null, uid=1001, pid=2626",MISS,0,0.493355
603,"ready=true,policy=3,wakefulness=1,wksummary=0x1,uasummary=0x1,bootcompleted=true,boostinprogress=false,waitmodeenable=false,mode=false,manual=38,auto=-1,adj=0.0userId=0",HIT,0,0.494196
604,"Acquiring suspend blocker ""PowerManagerService.WakeLocks"".",HIT,0,0.495033
605,"ready=true,policy=3,wakefulness=1,wksummary=0x1,uasummary=0x1,bootcompleted=true,boostinprogress=false,waitmodeenable=false,mode=false,manual=38,auto=-1,adj=0.0userId=0",HIT,0,0.495868
606,setLightsOn(true),HIT,0,0.496700
607,"setSystemUiVisibility vis=0 mask=1 oldVal=40000500 newVal=40000500 diff=0 fullscreenStackVis=0 dockedStackVis=0, fullscreenStackBounds=Rect(0, 0 - 0, 0), dockedStackBounds=Rect(0, 0 - 0, 0)",HIT,0,0.497529
608,"ready=true,policy=3,wakefulness=1,wksummary=0x1,uasummary=0x1,bootcompleted=true,boostinprogress=false,waitmodeenable=false,mode=false,manual=38,auto=-1,adj=0.0userId=0",HIT,0,0.498355
609,"ready=true,policy=3,wakefulness=1,wksummary=0x1,uasummary=0x1,bootcompleted=true,boostinprogress=false,waitmodeenable=false,mode=false,manual=38,auto=-1,adj=0.0userId=0",HIT,0,0.499179
610,"ready=true,policy=3,wakefulness=1,wksummary=0x1,uasummary=0x1,bootcompleted=true,boostinprogress=false,waitmodeenable=false,mode=false,manual=38,auto=-1,adj=0.0userId=0",HIT,0,0.500000
611,setLightsOn(true),HIT,0,0.500818
612,"setSystemUiVisibility vis=0 mask=1 oldVal=40000500 newVal=40000500 diff=0 fullscreenStackVis=0 dockedStackVis=0, fullscreenStackBounds=Rect(0, 0 - 0, 0), dockedStackBounds=Rect(0, 0 - 0, 0)",HIT,0,0.501634
613,"ready=true,policy=3,wakefulness=1,wksummary=0x1,uasummary=0x1,bootcompleted=true,boostinprogress=false,waitmodeenable=false,mode=false,manual=38,auto=-1,adj=0.0userId=0",HIT,0,0.502447
614,shouldBlockLocation running ...,HIT,0,0.503257
615,shouldBlockLocation  ret:false,HIT,0,0.504065
616,"userActivityNoUpdateLocked: eventTime=261872817, event=2, flags=0x0, uid=1000",MISS,0,0.503247
617,"ready=true,policy=3,wakefulness=1,wksummary=0x1,uasummary=0x1,bootcompleted=true,boostinprogress=false,waitmodeenable=false,mode=false,manual=38,auto=-1,adj=0.0userId=0",HIT,0,0.504052
618,shouldBlockLocation running ...,HIT,0,0.504854
619,shouldBlockLocation  ret:false,HIT,0,0.505654
620,getNeighboringCellInfo calling app is com.amap.android.ams,MISS,0,0.504839
621,shouldBlockLocation running ...,HIT,0,0.505636
622,shouldBlockLocation  ret:false,HIT,0,0.506431
623,"ready=true,policy=3,wakefulness=1,wksummary=0x1,uasummary=0x1,bootcompleted=true,boostinprogress=false,waitmodeenable=false,mode=false,manual=38,auto=-1,adj=0.0userId=0",HIT,0,0.507223
624,"release:lock=60373518, flg=0x0, tag=""RILJ_ACK_WL"", name=com.android.phone"", ws=null, uid=1001, pid=2626",MISS,0,0.506410
625,"ready=true,policy=3,wakefulness=1,wksummary=0x1,uasummary=0x1,bootcompleted=true,boostinprogress=false,waitmodeenable=false,mode=false,manual=38,auto=-1,adj=0.0userId=0",HIT,0,0.507200
626,setLightsOn(true),HIT,0,0.507987
627,"setSystemUiVisibility vis=0 mask=1 oldVal=40000500 newVal=40000500 diff=0 fullscreenStackVis=0 dockedStackVis=0, fullscreenStackBounds=Rect(0, 0 - 0, 0), dockedStackBounds=Rect(0, 0 - 0, 0)",HIT,0,0.508772
628,"ready=true,policy=3,wakefulness=1,wksummary=0x0,uasummary=0x1,bootcompleted=true,boostinprogress=false,waitmodeenable=false,mode=false,manual=38,auto=-1,adj=0.0userId=0",HIT,0,0.509554
629,"Releasing suspend blocker ""PowerManagerService.WakeLocks"".",HIT,0,0.510334
630,shouldBlockLocation running ...,HIT,0,0.511111
631,shouldBlockLocation  ret:false,HIT,0,0.511886
632,"ready=true,policy=3,wakefulness=1,wksummary=0x1,uasummary=0x1,bootcompleted=true,boostinprogress=false,waitmodeenable=false,mode=false,manual=38,auto=-1,adj=0.0userId=0",HIT,0,0.512658
633,"Acquiring suspend blocker ""PowerManagerService.WakeLocks"".",HIT,0,0.513428
634,setLightsOn(true),HIT,0,0.514196
635,"setSystemUiVisibility vis=0 mask=1 oldVal=40000500 newVal=40000500 diff=0 fullscreenStackVis=0 dockedStackVis=0, fullscreenStackBounds=Rect(0, 0 - 0, 0), dockedStackBounds=Rect(0, 0 - 0, 0)",HIT,0,0.514961
636,"ready=true,policy=3,wakefulness=1,wksummary=0x0,uasummary=0x1,bootcompleted=true,boostinprogress=false,waitmodeenable=false,mode=false,manual=38,auto=-1,adj=0.0userId=0",HIT,0,0.515723
637,"Releasing suspend blocker ""PowerManagerService.WakeLocks"".",HIT,0,0.516484
638,"ready=true,policy=3,wakefulness=1,wksummary=0x1,uasummary=0x1,bootcompleted=true,boostinprogress=false,waitmodeenable=false,mode=false,manual=38,auto=-1,adj=0.0userId=0",HIT,0,0.517241
639,"Acquiring suspend blocker ""PowerManagerService.WakeLocks"".",HIT,0,0.517997
640,"ready=true,policy=3,wakefulness=1,wksummary=0x0,uasummary=0x1,bootcompleted=true,boostinprogress=false,waitmodeenable=false,mode=false,manual=38,auto=-1,adj=0.0userId=0",HIT,0,0.518750
641,"Releasing suspend blocker ""PowerManagerService.WakeLocks"".",HIT,0,0.519501
642,shouldBlockLocation running ...,HIT,0,0.520249
643,shouldBlockLocation  ret:false,HIT,0,0.520995
644,"userActivityNoUpdateLocked: eventTime=261874138, event=2, flags=0x0, uid=1000",MISS,0,0.520186
645,"ready=true,policy=3,wakefulness=1,wksummary=0x0,uasummary=0x1,bootcompleted=true,boostinprogress=false,waitmodeenable=false,mode=false,manual=38,auto=-1,adj=0.0userId=0",HIT,0,0.520930
646,setLightsOn(true),HIT,0,0.521672
647,"setSystemUiVisibility vis=0 mask=1 oldVal=40000500 newVal=40000500 diff=0 fullscreenStackVis=0 dockedStackVis=0, fullscreenStackBounds=Rect(0, 0 - 0, 0), dockedStackBounds=Rect(0, 0 - 0, 0)",HIT,0,0.522411
648,setLightsOn(true),HIT,0,0.523148
649,"setSystemUiVisibility vis=0 mask=1 oldVal=40000500 newVal=40000500 diff=0 fullscreenStackVis=0 dockedStackVis=0, fullscreenStackBounds=Rect(0, 0 - 0, 0), dockedStackBounds=Rect(0, 0 - 0, 0)",HIT,0,0.523883
650,setLightsOn(true),HIT,0,0.524615
651,"setSystemUiVisibility vis=0 mask=1 oldVal=40000500 newVal=40000500 diff=0 fullscreenStackVis=0 dockedStackVis=0, fullscreenStackBounds=Rect(0, 0 - 0, 0), dockedStackBounds=Rect(0, 0 - 0, 0)",HIT,0,0.525346
652,HBM brightnessIn =38,HIT,0,0.526074
653,HBM brightnessOut =38,HIT,0,0.526799
654,"Animating brightness: target=38, rate=200",HIT,0,0.527523
655,getTasks: caller 10111 does not hold REAL_GET_TASKS; limiting output,HIT,0,0.528244
656,getTasks: caller 10111 does not hold REAL_GET_TASKS; limiting output,HIT,0,0.528963
657,"userActivityNoUpdateLocked: eventTime=261875239, event=2, flags=0x0, uid=1000",MISS,0,0.528158
658,"ready=true,policy=3,wakefulness=1,wksummary=0x0,uasummary=0x1,bootcompleted=true,boostinprogress=false,waitmodeenable=false,mode=false,manual=38,auto=-1,adj=0.0userId=0",HIT,0,0.528875
659,setLightsOn(true),HIT,0,0.529590
660,"setSystemUiVisibility vis=0 mask=1 oldVal=40000500 newVal=40000500 diff=0 fullscreenStackVis=0 dockedStackVis=0, fullscreenStackBounds=Rect(0, 0 - 0, 0), dockedStackBounds=Rect(0, 0 - 0, 0)",HIT,0,0.530303
661,setLightsOn(true),HIT,0,0.531014
662,"setSystemUiVisibility vis=0 mask=1 oldVal=40000500 newVal=40000500 diff=0 fullscreenStackVis=0 dockedStackVis=0, fullscreenStackBounds=Rect(0, 0 - 0, 0), dockedStackBounds=Rect(0, 0 - 0, 0)",HIT,0,0.531722
663,setLightsOn(true),HIT,0,0.532428
664,"setSystemUiVisibility vis=0 mask=1 oldVal=40000500 newVal=40000500 diff=0 fullscreenStackVis=0 dockedStackVis=0, fullscreenStackBounds=Rect(0, 0 - 0, 0), dockedStackBounds=Rect(0, 0 - 0, 0)",HIT,0,0.533133
665,setLightsOn(true),HIT,0,0.533835
666,"setSystemUiVisibility vis=0 mask=1 oldVal=40000500 newVal=40000500 diff=0 fullscreenStackVis=0 dockedStackVis=0, fullscreenStackBounds=Rect(0, 0 - 0, 0), dockedStackBounds=Rect(0, 0 - 0, 0)",HIT,0,0.534535
667,HBM brightnessIn =38,HIT,0,0.535232
668,HBM brightnessOut =38,HIT,0,0.535928
669,"Animating brightness: target=38, rate=200",HIT,0,0.536622
670,"userActivityNoUpdateLocked: eventTime=261879585, event=2, flags=0x0, uid=1000",MISS,0,0.535821
671,"ready=true,policy=3,wakefulness=1,wksummary=0x0,uasummary=0x1,bootcompleted=true,boostinprogress=false,waitmodeenable=false,mode=false,manual=38,auto=-1,adj=0.0userId=0",HIT,0,0.536513
672,setLightsOn(true),HIT,0,0.537202
673,"setSystemUiVisibility vis=0 mask=1 oldVal=40000500 newVal=40000500 diff=0 fullscreenStackVis=0 dockedStackVis=0, fullscreenStackBounds=Rect(0, 0 - 0, 0), dockedStackBounds=Rect(0, 0 - 0, 0)",HIT,0,0.537890
674,Destroying surface Surface(name=PopupWindow:d76a91d) called by com.android.server.wm.WindowStateAnimator.destroySurface:2060 com.android.server.wm.WindowStateAnimator.destroySurfaceLocked:913 com.android.server.wm.WindowState.removeLocked:1554 com.android.server.wm.WindowManagerService.removeWindowInnerLocked:2739 com.android.server.wm.WindowManagerService.removeWindowInnerLocked:2702 com.android.server.wm.WindowManagerService.removeWindowLocked:2691 com.android.server.wm.WindowManagerService.removeWindowLocked:2560 com.android.server.wm.WindowManagerService.removeWindow:2555,MISS,0,0.537092
675,setLightsOn(true),HIT,0,0.537778
676,"setSystemUiVisibility vis=0 mask=1 oldVal=40000500 newVal=40000500 diff=0 fullscreenStackVis=0 dockedStackVis=0, fullscreenStackBounds=Rect(0, 0 - 0, 0), dockedStackBounds=Rect(0, 0 - 0, 0)",HIT,0,0.538462
677,Destroying surface Surface(name=PopupWindow:9b04807) called by com.android.server.wm.WindowStateAnimator.destroySurface:2060 com.android.server.wm.WindowStateAnimator.destroySurfaceLocked:913 com.android.server.wm.WindowState.removeLocked:1554 com.android.server.wm.WindowManagerService.removeWindowInnerLocked:2739 com.android.server.wm.WindowManagerService.removeWindowInnerLocked:2702 com.android.server.wm.WindowManagerService.removeWindowLocked:2691 com.android.server.wm.WindowManagerService.removeWindowLocked:2560 com.android.server.wm.WindowManagerService.removeWindow:2555,HIT,0,0.539143
678,setLightsOn(true),HIT,0,0.539823
679,"setSystemUiVisibility vis=0 mask=1 oldVal=40000500 newVal=40000500 diff=0 fullscreenStackVis=0 dockedStackVis=0, fullscreenStackBounds=Rect(0, 0 - 0, 0), dockedStackBounds=Rect(0, 0 - 0, 0)",HIT,0,0.540501
680,HBM brightnessIn =38,HIT,0,0.541176
681,HBM brightnessOut =38,HIT,0,0.541850
682,"Animating brightness: target=38, rate=200",HIT,0,0.542522
683,"userActivityNoUpdateLocked: eventTime=261880856, event=2, flags=0x0, uid=1000",MISS,0,0.541728
684,"ready=true,policy=3,wakefulness=1,wksummary=0x0,uasummary=0x1,bootcompleted=true,boostinprogress=false,waitmodeenable=false,mode=false,manual=38,auto=-1,adj=0.0userId=0",HIT,0,0.542398
685,setLightsOn(true),HIT,0,0.543066
686,"setSystemUiVisibility vis=0 mask=1 oldVal=40000500 newVal=40000500 diff=0 fullscreenStackVis=0 dockedStackVis=0, fullscreenStackBounds=Rect(0, 0 - 0, 0), dockedStackBounds=Rect(0, 0 - 0, 0)",HIT,0,0.543732
687,setLightsOn(true),HIT,0,0.544396
688,"setSystemUiVisibility vis=0 mask=1 oldVal=40000500 newVal=40000500 diff=0 fullscreenStackVis=0 dockedStackVis=0, fullscreenStackBounds=Rect(0, 0 - 0, 0), dockedStackBounds=Rect(0, 0 - 0, 0)",HIT,0,0.545058
689,setLightsOn(true),HIT,0,0.545718
690,"setSystemUiVisibility vis=0 mask=1 oldVal=40000500 newVal=40000500 diff=0 fullscreenStackVis=0 dockedStackVis=0, fullscreenStackBounds=Rect(0, 0 - 0, 0), dockedStackBounds=Rect(0, 0 - 0, 0)",HIT,0,0.546377
691,setLightsOn(true),HIT,0,0.547033
692,"setSystemUiVisibility vis=0 mask=1 oldVal=40000500 newVal=40000500 diff=0 fullscreenStackVis=0 dockedStackVis=0, fullscreenStackBounds=Rect(0, 0 - 0, 0), dockedStackBounds=Rect(0, 0 - 0, 0)",HIT,0,0.547688
693,getRunningAppProcesses: caller 10113 does not hold REAL_GET_TASKS; limiting output,HIT,0,0.548341
694,setLightsOn(true),HIT,0,0.548991
695,"setSystemUiVisibility vis=0 mask=1 oldVal=40000500 newVal=40000500 diff=0 fullscreenStackVis=0 dockedStackVis=0, fullscreenStackBounds=Rect(0, 0 - 0, 0), dockedStackBounds=Rect(0, 0 - 0, 0)",HIT,0,0.549640
696,setLightsOn(true),HIT,0,0.550287
697,"setSystemUiVisibility vis=0 mask=1 oldVal=40000500 newVal=40000500 diff=0 fullscreenStackVis=0 dockedStackVis=0, fullscreenStackBounds=Rect(0, 0 - 0, 0), dockedStackBounds=Rect(0, 0 - 0, 0)",HIT,0,0.550933
698,"userActivityNoUpdateLocked: eventTime=261881405, event=2, flags=0x0, uid=1000",MISS,0,0.550143
699,"ready=true,policy=3,wakefulness=1,wksummary=0x0,uasummary=0x1,bootcompleted=true,boostinprogress=false,waitmodeenable=false,mode=false,manual=38,auto=-1,adj=0.0userId=0",HIT,0,0.550787
700,setLightsOn(true),HIT,0,0.551429
701,"setSystemUiVisibility vis=0 mask=1 oldVal=40000500 newVal=40000500 diff=0 fullscreenStackVis=0 dockedStackVis=0, fullscreenStackBounds=Rect(0, 0 - 0, 0), dockedStackBounds=Rect(0, 0 - 0, 0)",HIT,0,0.552068
702,setLightsOn(true),HIT,0,0.552707
703,"setSystemUiVisibility vis=0 mask=1 oldVal=40000500 newVal=40000500 diff=0 fullscreenStackVis=0 dockedStackVis=0, fullscreenStackBounds=Rect(0, 0 - 0, 0), dockedStackBounds=Rect(0, 0 - 0, 0)",HIT,0,0.553343
704,setLightsOn(true),HIT,0,0.553977
705,"setSystemUiVisibility vis=0 mask=1 oldVal=40000500 newVal=40000500 diff=0 fullscreenStackVis=0 dockedStackVis=0, fullscreenStackBounds=Rect(0, 0 - 0, 0), dockedStackBounds=Rect(0, 0 - 0, 0)",HIT,0,0.554610
706,setLightsOn(true),HIT,0,0.555241
707,"setSystemUiVisibility vis=0 mask=1 oldVal=40000500 newVal=40000500 diff=0 fullscreenStackVis=0 dockedStackVis=0, fullscreenStackBounds=Rect(0, 0 - 0, 0), dockedStackBounds=Rect(0, 0 - 0, 0)",HIT,0,0.555870
708,getRunningAppProcesses: caller 10113 does not hold REAL_GET_TASKS; limiting output,HIT,0,0.556497
709,"userActivityNoUpdateLocked: eventTime=261883596, event=2, flags=0x0, uid=1000",MISS,0,0.555712
710,"ready=true,policy=3,wakefulness=1,wksummary=0x0,uasummary=0x1,bootcompleted=true,boostinprogress=false,waitmodeenable=false,mode=false,manual=38,auto=-1,adj=0.0userId=0",HIT,0,0.556338
711,setLightsOn(true),HIT,0,0.556962
712,"setSystemUiVisibility vis=0 mask=1 oldVal=40000500 newVal=40000500 diff=0 fullscreenStackVis=0 dockedStackVis=0, fullscreenStackBounds=Rect(0, 0 - 0, 0), dockedStackBounds=Rect(0, 0 - 0, 0)",HIT,0,0.557584
713,setLightsOn(true),HIT,0,0.558205
714,"setSystemUiVisibility vis=0 mask=1 oldVal=40000500 newVal=40000500 diff=0 fullscreenStackVis=0 dockedStackVis=0, fullscreenStackBounds=Rect(0, 0 - 0, 0), dockedStackBounds=Rect(0, 0 - 0, 0)",HIT,0,0.558824
715,HBM brightnessIn =38,HIT,0,0.559441
716,HBM brightnessOut =38,HIT,0,0.560056
717,"Animating brightness: target=38, rate=200",HIT,0,0.560669
718,setLightsOn(true),HIT,0,0.561281
719,"setSystemUiVisibility vis=0 mask=1 oldVal=40000500 newVal=40000500 diff=0 fullscreenStackVis=0 dockedStackVis=0, fullscreenStackBounds=Rect(0, 0 - 0, 0), dockedStackBounds=Rect(0, 0 - 0, 0)",HIT,0,0.561892
720,HBM brightnessIn =38,HIT,0,0.562500
721,HBM brightnessOut =38,HIT,0,0.563107
722,"Animating brightness: target=38, rate=200",HIT,0,0.563712
723,"userActivityNoUpdateLocked: eventTime=261884464, event=2, flags=0x0, uid=1000",MISS,0,0.562932
724,"ready=true,policy=3,wakefulness=1,wksummary=0x0,uasummary=0x1,bootcompleted=true,boostinprogress=false,waitmodeenable=false,mode=false,manual=38,auto=-1,adj=0.0userId=0",HIT,0,0.563536
725,setLightsOn(true),HIT,0,0.564138
726,"setSystemUiVisibility vis=0 mask=1 oldVal=40000500 newVal=40000500 diff=0 fullscreenStackVis=0 dockedStackVis=0, fullscreenStackBounds=Rect(0, 0 - 0, 0), dockedStackBounds=Rect(0, 0 - 0, 0)",HIT,0,0.564738
727,isMusicActive...,HIT,0,0.565337
728,setLightsOn(true),HIT,0,0.565934
729,"setSystemUiVisibility vis=0 mask=1 oldVal=40000500 newVal=40000500 diff=0 fullscreenStackVis=0 dockedStackVis=0, fullscreenStackBounds=Rect(0, 0 - 0, 0), dockedStackBounds=Rect(0, 0 - 0, 0)",HIT,0,0.566529
730,setLightsOn(true),HIT,0,0.567123
731,"setSystemUiVisibility vis=0 mask=1 oldVal=40000500 newVal=40000500 diff=0 fullscreenStackVis=0 dockedStackVis=0, fullscreenStackBounds=Rect(0, 0 - 0, 0), dockedStackBounds=Rect(0, 0 - 0, 0)",HIT,0,0.567715
732,setLightsOn(true),HIT,0,0.568306
733,"setSystemUiVisibility vis=0 mask=1 oldVal=40000500 newVal=40000500 diff=0 fullscreenStackVis=0 dockedStackVis=0, fullscreenStackBounds=Rect(0, 0 - 0, 0), dockedStackBounds=Rect(0, 0 - 0, 0)",HIT,0,0.568895
734,"userActivityNoUpdateLocked: eventTime=261885300, event=2, flags=0x0, uid=1000",MISS,0,0.568120
735,"ready=true,policy=3,wakefulness=1,wksummary=0x0,uasummary=0x1,bootcompleted=true,boostinprogress=false,waitmodeenable=false,mode=false,manual=38,auto=-1,adj=0.0userId=0",HIT,0,0.568707
736,setLightsOn(true),HIT,0,0.569293
737,"setSystemUiVisibility vis=0 mask=1 oldVal=40000500 newVal=40000500 diff=0 fullscreenStackVis=0 dockedStackVis=0, fullscreenStackBounds=Rect(0, 0 - 0, 0), dockedStackBounds=Rect(0, 0 - 0, 0)",HIT,0,0.569878
738,"userActivityNoUpdateLocked: eventTime=261885816, event=2, flags=0x0, uid=1000",MISS,0,0.569106
739,"ready=true,policy=3,wakefulness=1,wksummary=0x0,uasummary=0x1,bootcompleted=true,boostinprogress=false,waitmodeenable=false,mode=false,manual=38,auto=-1,adj=0.0userId=0",HIT,0,0.569689
740,setLightsOn(true),HIT,0,0.570270
741,"setSystemUiVisibility vis=0 mask=1 oldVal=40000500 newVal=40000500 diff=0 fullscreenStackVis=0 dockedStackVis=0, fullscreenStackBounds=Rect(0, 0 - 0, 0), dockedStackBounds=Rect(0, 0 - 0, 0)",HIT,0,0.570850
742,setLightsOn(true),HIT,0,0.571429
743,"setSystemUiVisibility vis=0 mask=1 oldVal=40000500 newVal=40000500 diff=0 fullscreenStackVis=0 dockedStackVis=0, fullscreenStackBounds=Rect(0, 0 - 0, 0), dockedStackBounds=Rect(0, 0 - 0, 0)",HIT,0,0.572005
744,setLightsOn(true),HIT,0,0.572581
745,"setSystemUiVisibility vis=0 mask=1 oldVal=40000500 newVal=40000500 diff=0 fullscreenStackVis=0 dockedStackVis=0, fullscreenStackBounds=Rect(0, 0 - 0, 0), dockedStackBounds=Rect(0, 0 - 0, 0)",HIT,0,0.573154
746,setLightsOn(true),HIT,0,0.573727
747,"setSystemUiVisibility vis=0 mask=1 oldVal=40000500 newVal=40000500 diff=0 fullscreenStackVis=0 dockedStackVis=0, fullscreenStackBounds=Rect(0, 0 - 0, 0), dockedStackBounds=Rect(0, 0 - 0, 0)",HIT,0,0.574297
748,"userActivityNoUpdateLocked: eventTime=261886520, event=2, flags=0x0, uid=1000",MISS,0,0.573529
749,"ready=true,policy=3,wakefulness=1,wksummary=0x0,uasummary=0x1,bootcompleted=true,boostinprogress=false,waitmodeenable=false,mode=false,manual=38,auto=-1,adj=0.0userId=0",HIT,0,0.574099
750,setLightsOn(true),HIT,0,0.574667
751,"setSystemUiVisibility vis=0 mask=1 oldVal=40000500 newVal=40000500 diff=0 fullscreenStackVis=0 dockedStackVis=0, fullscreenStackBounds=Rect(0, 0 - 0, 0), dockedStackBounds=Rect(0, 0 - 0, 0)",HIT,0,0.575233
752,"userActivityNoUpdateLocked: eventTime=261887070, event=2, flags=0x0, uid=1000",MISS,0,0.574468
753,"ready=true,policy=3,wakefulness=1,wksummary=0x0,uasummary=0x1,bootcompleted=true,boostinprogress=false,waitmodeenable=false,mode=false,manual=38,auto=-1,adj=0.0userId=0",HIT,0,0.575033
754,playSoundEffect   effectType: 0,MISS,0,0.574271
755,querySoundEffectsEnabled...,HIT,0,0.574834
756,Destroying surface Surface(name=PopupWindow:9b04807) called by com.android.server.wm.WindowStateAnimator.destroySurface:2060 com.android.server.wm.WindowStateAnimator.destroySurfaceLocked:913 com.android.server.wm.WindowState.removeLocked:1554 com.android.server.wm.WindowManagerService.removeWindowInnerLocked:2739 com.android.server.wm.WindowManagerService.removeWindowInnerLocked:2702 com.android.server.wm.WindowManagerService.removeWindowLocked:2691 com.android.server.wm.WindowManagerService.removeWindowLocked:2560 com.android.server.wm.WindowManagerService.removeWindow:2555,HIT,0,0.575397
757,setLightsOn(true),HIT,0,0.575958
758,"setSystemUiVisibility vis=0 mask=1 oldVal=40000500 newVal=40000500 diff=0 fullscreenStackVis=0 dockedStackVis=0, fullscreenStackBounds=Rect(0, 0 - 0, 0), dockedStackBounds=Rect(0, 0 - 0, 0)",HIT,0,0.576517
759,Destroying surface Surface(name=PopupWindow:317e46) called by com.android.server.wm.WindowStateAnimator.destroySurface:2060 com.android.server.wm.WindowStateAnimator.destroySurfaceLocked:913 com.android.server.wm.WindowState.removeLocked:1554 com.android.server.wm.WindowManagerService.removeWindowInnerLocked:2739 com.android.server.wm.WindowManagerService.removeWindowInnerLocked:2702 com.android.server.wm.WindowManagerService.removeWindowLocked:2691 com.android.server.wm.WindowManagerService.removeWindowLocked:2560 com.android.server.wm.WindowManagerService.removeWindow:2555,HIT,0,0.577075
760,setLightsOn(true),HIT,0,0.577632
761,"setSystemUiVisibility vis=0 mask=1 oldVal=40000500 newVal=40000500 diff=0 fullscreenStackVis=0 dockedStackVis=0, fullscreenStackBounds=Rect(0, 0 - 0, 0), dockedStackBounds=Rect(0, 0 - 0, 0)",HIT,0,0.578187
762,setLightsOn(true),HIT,0,0.578740
763,"setSystemUiVisibility vis=0 mask=1 oldVal=40000500 newVal=40000500 diff=0 fullscreenStackVis=0 dockedStackVis=0, fullscreenStackBounds=Rect(0, 0 - 0, 0), dockedStackBounds=Rect(0, 0 - 0, 0)",HIT,0,0.579292
764,setLightsOn(true),HIT,0,0.579843
765,"setSystemUiVisibility vis=0 mask=1 oldVal=40000500 newVal=40000500 diff=0 fullscreenStackVis=0 dockedStackVis=0, fullscreenStackBounds=Rect(0, 0 - 0, 0), dockedStackBounds=Rect(0, 0 - 0, 0)",HIT,0,0.580392
766,setLightsOn(true),HIT,0,0.580940
767,"setSystemUiVisibility vis=0 mask=1 oldVal=40000500 newVal=40000500 diff=0 fullscreenStackVis=0 dockedStackVis=0, fullscreenStackBounds=Rect(0, 0 - 0, 0), dockedStackBounds=Rect(0, 0 - 0, 0)",HIT,0,0.581486
768,setLightsOn(true),HIT,0,0.582031
769,"setSystemUiVisibility vis=0 mask=1 oldVal=40000500 newVal=40000500 diff=0 fullscreenStackVis=0 dockedStackVis=0, fullscreenStackBounds=Rect(0, 0 - 0, 0), dockedStackBounds=Rect(0, 0 - 0, 0)",HIT,0,0.582575
770,HBM brightnessIn =38,HIT,0,0.583117
771,HBM brightnessOut =38,HIT,0,0.583658
772,"Animating brightness: target=38, rate=200",HIT,0,0.584197
773,getRunningAppProcesses: caller 10113 does not hold REAL_GET_TASKS; limiting output,HIT,0,0.584735
774,getTasks: caller 10111 does not hold REAL_GET_TASKS; limiting output,HIT,0,0.585271
775,getTasks: caller 10111 does not hold REAL_GET_TASKS; limiting output,HIT,0,0.585806
776,getTasks: caller 10111 does not hold REAL_GET_TASKS; limiting output,HIT,0,0.586340
777,getTasks: caller 10111 does not hold REAL_GET_TASKS; limiting output,HIT,0,0.586873
778,getRunningAppProcesses: caller 10111 does not hold REAL_GET_TASKS; limiting output,HIT,0,0.587404
779,isMusicActive...,HIT,0,0.587933
780,"sending alarm Alarm{19069ff type 3 when 509169377 PendingIntent{50303cc: PendingIntentRecord{e204f60 com.android.phone broadcastIntent}}},repeatInterval = 0,listenerTag =null",MISS,0,0.587179
781,"ready=true,policy=3,wakefulness=1,wksummary=0x1,uasummary=0x1,bootcompleted=true,boostinprogress=false,waitmodeenable=false,mode=false,manual=38,auto=-1,adj=0.0userId=0",HIT,0,0.587708
782,"Acquiring suspend blocker ""PowerManagerService.WakeLocks"".",HIT,0,0.588235
783,Killing 23484:com.android.calendar/u0a13 (adj 906): empty for 1810s,MISS,0,0.587484
784,"ready=true,policy=3,wakefulness=1,wksummary=0x0,uasummary=0x1,bootcompleted=true,boostinprogress=false,waitmodeenable=false,mode=false,manual=38,auto=-1,adj=0.0userId=0",HIT,0,0.588010
785,"Releasing suspend blocker ""PowerManagerService.WakeLocks"".",HIT,0,0.588535
786,stopWifiDisplayScanLocked record.mWifiDisplayScanRequested=false,MISS,0,0.587786
787,stopWifiDisplayScanLocked mWifiDisplayScanRequestCount=0,HIT,0,0.588310
788,cleanUpApplicationRecord -- 5784,MISS,0,0.587563
789,"cleanUpApplicationRecordLocked, pid: 5784, restart: false",MISS,0,0.586819
790,"cleanUpApplicationRecordLocked, reset pid: 5784, euid: 0",MISS,0,0.586076
791,stopWifiDisplayScanLocked record.mWifiDisplayScanRequested=false,HIT,0,0.586599
792,stopWifiDisplayScanLocked mWifiDisplayScanRequestCount=0,HIT,0,0.587121
793,cleanUpApplicationRecord -- 23484,MISS,0,0.586381
794,"cleanUpApplicationRecordLocked, pid: 23484, restart: false",MISS,0,0.585642
795,"cleanUpApplicationRecordLocked, reset pid: 23484, euid: 0",MISS,0,0.584906
796,stopWifiDisplayScanLocked record.mWifiDisplayScanRequested=false,HIT,0,0.585427
797,stopWifiDisplayScanLocked mWifiDisplayScanRequestCount=0,HIT,0,0.585947
798,cleanUpApplicationRecord -- 5769,MISS,0,0.585213
799,"cleanUpApplicationRecordLocked, pid: 5769, restart: false",MISS,0,0.584481
800,"cleanUpApplicationRecordLocked, reset pid: 5769, euid: 0",MISS,0,0.583750
801,HBM brightnessIn =38,HIT,0,0.584270
802,HBM brightnessOut =38,HIT,0,0.584788
803,"Animating brightness: target=38, rate=200",HIT,0,0.585305
804,HBM brightnessIn =38,HIT,0,0.585821
805,HBM brightnessOut =38,HIT,0,0.586335
806,"Animating brightness: target=38, rate=200",HIT,0,0.586849
807,HBM brightnessIn =38,HIT,0,0.587361
808,HBM brightnessOut =38,HIT,0,0.587871
809,"Animating brightness: target=38, rate=200",HIT,0,0.588381
810,getRunningAppProcesses: caller 10091 does not hold REAL_GET_TASKS; limiting output,HIT,0,0.588889
811,getTasks: caller 10111 does not hold REAL_GET_TASKS; limiting output,HIT,0,0.589396
812,getTasks: caller 10111 does not hold REAL_GET_TASKS; limiting output,HIT,0,0.589901
813,HBM brightnessIn =38,HIT,0,0.590406
814,HBM brightnessOut =38,HIT,0,0.590909
815,"Animating brightness: target=38, rate=200",HIT,0,0.591411
816,HBM brightnessIn =38,HIT,0,0.591912
817,HBM brightnessOut =38,HIT,0,0.592411
818,"Animating brightness: target=38, rate=200",HIT,0,0.592910
819,HBM brightnessIn =38,HIT,0,0.593407
820,HBM brightnessOut =38,HIT,0,0.593902
821,"Animating brightness: target=38, rate=200",HIT,0,0.594397
822,HBM brightnessIn =38,HIT,0,0.594891
823,HBM brightnessOut =38,HIT,0,0.595383
824,"Animating brightness: target=38, rate=200",HIT,0,0.595874
825,getRunningAppProcesses: caller 10113 does not hold REAL_GET_TASKS; limiting output,HIT,0,0.596364
826,getRunningAppProcesses: caller 10113 does not hold REAL_GET_TASKS; limiting output,HIT,0,0.596852
827,HBM brightnessIn =38,HIT,0,0.597340
828,HBM brightnessOut =38,HIT,0,0.597826
829,"Animating brightness: target=38, rate=200",HIT,0,0.598311
830,getRunningAppProcesses: caller 10111 does not hold REAL_GET_TASKS; limiting output,HIT,0,0.598795
831,HBM brightnessIn =38,HIT,0,0.599278
832,HBM brightnessOut =38,HIT,0,0.599760
833,"Animating brightness: target=38, rate=200",HIT,0,0.600240
834,HBM brightnessIn =38,HIT,0,0.600719
835,HBM brightnessOut =38,HIT,0,0.601198
836,"Animating brightness: target=38, rate=200",HIT,0,0.601675
837,isMusicActive...,HIT,0,0.602151
838,HBM brightnessIn =38,HIT,0,0.602625
839,HBM brightnessOut =38,HIT,0,0.603099
840,"Animating brightness: target=38, rate=200",HIT,0,0.603571
841,getRunningAppProcesses: caller 10113 does not hold REAL_GET_TASKS; limiting output,HIT,0,0.604043
842,getRunningAppProcesses: caller 10113 does not hold REAL_GET_TASKS; limiting output,HIT,0,0.604513
843,getRunningAppProcesses: caller 10111 does not hold REAL_GET_TASKS; limiting output,HIT,0,0.604982
844,isMusicActive...,HIT,0,0.605450
845,"ready=true,policy=3,wakefulness=1,wksummary=0x1,uasummary=0x1,bootcompleted=true,boostinprogress=false,waitmodeenable=false,mode=false,manual=38,auto=-1,adj=0.0userId=0",HIT,0,0.605917
846,"Acquiring suspend blocker ""PowerManagerService.WakeLocks"".",HIT,0,0.606383
847,"ready=true,policy=3,wakefulness=1,wksummary=0x0,uasummary=0x1,bootcompleted=true,boostinprogress=false,waitmodeenable=false,mode=false,manual=38,auto=-1,adj=0.0userId=0",HIT,0,0.606848
848,"Releasing suspend blocker ""PowerManagerService.WakeLocks"".",HIT,0,0.607311
849,HBM brightnessIn =38,HIT,0,0.607774
850,HBM brightnessOut =38,HIT,0,0.608235
851,"Animating brightness: target=38, rate=200",HIT,0,0.608696
852,HBM brightnessIn =38,HIT,0,0.609155
853,HBM brightnessOut =38,HIT,0,0.609613
854,"Animating brightness: target=38, rate=200",HIT,0,0.610070
855,"sending alarm Alarm{c1705d3 type 3 when 509202333 PendingIntent{1749923: PendingIntentRecord{9600e20 android broadcastIntent}}},repeatInterval = 0,listenerTag =time_tick",MISS,0,0.609357
856,"ready=true,policy=3,wakefulness=1,wksummary=0x1,uasummary=0x1,bootcompleted=true,boostinprogress=false,waitmodeenable=false,mode=false,manual=38,auto=-1,adj=0.0userId=0",HIT,0,0.609813
857,"Acquiring suspend blocker ""PowerManagerService.WakeLocks"".",HIT,0,0.610268
858,Received TIME_TICK alarm; rescheduling,MISS,0,0.609557
859,scheduleTimeTickEvent triggerAtTime = 509262332,MISS,0,0.608847
860,"updateClipping isOverlap:false, getTopPadding=333.0, Translation=0.0",HIT,0,0.609302
861,updateDimmedActivatedHideSensitive overlap:false,HIT,0,0.609756
862,"updateClipping isOverlap:false, getTopPadding=333.0, Translation=0.0",HIT,0,0.610209
863,updateDimmedActivatedHideSensitive overlap:false,HIT,0,0.610660
864,received broadcast android.intent.action.TIME_TICK,MISS,0,0.609954
865,handleTimeUpdate,HIT,0,0.610405
866,getRunningAppProcesses: caller 10113 does not hold REAL_GET_TASKS; limiting output,HIT,0,0.610855
867,"ready=true,policy=3,wakefulness=1,wksummary=0x0,uasummary=0x1,bootcompleted=true,boostinprogress=false,waitmodeenable=false,mode=false,manual=38,auto=-1,adj=0.0userId=0",HIT,0,0.611303
868,"Releasing suspend blocker ""PowerManagerService.WakeLocks"".",HIT,0,0.611751
869,"acquire lock=134680583, flags=0x1, tag=""RILJ_ACK_WL"", name=com.android.phone, ws=null, uid=1001, pid=2626",MISS,0,0.611047
870,"ready=true,policy=3,wakefulness=1,wksummary=0x1,uasummary=0x1,bootcompleted=true,boostinprogress=false,waitmodeenable=false,mode=false,manual=38,auto=-1,adj=0.0userId=0",HIT,0,0.611494
871,"Acquiring suspend blocker ""PowerManagerService.WakeLocks"".",HIT,0,0.611940
872,remove(PendingIntent{e4e2534: PendingIntentRecord{e204f60 com.android.phone broadcastIntent}}) changed bounds; rebatching,MISS,0,0.611239
873,"release:lock=134680583, flg=0x0, tag=""RILJ_ACK_WL"", name=com.android.phone"", ws=null, uid=1001, pid=2626",MISS,0,0.610538
874,"ready=true,policy=3,wakefulness=1,wksummary=0x0,uasummary=0x1,bootcompleted=true,boostinprogress=false,waitmodeenable=false,mode=false,manual=38,auto=-1,adj=0.0userId=0",HIT,0,0.610984
875,"Releasing suspend blocker ""PowerManagerService.WakeLocks"".",HIT,0,0.611429
876,getRunningAppProcesses: caller 10113 does not hold REAL_GET_TASKS; limiting output,HIT,0,0.611872
877,"acquire lock=134680583, flags=0x1, tag=""RILJ_ACK_WL"", name=com.android.phone, ws=null, uid=1001, pid=2626",HIT,0,0.612315
878,"ready=true,policy=3,wakefulness=1,wksummary=0x1,uasummary=0x1,bootcompleted=true,boostinprogress=false,waitmodeenable=false,mode=false,manual=38,auto=-1,adj=0.0userId=0",HIT,0,0.612756
879,"Acquiring suspend blocker ""PowerManagerService.WakeLocks"".",HIT,0,0.613197
880,"acquire lock=134680583, flags=0x1, tag=""RILJ_ACK_WL"", name=com.android.phone, ws=null, uid=1001, pid=2626",HIT,0,0.613636
881,"ready=true,policy=3,wakefulness=1,wksummary=0x1,uasummary=0x1,bootcompleted=true,boostinprogress=false,waitmodeenable=false,mode=false,manual=38,auto=-1,adj=0.0userId=0",HIT,0,0.614075
882,"ready=true,policy=3,wakefulness=1,wksummary=0x1,uasummary=0x1,bootcompleted=true,boostinprogress=false,waitmodeenable=false,mode=false,manual=38,auto=-1,adj=0.0userId=0",HIT,0,0.614512
883,"ready=true,policy=3,wakefulness=1,wksummary=0x1,uasummary=0x1,bootcompleted=true,boostinprogress=false,waitmodeenable=false,mode=false,manual=38,auto=-1,adj=0.0userId=0",HIT,0,0.614949
884,"ready=true,policy=3,wakefulness=1,wksummary=0x1,uasummary=0x1,bootcompleted=true,boostinprogress=false,waitmodeenable=false,mode=false,manual=38,auto=-1,adj=0.0userId=0",HIT,0,0.615385
885,"ready=true,policy=3,wakefulness=1,wksummary=0x1,uasummary=0x1,bootcompleted=true,boostinprogress=false,waitmodeenable=false,mode=false,manual=38,auto=-1,adj=0.0userId=0",HIT,0,0.615819
886,"ready=true,policy=3,wakefulness=1,wksummary=0x1,uasummary=0x1,bootcompleted=true,boostinprogress=false,waitmodeenable=false,mode=false,manual=38,auto=-1,adj=0.0userId=0",HIT,0,0.616253
887,shouldBlockLocation running ...,HIT,0,0.616685
888,shouldBlockLocation  ret:false,HIT,0,0.617117
889,shouldBlockLocation running ...,HIT,0,0.617548
890,shouldBlockLocation  ret:false,HIT,0,0.617978
891,"release:lock=134680583, flg=0x0, tag=""RILJ_ACK_WL"", name=com.android.phone"", ws=null, uid=1001, pid=2626",MISS,0,0.617284
892,"ready=true,policy=3,wakefulness=1,wksummary=0x0,uasummary=0x1,bootcompleted=true,boostinprogress=false,waitmodeenable=false,mode=false,manual=38,auto=-1,adj=0.0userId=0",HIT,0,0.617713
893,"Releasing suspend blocker ""PowerManagerService.WakeLocks"".",HIT,0,0.618141
894,getNeighboringCellInfo calling app is com.amap.android.ams,MISS,0,0.617450
895,shouldBlockLocation running ...,HIT,0,0.617877
896,shouldBlockLocation  ret:false,HIT,0,0.618304
897,"ready=true,policy=3,wakefulness=1,wksummary=0x1,uasummary=0x1,bootcompleted=true,boostinprogress=false,waitmodeenable=false,mode=false,manual=38,auto=-1,adj=0.0userId=0",HIT,0,0.618729
898,"Acquiring suspend blocker ""PowerManagerService.WakeLocks"".",HIT,0,0.619154
899,"ready=true,policy=3,wakefulness=1,wksummary=0x0,uasummary=0x1,bootcompleted=true,boostinprogress=false,waitmodeenable=false,mode=false,manual=38,auto=-1,adj=0.0userId=0",HIT,0,0.619577
900,"Releasing suspend blocker ""PowerManagerService.WakeLocks"".",HIT,0,0.620000
901,shouldBlockLocation running ...,HIT,0,0.620422
902,shouldBlockLocation  ret:false,HIT,0,0.620843
903,"ready=true,policy=3,wakefulness=1,wksummary=0x1,uasummary=0x1,bootcompleted=true,boostinprogress=false,waitmodeenable=false,mode=false,manual=38,auto=-1,adj=0.0userId=0",HIT,0,0.621262
904,"Acquiring suspend blocker ""PowerManagerService.WakeLocks"".",HIT,0,0.621681
905,"ready=true,policy=3,wakefulness=1,wksummary=0x0,uasummary=0x1,bootcompleted=true,boostinprogress=false,waitmodeenable=false,mode=false,manual=38,auto=-1,adj=0.0userId=0",HIT,0,0.622099
906,"Releasing suspend blocker ""PowerManagerService.WakeLocks"".",HIT,0,0.622517
907,"ready=true,policy=3,wakefulness=1,wksummary=0x1,uasummary=0x1,bootcompleted=true,boostinprogress=false,waitmodeenable=false,mode=false,manual=38,auto=-1,adj=0.0userId=0",HIT,0,0.622933
908,"Acquiring suspend blocker ""PowerManagerService.WakeLocks"".",HIT,0,0.623348
909,"ready=true,policy=3,wakefulness=1,wksummary=0x0,uasummary=0x1,bootcompleted=true,boostinprogress=false,waitmodeenable=false,mode=false,manual=38,auto=-1,adj=0.0userId=0",HIT,0,0.623762
910,"Releasing suspend blocker ""PowerManagerService.WakeLocks"".",HIT,0,0.624176
911,shouldBlockLocation running ...,HIT,0,0.624588
912,shouldBlockLocation  ret:false,HIT,0,0.625000
913,HBM brightnessIn =38,HIT,0,0.625411
914,HBM brightnessOut =38,HIT,0,0.625821
915,"Animating brightness: target=38, rate=200",HIT,0,0.626230
916,Unable to start service Intent { act=com.tencent.android.tpush.action.keepalive cmp=com.qqgame.hlddz/com.tencent.android.tpush.service.XGPushService } U=0: not found,MISS,0,0.625546
917,"ready=true,policy=3,wakefulness=1,wksummary=0x1,uasummary=0x1,bootcompleted=true,boostinprogress=false,waitmodeenable=false,mode=false,manual=38,auto=-1,adj=0.0userId=0",HIT,0,0.625954
918,"Acquiring suspend blocker ""PowerManagerService.WakeLocks"".",HIT,0,0.626362
919,getRunningAppProcesses: caller 10091 does not hold REAL_GET_TASKS; limiting output,HIT,0,0.626768
920,getRunningAppProcesses: caller 10091 does not hold REAL_GET_TASKS; limiting output,HIT,0,0.627174
921,"ready=true,policy=3,wakefulness=1,wksummary=0x0,uasummary=0x1,bootcompleted=true,boostinprogress=false,waitmodeenable=false,mode=false,manual=38,auto=-1,adj=0.0userId=0",HIT,0,0.627579
922,"Releasing suspend blocker ""PowerManagerService.WakeLocks"".",HIT,0,0.627983
923,"acquire lock=120758482, flags=0x1, tag=""RILJ_ACK_WL"", name=com.android.phone, ws=null, uid=1001, pid=2626",MISS,0,0.627302
924,"ready=true,policy=3,wakefulness=1,wksummary=0x1,uasummary=0x1,bootcompleted=true,boostinprogress=false,waitmodeenable=false,mode=false,manual=38,auto=-1,adj=0.0userId=0",HIT,0,0.627706
925,"Acquiring suspend blocker ""PowerManagerService.WakeLocks"".",HIT,0,0.628108
926,"release:lock=120758482, flg=0x0, tag=""RILJ_ACK_WL"", name=com.android.phone"", ws=null, uid=1001, pid=2626",MISS,0,0.627430
927,"ready=true,policy=3,wakefulness=1,wksummary=0x0,uasummary=0x1,bootcompleted=true,boostinprogress=false,waitmodeenable=false,mode=false,manual=38,auto=-1,adj=0.0userId=0",HIT,0,0.627832
928,"Releasing suspend blocker ""PowerManagerService.WakeLocks"".",HIT,0,0.628233
929,"acquire lock=120758482, flags=0x1, tag=""RILJ_ACK_WL"", name=com.android.phone, ws=null, uid=1001, pid=2626",HIT,0,0.628633
930,"ready=true,policy=3,wakefulness=1,wksummary=0x1,uasummary=0x1,bootcompleted=true,boostinprogress=false,waitmodeenable=false,mode=false,manual=38,auto=-1,adj=0.0userId=0",HIT,0,0.629032
931,"Acquiring suspend blocker ""PowerManagerService.WakeLocks"".",HIT,0,0.629431
932,"acquire lock=120758482, flags=0x1, tag=""RILJ_ACK_WL"", name=com.android.phone, ws=null, uid=1001, pid=2626",HIT,0,0.629828
933,"ready=true,policy=3,wakefulness=1,wksummary=0x1,uasummary=0x1,bootcompleted=true,boostinprogress=false,waitmodeenable=false,mode=false,manual=38,auto=-1,adj=0.0userId=0",HIT,0,0.630225
934,"ready=true,policy=3,wakefulness=1,wksummary=0x1,uasummary=0x1,bootcompleted=true,boostinprogress=false,waitmodeenable=false,mode=false,manual=38,auto=-1,adj=0.0userId=0",HIT,0,0.630621
935,"ready=true,policy=3,wakefulness=1,wksummary=0x1,uasummary=0x1,bootcompleted=true,boostinprogress=false,waitmodeenable=false,mode=false,manual=38,auto=-1,adj=0.0userId=0",HIT,0,0.631016
936,"ready=true,policy=3,wakefulness=1,wksummary=0x1,uasummary=0x1,bootcompleted=true,boostinprogress=false,waitmodeenable=false,mode=false,manual=38,auto=-1,adj=0.0userId=0",HIT,0,0.631410
937,"ready=true,policy=3,wakefulness=1,wksummary=0x1,uasummary=0x1,bootcompleted=true,boostinprogress=false,waitmodeenable=false,mode=false,manual=38,auto=-1,adj=0.0userId=0",HIT,0,0.631804
938,"ready=true,policy=3,wakefulness=1,wksummary=0x1,uasummary=0x1,bootcompleted=true,boostinprogress=false,waitmodeenable=false,mode=false,manual=38,auto=-1,adj=0.0userId=0",HIT,0,0.632196
939,shouldBlockLocation running ...,HIT,0,0.632588
940,shouldBlockLocation  ret:false,HIT,0,0.632979
941,shouldBlockLocation running ...,HIT,0,0.633369
942,shouldBlockLocation  ret:false,HIT,0,0.633758
943,getNeighboringCellInfo calling app is com.amap.android.ams,HIT,0,0.634146
944,shouldBlockLocation running ...,HIT,0,0.634534
945,shouldBlockLocation  ret:false,HIT,0,0.634921
946,"ready=true,policy=3,wakefulness=1,wksummary=0x1,uasummary=0x1,bootcompleted=true,boostinprogress=false,waitmodeenable=false,mode=false,manual=38,auto=-1,adj=0.0userId=0",HIT,0,0.635307
947,"release:lock=120758482, flg=0x0, tag=""RILJ_ACK_WL"", name=com.android.phone"", ws=null, uid=1001, pid=2626",MISS,0,0.634636
948,"ready=true,policy=3,wakefulness=1,wksummary=0x1,uasummary=0x1,bootcompleted=true,boostinprogress=false,waitmodeenable=false,mode=false,manual=38,auto=-1,adj=0.0userId=0",HIT,0,0.635021
949,"ready=true,policy=3,wakefulness=1,wksummary=0x0,uasummary=0x1,bootcompleted=true,boostinprogress=false,waitmodeenable=false,mode=false,manual=38,auto=-1,adj=0.0userId=0",HIT,0,0.635406
950,"Releasing suspend blocker ""PowerManagerService.WakeLocks"".",HIT,0,0.635789
951,shouldBlockLocation running ...,HIT,0,0.636172
952,shouldBlockLocation  ret:false,HIT,0,0.636555
953,"ready=true,policy=3,wakefulness=1,wksummary=0x1,uasummary=0x1,bootcompleted=true,boostinprogress=false,waitmodeenable=false,mode=false,manual=38,auto=-1,adj=0.0userId=0",HIT,0,0.636936
954,"Acquiring suspend blocker ""PowerManagerService.WakeLocks"".",HIT,0,0.637317
955,"ready=true,policy=3,wakefulness=1,wksummary=0x0,uasummary=0x1,bootcompleted=true,boostinprogress=false,waitmodeenable=false,mode=false,manual=38,auto=-1,adj=0.0userId=0",HIT,0,0.637696
956,"Releasing suspend blocker ""PowerManagerService.WakeLocks"".",HIT,0,0.638075
957,"ready=true,policy=3,wakefulness=1,wksummary=0x1,uasummary=0x1,bootcompleted=true,boostinprogress=false,waitmodeenable=false,mode=false,manual=38,auto=-1,adj=0.0userId=0",HIT,0,0.638454
958,"Acquiring suspend blocker ""PowerManagerService.WakeLocks"".",HIT,0,0.638831
959,"ready=true,policy=3,wakefulness=1,wksummary=0x0,uasummary=0x1,bootcompleted=true,boostinprogress=false,waitmodeenable=false,mode=false,manual=38,auto=-1,adj=0.0userId=0",HIT,0,0.639208
960,"Releasing suspend blocker ""PowerManagerService.WakeLocks"".",HIT,0,0.639583
961,shouldBlockLocation running ...,HIT,0,0.639958
962,shouldBlockLocation  ret:false,HIT,0,0.640333
963,HBM brightnessIn =38,HIT,0,0.640706
964,HBM brightnessOut =38,HIT,0,0.641079
965,"Animating brightness: target=38, rate=200",HIT,0,0.641451
966,"acquire lock=120758482, flags=0x1, tag=""RILJ_ACK_WL"", name=com.android.phone, ws=null, uid=1001, pid=2626",HIT,0,0.641822
967,"ready=true,policy=3,wakefulness=1,wksummary=0x1,uasummary=0x1,bootcompleted=true,boostinprogress=false,waitmodeenable=false,mode=false,manual=38,auto=-1,adj=0.0userId=0",HIT,0,0.642192
968,"Acquiring suspend blocker ""PowerManagerService.WakeLocks"".",HIT,0,0.642562
969,"acquire lock=120758482, flags=0x1, tag=""RILJ_ACK_WL"", name=com.android.phone, ws=null, uid=1001, pid=2626",HIT,0,0.642931
970,"ready=true,policy=3,wakefulness=1,wksummary=0x1,uasummary=0x1,bootcompleted=true,boostinprogress=false,waitmodeenable=false,mode=false,manual=38,auto=-1,adj=0.0userId=0",HIT,0,0.643299
971,"ready=true,policy=3,wakefulness=1,wksummary=0x1,uasummary=0x1,bootcompleted=true,boostinprogress=false,waitmodeenable=false,mode=false,manual=38,auto=-1,adj=0.0userId=0",HIT,0,0.643666
972,"ready=true,policy=3,wakefulness=1,wksummary=0x1,uasummary=0x1,bootcompleted=true,boostinprogress=false,waitmodeenable=false,mode=false,manual=38,auto=-1,adj=0.0userId=0",HIT,0,0.644033
973,"ready=true,policy=3,wakefulness=1,wksummary=0x1,uasummary=0x1,bootcompleted=true,boostinprogress=false,waitmodeenable=false,mode=false,manual=38,auto=-1,adj=0.0userId=0",HIT,0,0.644399
974,"ready=true,policy=3,wakefulness=1,wksummary=0x1,uasummary=0x1,bootcompleted=true,boostinprogress=false,waitmodeenable=false,mode=false,manual=38,auto=-1,adj=0.0userId=0",HIT,0,0.644764
975,"ready=true,policy=3,wakefulness=1,wksummary=0x1,uasummary=0x1,bootcompleted=true,boostinprogress=false,waitmodeenable=false,mode=false,manual=38,auto=-1,adj=0.0userId=0",HIT,0,0.645128
976,shouldBlockLocation running ...,HIT,0,0.645492
977,shouldBlockLocation  ret:false,HIT,0,0.645855
978,shouldBlockLocation running ...,HIT,0,0.646217
979,shouldBlockLocation  ret:false,HIT,0,0.646578
980,"release:lock=120758482, flg=0x0, tag=""RILJ_ACK_WL"", name=com.android.phone"", ws=null, uid=1001, pid=2626",HIT,0,0.646939
981,"ready=true,policy=3,wakefulness=1,wksummary=0x0,uasummary=0x1,bootcompleted=true,boostinprogress=false,waitmodeenable=false,mode=false,manual=38,auto=-1,adj=0.0userId=0",HIT,0,0.647299
982,"Releasing suspend blocker ""PowerManagerService.WakeLocks"".",HIT,0,0.647658
983,getNeighboringCellInfo calling app is com.amap.android.ams,HIT,0,0.648016
984,shouldBlockLocation running ...,HIT,0,0.648374
985,shouldBlockLocation  ret:false,HIT,0,0.648731
986,"ready=true,policy=3,wakefulness=1,wksummary=0x1,uasummary=0x1,bootcompleted=true,boostinprogress=false,waitmodeenable=false,mode=false,manual=38,auto=-1,adj=0.0userId=0",HIT,0,0.649087
987,"Acquiring suspend blocker ""PowerManagerService.WakeLocks"".",HIT,0,0.649443
988,"ready=true,policy=3,wakefulness=1,wksummary=0x0,uasummary=0x1,bootcompleted=true,boostinprogress=false,waitmodeenable=false,mode=false,manual=38,auto=-1,adj=0.0userId=0",HIT,0,0.649798
989,"Releasing suspend blocker ""PowerManagerService.WakeLocks"".",HIT,0,0.650152
990,shouldBlockLocation running ...,HIT,0,0.650505
991,shouldBlockLocation  ret:false,HIT,0,0.650858
992,shouldBlockLocation running ...,HIT,0,0.651210
993,shouldBlockLocation  ret:false,HIT,0,0.651561
994,HBM brightnessIn =38,HIT,0,0.651911
995,HBM brightnessOut =38,HIT,0,0.652261
996,"Animating brightness: target=38, rate=200",HIT,0,0.652610
997,HBM brightnessIn =38,HIT,0,0.652959
998,HBM brightnessOut =38,HIT,0,0.653307
999,"Animating brightness: target=38, rate=200",HIT,0,0.653654
1000,getRunningAppProcesses: caller 10111 does not hold REAL_GET_TASKS; limiting output,HIT,0,0.654000
1001,unregisterAudioFocusListener...,MISS,0,0.653347
1002,abandonAudioFocus,MISS,0,0.652695
1003,"[HSM] stayAwake false uid: 10111, pid: 28601",MISS,0,0.652044
1004,Pid:28601 MediaPlayer destructor,MISS,0,0.651394
1005,getRunningAppProcesses: caller 10111 does not hold REAL_GET_TASKS; limiting output,HIT,0,0.651741
1006,getRunningAppProcesses: caller 10111 does not hold REAL_GET_TASKS; limiting output,HIT,0,0.652087
1007,stopWifiDisplayScanLocked record.mWifiDisplayScanRequested=false,HIT,0,0.652433
1008,stopWifiDisplayScanLocked mWifiDisplayScanRequestCount=0,HIT,0,0.652778
1009,Process com.tencent.mobileqq:qzone (pid 12236) has died,MISS,0,0.652131
1010,cleanUpApplicationRecord -- 12236,MISS,0,0.651485
1011,Scheduling restart of crashed service com.tencent.mobileqq/cooperation.qzone.remote.logic.QzoneWebPluginProxyService in 1000ms,MISS,0,0.650841
1012,"cleanUpApplicationRecordLocked, pid: 12236, restart: false",MISS,0,0.650198
1013,"cleanUpApplicationRecordLocked, reset pid: 12236, euid: 0",MISS,0,0.649556
1014,getTasks: caller 10111 does not hold REAL_GET_TASKS; limiting output,HIT,0,0.649901
1015,isMusicActive...,HIT,0,0.650246
1016,HBM brightnessIn =38,HIT,0,0.650591
1017,HBM brightnessOut =38,HIT,0,0.650934
1018,"Animating brightness: target=38, rate=200",HIT,0,0.651277
1019,HBM brightnessIn =38,HIT,0,0.651619
1020,HBM brightnessOut =38,HIT,0,0.651961
1021,"Animating brightness: target=38, rate=200",HIT,0,0.652302
1022,HBM brightnessIn =38,HIT,0,0.652642
1023,HBM brightnessOut =38,HIT,0,0.652981
1024,"Animating brightness: target=38, rate=200",HIT,0,0.653320
1025,"new Process app=ProcessRecord{6eaaf00 0:com.tencent.mobileqq:qzone/u0a111}, name: com.tencent.mobileqq:qzone, euid: 0",MISS,0,0.652683
1026,Start proc 13003:com.tencent.mobileqq:qzone/u0a111 for service com.tencent.mobileqq/cooperation.qzone.remote.logic.QzoneWebPluginProxyService,MISS,0,0.652047
1027,"ActivityManagerService,attachApplication,callingPid = 13003",MISS,0,0.651412
1028,getRunningAppProcesses: caller 10111 does not hold REAL_GET_TASKS; limiting output,HIT,0,0.651751
1029,getRunningAppProcesses: caller 10111 does not hold REAL_GET_TASKS; limiting output,HIT,0,0.652089
1030,HBM brightnessIn =38,HIT,0,0.652427
1031,HBM brightnessOut =38,HIT,0,0.652764
1032,"Animating brightness: target=38, rate=200",HIT,0,0.653101
1033,getRunningAppProcesses: caller 10111 does not hold REAL_GET_TASKS; limiting output,HIT,0,0.653437
1034,HBM brightnessIn =38,HIT,0,0.653772
1035,HBM brightnessOut =38,HIT,0,0.654106
1036,"Animating brightness: target=38, rate=200",HIT,0,0.654440
1037,getRunningAppProcesses: caller 10113 does not hold REAL_GET_TASKS; limiting output,HIT,0,0.654773
1038,getRunningAppProcesses: caller 10111 does not hold REAL_GET_TASKS; limiting output,HIT,0,0.655106
1039,getRunningAppProcesses: caller 10111 does not hold REAL_GET_TASKS; limiting output,HIT,0,0.655438
1040,getRunningAppProcesses: caller 10111 does not hold REAL_GET_TASKS; limiting output,HIT,0,0.655769
1041,getRunningAppProcesses: caller 10111 does not hold REAL_GET_TASKS; limiting output,HIT,0,0.656100
1042,getRunningAppProcesses: caller 10111 does not hold REAL_GET_TASKS; limiting output,HIT,0,0.656430
1043,getRunningAppProcesses: caller 10111 does not hold REAL_GET_TASKS; limiting output,HIT,0,0.656759
1044,getRunningAppProcesses: caller 10111 does not hold REAL_GET_TASKS; limiting output,HIT,0,0.657088
1045,getRunningAppProcesses: caller 10111 does not hold REAL_GET_TASKS; limiting output,HIT,0,0.657416
1046,getRunningAppProcesses: caller 10111 does not hold REAL_GET_TASKS; limiting output,HIT,0,0.657744
1047,getRunningAppProcesses: caller 10111 does not hold REAL_GET_TASKS; limiting output,HIT,0,0.658071
1048,getRunningAppProcesses: caller 10111 does not hold REAL_GET_TASKS; limiting output,HIT,0,0.658397
1049,getRunningAppProcesses: caller 10113 does not hold REAL_GET_TASKS; limiting output,HIT,0,0.658723
1050,getRunningAppProcesses: caller 10113 does not hold REAL_GET_TASKS; limiting output,HIT,0,0.659048
1051,HBM brightnessIn =38,HIT,0,0.659372
1052,HBM brightnessOut =38,HIT,0,0.659696
1053,"Animating brightness: target=38, rate=200",HIT,0,0.660019
1054,getTasks: caller 10111 does not hold REAL_GET_TASKS; limiting output,HIT,0,0.660342
1055,getTasks: caller 10111 does not hold REAL_GET_TASKS; limiting output,HIT,0,0.660664
1056,getTasks: caller 10111 does not hold REAL_GET_TASKS; limiting output,HIT,0,0.660985
1057,getRunningAppProcesses: caller 10111 does not hold REAL_GET_TASKS; limiting output,HIT,0,0.661306
1058,"userActivityNoUpdateLocked: eventTime=261949797, event=2, flags=0x0, uid=1000",MISS,0,0.660681
1059,"ready=true,policy=3,wakefulness=1,wksummary=0x0,uasummary=0x1,bootcompleted=true,boostinprogress=false,waitmodeenable=false,mode=false,manual=38,auto=-1,adj=0.0userId=0",HIT,0,0.661001
1060,suspendAutohide,HIT,0,0.661321
1061,interceptKeyTq keycode=4 interactive=true keyguardActive=false policyFlags=2b000002 down true canceled false,MISS,0,0.660697
1062,"interceptKeyBeforeQueueing: key 4 , result : 1",HIT,0,0.661017
1063,"userActivityNoUpdateLocked: eventTime=261949805, event=1, flags=0x0, uid=1000",MISS,0,0.660395
1064,"ready=true,policy=3,wakefulness=1,wksummary=0x0,uasummary=0x1,bootcompleted=true,boostinprogress=false,waitmodeenable=false,mode=false,manual=38,auto=-1,adj=0.0userId=0",HIT,0,0.660714
1065,Destroying surface Surface(name=PopupWindow:317e46) called by com.android.server.wm.WindowStateAnimator.destroySurface:2060 com.android.server.wm.WindowStateAnimator.destroySurfaceLocked:913 com.android.server.wm.WindowState.removeLocked:1554 com.android.server.wm.WindowManagerService.removeWindowInnerLocked:2739 com.android.server.wm.WindowManagerService.removeWindowInnerLocked:2702 com.android.server.wm.WindowManagerService.removeWindowLocked:2691 com.android.server.wm.WindowManagerService.removeWindowLocked:2560 com.android.server.wm.WindowManagerService.removeWindow:2555,HIT,0,0.661033
1066,setLightsOn(true),HIT,0,0.661351
1067,"setSystemUiVisibility vis=0 mask=1 oldVal=40000500 newVal=40000500 diff=0 fullscreenStackVis=0 dockedStackVis=0, fullscreenStackBounds=Rect(0, 0 - 0, 0), dockedStackBounds=Rect(0, 0 - 0, 0)",HIT,0,0.661668
1068,resumeSuspendedAutohide,MISS,0,0.661049
1069,interceptKeyTq keycode=4 interactive=true keyguardActive=false policyFlags=2b000002 down false canceled false,MISS,0,0.660430
1070,"interceptKeyBeforeQueueing: key 4 , result : 1",HIT,0,0.660748
1071,querySoundEffectsEnabled...,HIT,0,0.661064
1072,setLightsOn(true),HIT,0,0.661381
1073,"setSystemUiVisibility vis=0 mask=1 oldVal=40000500 newVal=40000500 diff=0 fullscreenStackVis=0 dockedStackVis=0, fullscreenStackBounds=Rect(0, 0 - 0, 0), dockedStackBounds=Rect(0, 0 - 0, 0)",HIT,0,0.661696
1074,setLightsOn(true),HIT,0,0.662011
1075,"setSystemUiVisibility vis=0 mask=1 oldVal=40000500 newVal=40000500 diff=0 fullscreenStackVis=0 dockedStackVis=0, fullscreenStackBounds=Rect(0, 0 - 0, 0), dockedStackBounds=Rect(0, 0 - 0, 0)",HIT,0,0.662326
1076,setLightsOn(true),HIT,0,0.662639
1077,"setSystemUiVisibility vis=0 mask=1 oldVal=40000500 newVal=40000500 diff=0 fullscreenStackVis=0 dockedStackVis=0, fullscreenStackBounds=Rect(0, 0 - 0, 0), dockedStackBounds=Rect(0, 0 - 0, 0)",HIT,0,0.662953
1078,setLightsOn(true),HIT,0,0.663265
1079,"setSystemUiVisibility vis=0 mask=1 oldVal=40000500 newVal=40000500 diff=0 fullscreenStackVis=0 dockedStackVis=0, fullscreenStackBounds=Rect(0, 0 - 0, 0), dockedStackBounds=Rect(0, 0 - 0, 0)",HIT,0,0.663577
1080,Destroying surface Surface(name=InputMethod) called by com.android.server.wm.WindowStateAnimator.destroySurface:2060 com.android.server.wm.WindowStateAnimator.destroySurfaceLocked:913 com.android.server.wm.WindowState.destroyOrSaveSurface:2201 com.android.server.wm.WindowSurfacePlacer.performSurfacePlacementInner:517 com.android.server.wm.WindowSurfacePlacer.performSurfacePlacementLoop:291 com.android.server.wm.WindowSurfacePlacer.performSurfacePlacement:233 com.android.server.wm.WindowManagerService$H.handleMessage:8670 android.os.Handler.dispatchMessage:105,MISS,0,0.662963
1081,suspendAutohide,HIT,0,0.663275
1082,interceptKeyTq keycode=4 interactive=true keyguardActive=false policyFlags=2b000002 down true canceled false,MISS,0,0.662662
1083,"interceptKeyBeforeQueueing: key 4 , result : 1",HIT,0,0.662973
1084,setLightsOn(true),HIT,0,0.663284
1085,"setSystemUiVisibility vis=0 mask=1 oldVal=40000500 newVal=40000500 diff=0 fullscreenStackVis=0 dockedStackVis=0, fullscreenStackBounds=Rect(0, 0 - 0, 0), dockedStackBounds=Rect(0, 0 - 0, 0)",HIT,0,0.663594
1086,resumeSuspendedAutohide,MISS,0,0.662983
1087,interceptKeyTq keycode=4 interactive=true keyguardActive=false policyFlags=2b000002 down false canceled false,HIT,0,0.663293
1088,"interceptKeyBeforeQueueing: key 4 , result : 1",HIT,0,0.663603
1089,querySoundEffectsEnabled...,HIT,0,0.663912
1090,isMusicActive...,HIT,0,0.664220
1091,"userActivityNoUpdateLocked: eventTime=261950783, event=2, flags=0x0, uid=1000",MISS,0,0.663611
1092,"ready=true,policy=3,wakefulness=1,wksummary=0x0,uasummary=0x1,bootcompleted=true,boostinprogress=false,waitmodeenable=false,mode=false,manual=38,auto=-1,adj=0.0userId=0",HIT,0,0.663919
1093,suspendAutohide,HIT,0,0.664227
1094,interceptKeyTq keycode=3 interactive=true keyguardActive=false policyFlags=2b000002 down true canceled false,MISS,0,0.663620
1095,"interceptKeyBeforeQueueing: key 3 , result : 1",MISS,0,0.663014
1096,"userActivityNoUpdateLocked: eventTime=261950787, event=1, flags=0x0, uid=1000",MISS,0,0.662409
1097,"ready=true,policy=3,wakefulness=1,wksummary=0x0,uasummary=0x1,bootcompleted=true,boostinprogress=false,waitmodeenable=false,mode=false,manual=38,auto=-1,adj=0.0userId=0",HIT,0,0.662716
1098,resumeSuspendedAutohide,MISS,0,0.662113
1099,"userActivityNoUpdateLocked: eventTime=261950887, event=0, flags=0x0, uid=1000",MISS,0,0.661510
1100,"ready=true,policy=3,wakefulness=1,wksummary=0x0,uasummary=0x1,bootcompleted=true,boostinprogress=false,waitmodeenable=false,mode=false,manual=38,auto=-1,adj=0.0userId=0",HIT,0,0.661818
1101,interceptKeyTq keycode=3 interactive=true keyguardActive=false policyFlags=2b000002 down false canceled false,MISS,0,0.661217
1102,"interceptKeyBeforeQueueing: key 3 , result : 1",MISS,0,0.660617
1103,querySoundEffectsEnabled...,HIT,0,0.660925
1104,"userActivityNoUpdateLocked: eventTime=261950909, event=0, flags=0x0, uid=1000",MISS,0,0.660326
1105,"ready=true,policy=3,wakefulness=1,wksummary=0x0,uasummary=0x1,bootcompleted=true,boostinprogress=false,waitmodeenable=false,mode=false,manual=38,auto=-1,adj=0.0userId=0",HIT,0,0.660633
1106,"animateCollapsePanels:flags=0, force=false, delayed=false, mExpandedVisible=false",MISS,0,0.660036
1107,closeQs,HIT,0,0.660343
1108,cancelPeek: false,HIT,0,0.660650
1109,instantCollapse,MISS,0,0.660054
1110,cancelPeek: false,HIT,0,0.660360
1111,setLightsOn(true),HIT,0,0.660666
1112,"setSystemUiVisibility vis=0 mask=1 oldVal=40000500 newVal=40000500 diff=0 fullscreenStackVis=0 dockedStackVis=0, fullscreenStackBounds=Rect(0, 0 - 0, 0), dockedStackBounds=Rect(0, 0 - 0, 0)",HIT,0,0.660971
1113,"acquire lock=189667585, flags=0x1, tag=""*launch*"", name=android, ws=WorkSource{10057}, uid=1000, pid=1702",MISS,0,0.660377
1114,"ready=true,policy=3,wakefulness=1,wksummary=0x1,uasummary=0x1,bootcompleted=true,boostinprogress=false,waitmodeenable=false,mode=false,manual=38,auto=-1,adj=0.0userId=0",HIT,0,0.660682
1115,"Acquiring suspend blocker ""PowerManagerService.WakeLocks"".",HIT,0,0.660987
1116,setLightsOn(true),HIT,0,0.661290
1117,"setSystemUiVisibility vis=0 mask=1 oldVal=40000500 newVal=40000500 diff=0 fullscreenStackVis=0 dockedStackVis=0, fullscreenStackBounds=Rect(0, 0 - 0, 0), dockedStackBounds=Rect(0, 0 - 0, 0)",HIT,0,0.661594
1118,setLightsOn(true),HIT,0,0.661896
1119,"setSystemUiVisibility vis=0 mask=1 oldVal=40000500 newVal=40000500 diff=0 fullscreenStackVis=0 dockedStackVis=0, fullscreenStackBounds=Rect(0, 0 - 0, 0), dockedStackBounds=Rect(0, 0 - 0, 0)",HIT,0,0.662198
1120,setLightsOn(true),HIT,0,0.662500
1121,"setSystemUiVisibility vis=0 mask=1 oldVal=40000500 newVal=40000500 diff=0 fullscreenStackVis=0 dockedStackVis=0, fullscreenStackBounds=Rect(0, 0 - 0, 0), dockedStackBounds=Rect(0, 0 - 0, 0)",HIT,0,0.662801
1122,HBM brightnessIn =38,HIT,0,0.663102
1123,HBM brightnessOut =38,HIT,0,0.663402
1124,"Animating brightness: target=38, rate=200",HIT,0,0.663701
1125,"Taking screenshot from Surface with crop:[Rect(0, 48 - 720, 1208)], width:[432], height:[696], minLayer:[21000], maxLayer:[21080], inRotation:[false], rot:[0]",MISS,0,0.663111
1126,The change in focus caused us to need to do a layout begin,MISS,0,0.662522
1127,The change in focus caused us to need to do a layout end,MISS,0,0.661934
1128,"setSystemUiVisibility vis=708 mask=ffffffff oldVal=40000500 newVal=708 diff=40000208 fullscreenStackVis=0 dockedStackVis=0, fullscreenStackBounds=Rect(0, 0 - 720, 1280), dockedStackBounds=Rect(0, 0 - 0, 0)",MISS,0,0.661348
1129,cancelAutohide,HIT,0,0.661647
1130,"notifyUiVisibilityChanged:vis=0x708, SystemUiVisibility=0x708",MISS,0,0.661062
1131,"updateClipping isOverlap:false, getTopPadding=333.0, Translation=0.0",HIT,0,0.661362
1132,updateDimmedActivatedHideSensitive overlap:false,HIT,0,0.661661
1133,"Skipping, withExcluded: false, tr.intent:Intent { flg=0x10804000 cmp=com.android.systemui/.recents.RecentsActivity bnds=[264,444][920,908] }",HIT,0,0.661959
1134,"Skipping, withExcluded: false, tr.intent:Intent { act=android.intent.action.MAIN flg=0x10840000 cmp=com.android.incallui/.InCallActivity (has extras) }",HIT,0,0.662257
1135,"Skipping, withExcluded: false, tr.intent:Intent { flg=0x18800000 cmp=com.tencent.mm/.plugin.base.stub.WXEntryActivity (has extras) }",MISS,0,0.661674
1136,"Skipping, withExcluded: false, tr.intent:Intent { flg=0x10800000 cmp=com.tencent.qqmusic/.business.lockscreen.LockScreenActivity (has extras) }",MISS,0,0.661092
1137,"Skipping, withExcluded: false, tr.intent:Intent { act=com.android.contacts.action.CHOOSE_SUB dat=tel:xxxxxxxxxxx flg=0x10808000 cmp=com.android.contacts/.ChooseSubActivity (has extras) }",MISS,0,0.660510
1138,"Skipping, withExcluded: false, tr.intent:Intent { act=android.intent.action.VIEW dat=file:///storage/emulated/0/Tencent/QQfile_recv/b.apk typ=application/vnd.android.package-archive flg=0x10800000 cmp=com.android.packageinstaller/.PackageInstallerActivity (has extras) }",MISS,0,0.659930
1139,"getRecentTasks: num=20,flags=62,totalTasks=46",MISS,0,0.659350
1140,getRecentTasks: topActivity=ComponentInfo{com.tencent.mobileqq/com.tencent.mobileqq.activity.SplashActivity},HIT,0,0.659649
1141,"Skipping, withExcluded: false, tr.intent:Intent { flg=0x10804000 cmp=com.android.systemui/.recents.RecentsActivity bnds=[264,444][920,908] }",HIT,0,0.659947
1142,"Skipping, withExcluded: false, tr.intent:Intent { act=android.intent.action.MAIN flg=0x10840000 cmp=com.android.incallui/.InCallActivity (has extras) }",HIT,0,0.660245
1143,"Skipping, withExcluded: false, tr.intent:Intent { flg=0x18800000 cmp=com.tencent.mm/.plugin.base.stub.WXEntryActivity (has extras) }",HIT,0,0.660542
1144,"getRecentTasks: num=10,flags=62,totalTasks=46",MISS,0,0.659965
1145,getRecentTasks: topActivity=ComponentInfo{com.tencent.mobileqq/com.tencent.mobileqq.activity.SplashActivity},HIT,0,0.660262
1146,"setSystemUiVisibility vis=c0000700 mask=ffffffff oldVal=708 newVal=c0000700 diff=c0000008 fullscreenStackVis=0 dockedStackVis=0, fullscreenStackBounds=Rect(0, 0 - 720, 1280), dockedStackBounds=Rect(0, 0 - 0, 0)",MISS,0,0.659686
1147,cancelAutohide,HIT,0,0.659983
1148,"notifyUiVisibilityChanged:vis=0xc0000700, SystemUiVisibility=0xc0000700",MISS,0,0.659408
1149,"release:lock=189667585, flg=0x0, tag=""*launch*"", name=android"", ws=WorkSource{10057}, uid=1000, pid=1702",MISS,0,0.658834
1150,"ready=true,policy=3,wakefulness=1,wksummary=0x0,uasummary=0x1,bootcompleted=true,boostinprogress=false,waitmodeenable=false,mode=false,manual=38,auto=-1,adj=0.0userId=0",HIT,0,0.659130
1151,"Releasing suspend blocker ""PowerManagerService.WakeLocks"".",HIT,0,0.659427
1152,shouldBlockLocation running ...,HIT,0,0.659722
1153,shouldBlockLocation  ret:false,HIT,0,0.660017
1154,getRunningAppProcesses: caller 10027 does not hold REAL_GET_TASKS; limiting output,MISS,0,0.659445
1155,getTasks: caller 10111 does not hold REAL_GET_TASKS; limiting output,HIT,0,0.659740
1156,"ActivityManagerService,attachApplication,callingPid = 13094",MISS,0,0.659170
1157,getTasks: caller 10111 does not hold REAL_GET_TASKS; limiting output,HIT,0,0.659464
1158,shouldBlockLocation running ...,HIT,0,0.659758
1159,shouldBlockLocation  ret:false,HIT,0,0.660052
1160,Destroying surface Surface(name=com.tencent.mobileqq/com.tencent.mobileqq.activity.SplashActivity) called by com.android.server.wm.WindowStateAnimator.destroySurface:2060 com.android.server.wm.WindowStateAnimator.destroySurfaceLocked:913 com.android.server.wm.WindowState.destroyOrSaveSurface:2201 com.android.server.wm.AppWindowToken.destroySurfaces:374 com.android.server.wm.AppWindowToken.notifyAppStopped:400 com.android.server.wm.WindowManagerService.notifyAppStopped:4869 com.android.server.am.ActivityStack.activityStoppedLocked:1393 com.android.server.am.ActivityManagerService.activityStopped:7690,MISS,0,0.659483
1161,getRunningAppProcesses: caller 10111 does not hold REAL_GET_TASKS; limiting output,HIT,0,0.659776
1162,getRunningAppProcesses: caller 10027 does not hold REAL_GET_TASKS; limiting output,HIT,0,0.660069
1163,getRunningAppProcesses: caller 10027 does not hold REAL_GET_TASKS; limiting output,HIT,0,0.660361
1164,getRunningAppProcesses: caller 10027 does not hold REAL_GET_TASKS; limiting output,HIT,0,0.660653
1165,shouldBlockLocation running ...,HIT,0,0.660944
1166,shouldBlockLocation  ret:false,HIT,0,0.661235
1167,"ready=true,policy=3,wakefulness=1,wksummary=0x1,uasummary=0x1,bootcompleted=true,boostinprogress=false,waitmodeenable=false,mode=false,manual=38,auto=-1,adj=0.0userId=0",HIT,0,0.661525
1168,"Acquiring suspend blocker ""PowerManagerService.WakeLocks"".",HIT,0,0.661815
1169,"ready=true,policy=3,wakefulness=1,wksummary=0x0,uasummary=0x1,bootcompleted=true,boostinprogress=false,waitmodeenable=false,mode=false,manual=38,auto=-1,adj=0.0userId=0",HIT,0,0.662104
1170,"Releasing suspend blocker ""PowerManagerService.WakeLocks"".",HIT,0,0.662393
1171,"ready=true,policy=3,wakefulness=1,wksummary=0x1,uasummary=0x1,bootcompleted=true,boostinprogress=false,waitmodeenable=false,mode=false,manual=38,auto=-1,adj=0.0userId=0",HIT,0,0.662681
1172,"Acquiring suspend blocker ""PowerManagerService.WakeLocks"".",HIT,0,0.662969
1173,"ready=true,policy=3,wakefulness=1,wksummary=0x0,uasummary=0x1,bootcompleted=true,boostinprogress=false,waitmodeenable=false,mode=false,manual=38,auto=-1,adj=0.0userId=0",HIT,0,0.663257
1174,"Releasing suspend blocker ""PowerManagerService.WakeLocks"".",HIT,0,0.663543
1175,shouldBlockLocation running ...,HIT,0,0.663830
1176,shouldBlockLocation  ret:false,HIT,0,0.664116
1177,getRunningAppProcesses: caller 10027 does not hold REAL_GET_TASKS; limiting output,HIT,0,0.664401
1178,getRunningAppProcesses: caller 10027 does not hold REAL_GET_TASKS; limiting output,HIT,0,0.664686
1179,shouldBlockLocation running ...,HIT,0,0.664970
1180,shouldBlockLocation  ret:false,HIT,0,0.665254
1181,shouldBlockLocation running ...,HIT,0,0.665538
1182,shouldBlockLocation  ret:false,HIT,0,0.665821
1183,getRunningAppProcesses: caller 10027 does not hold REAL_GET_TASKS; limiting output,HIT,0,0.666103
1184,stopWifiDisplayScanLocked record.mWifiDisplayScanRequested=false,HIT,0,0.666385
1185,stopWifiDisplayScanLocked mWifiDisplayScanRequestCount=0,HIT,0,0.666667
1186,cleanUpApplicationRecord -- 13094,MISS,0,0.666105
1187,"cleanUpApplicationRecordLocked, pid: 13094, restart: false",MISS,0,0.665543
1188,"cleanUpApplicationRecordLocked, reset pid: 13094, euid: 0",MISS,0,0.664983
1189,shouldBlockLocation running ...,HIT,0,0.665265
1190,shouldBlockLocation  ret:false,HIT,0,0.665546
1191,HBM brightnessIn =38,HIT,0,0.665827
1192,HBM brightnessOut =38,HIT,0,0.666107
1193,"Animating brightness: target=38, rate=200",HIT,0,0.666387
1194,HBM brightnessIn =38,HIT,0,0.666667
1195,HBM brightnessOut =38,HIT,0,0.666946
1196,"Animating brightness: target=38, rate=200",HIT,0,0.667224
1197,HBM brightnessIn =38,HIT,0,0.667502
1198,HBM brightnessOut =38,HIT,0,0.667780
1199,"Animating brightness: target=38, rate=200",HIT,0,0.668057
1200,shouldBlockLocation running ...,HIT,0,0.668333
1201,shouldBlockLocation  ret:false,HIT,0,0.668609
1202,HBM brightnessIn =38,HIT,0,0.668885
1203,HBM brightnessOut =38,HIT,0,0.669160
1204,"Animating brightness: target=38, rate=200",HIT,0,0.669435
1205,HBM brightnessIn =38,HIT,0,0.669710
1206,HBM brightnessOut =38,HIT,0,0.669983
1207,"Animating brightness: target=38, rate=200",HIT,0,0.670257
1208,HBM brightnessIn =38,HIT,0,0.670530
1209,HBM brightnessOut =38,HIT,0,0.670802
1210,"Animating brightness: target=38, rate=200",HIT,0,0.671074
1211,getTasks: caller 10111 does not hold REAL_GET_TASKS; limiting output,HIT,0,0.671346
1212,HBM brightnessIn =38,HIT,0,0.671617
1213,HBM brightnessOut =38,HIT,0,0.671888
1214,"Animating brightness: target=38, rate=200",HIT,0,0.672158
1215,HBM brightnessIn =38,HIT,0,0.672428
1216,HBM brightnessOut =38,HIT,0,0.672697
1217,"Animating brightness: target=38, rate=200",HIT,0,0.672966
1218,HBM brightnessIn =38,HIT,0,0.673235
1219,HBM brightnessOut =38,HIT,0,0.673503
1220,"Animating brightness: target=38, rate=200",HIT,0,0.673770
1221,HBM brightnessIn =38,HIT,0,0.674038
1222,HBM brightnessOut =38,HIT,0,0.674304
1223,"Animating brightness: target=38, rate=200",HIT,0,0.674571
1224,getTasks: caller 10111 does not hold REAL_GET_TASKS; limiting output,HIT,0,0.674837
1225,"cancelNotificationWithTag pid 28601,uid = 10111,tag = null,pkg =com.tencent.mobileqq,id =121",MISS,0,0.674286
1226,"cancelNotification,index:-1",HIT,0,0.674551
1227,"cancelNotificationWithTag pid 28601,uid = 10111,tag = null,pkg =com.tencent.mobileqq,id =119",MISS,0,0.674002
1228,"cancelNotification,index:-1",HIT,0,0.674267
1229,enqueueNotificationInternal: pkg=com.tencent.mobileqq id=121 notification=Notification(pri=1 contentView=null vibrate=[100] sound=null tick defaults=0x0 flags=0x11 color=0x00000000 vis=PRIVATE),MISS,0,0.673718
1230,enqueueNotificationInternal: n.getKey = 0|com.tencent.mobileqq|121|null|10111,MISS,0,0.673171
1231,getRingerMode...,MISS,0,0.672624
1232,"updateLightsLocked,mInCall =false,mScreenOn = true,ledNotification == null?false",MISS,0,0.672078
1233,"updateLightsLocked,turn off notificationLight",HIT,0,0.672344
1234,addNotification key=0|com.tencent.mobileqq|121|null|10111,MISS,0,0.671799
1235,mHeadsUpExistenceChangedRunnable,MISS,0,0.671255
1236,disable: < expand ICONS* alerts SYSTEM_INFO* back home recent clock navigationbar search quick_settings >,MISS,0,0.670712
1237,suspendAutohide,HIT,0,0.670978
1238,"updateNotificationShade: total=0, active=0",HIT,0,0.671244
1239,removeNotificationChildren,MISS,0,0.670702
1240,"updateNotificationShade: total=1, active=1",MISS,0,0.670161
1241,removeNotificationChildren,HIT,0,0.670427
1242,Marking notification as seen 0|com.tencent.mobileqq|121|null|10111,MISS,0,0.669887
1243,onNotificationExpansionChanged called,MISS,0,0.669348
1244,"updateClipping isOverlap:false, getTopPadding=333.0, Translation=-429.0",MISS,0,0.668810
1245,updateDimmedActivatedHideSensitive overlap:false,HIT,0,0.669076
1246,"updateClipping isOverlap:false, getTopPadding=333.0, Translation=-497.0",MISS,0,0.668539
1247,updateDimmedActivatedHideSensitive overlap:false,HIT,0,0.668805
1248,getRunningAppProcesses: caller 10091 does not hold REAL_GET_TASKS; limiting output,HIT,0,0.669071
1249,"updateClipping isOverlap:false, getTopPadding=333.0, Translation=-497.0",HIT,0,0.669335
1250,updateDimmedActivatedHideSensitive overlap:false,HIT,0,0.669600
1251,logNotificationVisibilityChanges runInThread start,HIT,0,0.669864
1252,onNotificationVisibilityChanged called,MISS,0,0.669329
1253,logNotificationVisibilityChanges runInThread over,HIT,0,0.669593
1254,HBM brightnessIn =38,HIT,0,0.669856
1255,HBM brightnessOut =38,HIT,0,0.670120
1256,"Animating brightness: target=38, rate=200",HIT,0,0.670382
1257,"userActivityNoUpdateLocked: eventTime=261961476, event=2, flags=0x0, uid=1000",MISS,0,0.669849
1258,"ready=true,policy=3,wakefulness=1,wksummary=0x0,uasummary=0x1,bootcompleted=true,boostinprogress=false,waitmodeenable=false,mode=false,manual=38,auto=-1,adj=0.0userId=0",HIT,0,0.670111
1259,playSoundEffect   effectType: 0,MISS,0,0.669579
1260,querySoundEffectsEnabled...,HIT,0,0.669841
1261,"START u0 {act=android.intent.action.MAIN cat=[android.intent.category.LAUNCHER] flg=0x10200000 cmp=com.example.android.notepad/.NotePadActivity bnds=[8,820][184,1011]} from uid 10057 on display 0",MISS,0,0.669310
1262,"ActivityRecord info: ActivityInfo{f39182 com.example.android.notepad.NotePadActivity}, euid: 0",MISS,0,0.668780
1263,"acquire lock=189667585, flags=0x1, tag=""*launch*"", name=android, ws=WorkSource{10020}, uid=1000, pid=1702",MISS,0,0.668250
1264,"ready=true,policy=3,wakefulness=1,wksummary=0x1,uasummary=0x1,bootcompleted=true,boostinprogress=false,waitmodeenable=false,mode=false,manual=38,auto=-1,adj=0.0userId=0",HIT,0,0.668513
1265,"Acquiring suspend blocker ""PowerManagerService.WakeLocks"".",HIT,0,0.668775
1266,"rotationForOrientationLw(orient=-1, last=0); user=0 USER_ROTATION_LOCKED",MISS,0,0.668246
1267,"Application requested orientation -1, got rotation 0 which has compatible metrics",MISS,0,0.667719
1268,The change in focus caused us to need to do a layout begin,HIT,0,0.667981
1269,The change in focus caused us to need to do a layout end,MISS,0,0.667455
1270,"setSystemUiVisibility vis=80000608 mask=ffffffff oldVal=c0000700 newVal=80000608 diff=40000108 fullscreenStackVis=0 dockedStackVis=0, fullscreenStackBounds=Rect(0, 0 - 720, 1280), dockedStackBounds=Rect(0, 0 - 0, 0)",MISS,0,0.666929
1271,cancelAutohide,HIT,0,0.667191
1272,"notifyUiVisibilityChanged:vis=0x80000608, SystemUiVisibility=0x80000608",MISS,0,0.666667
1273,"Skipping, withExcluded: false, tr.intent:Intent { flg=0x10804000 cmp=com.android.systemui/.recents.RecentsActivity bnds=[264,444][920,908] }",HIT,0,0.666929
1274,"Skipping, withExcluded: false, tr.intent:Intent { act=android.intent.action.MAIN flg=0x10840000 cmp=com.android.incallui/.InCallActivity (has extras) }",HIT,0,0.667190
1275,"Skipping, withExcluded: false, tr.intent:Intent { flg=0x18800000 cmp=com.tencent.mm/.plugin.base.stub.WXEntryActivity (has extras) }",HIT,0,0.667451
1276,"Skipping, withExcluded: false, tr.intent:Intent { flg=0x10800000 cmp=com.tencent.qqmusic/.business.lockscreen.LockScreenActivity (has extras) }",MISS,0,0.666928
1277,"Skipping, withExcluded: false, tr.intent:Intent { act=com.android.contacts.action.CHOOSE_SUB dat=tel:xxxxxxxxxxx flg=0x10808000 cmp=com.android.contacts/.ChooseSubActivity (has extras) }",HIT,0,0.667189
1278,"Skipping, withExcluded: false, tr.intent:Intent { act=android.intent.action.VIEW dat=file:///storage/emulated/0/Tencent/QQfile_recv/b.apk typ=application/vnd.android.package-archive flg=0x10800000 cmp=com.android.packageinstaller/.PackageInstallerActivity (has extras) }",MISS,0,0.666667
1279,"getRecentTasks: num=20,flags=62,totalTasks=46",HIT,0,0.666927
1280,getRecentTasks: topActivity=ComponentInfo{com.example.android.notepad/com.example.android.notepad.NoteEditor},MISS,0,0.666406
1281,"Skipping, withExcluded: false, tr.intent:Intent { flg=0x10804000 cmp=com.android.systemui/.recents.RecentsActivity bnds=[264,444][920,908] }",HIT,0,0.666667
1282,"Skipping, withExcluded: false, tr.intent:Intent { act=android.intent.action.MAIN flg=0x10840000 cmp=com.android.incallui/.InCallActivity (has extras) }",HIT,0,0.666927
1283,"Skipping, withExcluded: false, tr.intent:Intent { flg=0x18800000 cmp=com.tencent.mm/.plugin.base.stub.WXEntryActivity (has extras) }",HIT,0,0.667186
1284,"getRecentTasks: num=10,flags=62,totalTasks=46",HIT,0,0.667445
1285,getRecentTasks: topActivity=ComponentInfo{com.example.android.notepad/com.example.android.notepad.NoteEditor},HIT,0,0.667704
1286,"setSystemUiVisibility vis=40000600 mask=ffffffff oldVal=80000608 newVal=40000600 diff=c0000008 fullscreenStackVis=0 dockedStackVis=0, fullscreenStackBounds=Rect(0, 0 - 720, 1280), dockedStackBounds=Rect(0, 0 - 0, 0)",MISS,0,0.667185
1287,cancelAutohide,HIT,0,0.667444
1288,"notifyUiVisibilityChanged:vis=0x40000600, SystemUiVisibility=0x40000600",MISS,0,0.666925
1289,"release:lock=189667585, flg=0x0, tag=""*launch*"", name=android"", ws=WorkSource{10020}, uid=1000, pid=1702",MISS,0,0.666408
1290,"ready=true,policy=3,wakefulness=1,wksummary=0x0,uasummary=0x1,bootcompleted=true,boostinprogress=false,waitmodeenable=false,mode=false,manual=38,auto=-1,adj=0.0userId=0",HIT,0,0.666667
1291,"Releasing suspend blocker ""PowerManagerService.WakeLocks"".",HIT,0,0.666925
1292,"userActivityNoUpdateLocked: eventTime=261963848, event=2, flags=0x0, uid=1000",MISS,0,0.666409
1293,"ready=true,policy=3,wakefulness=1,wksummary=0x0,uasummary=0x1,bootcompleted=true,boostinprogress=false,waitmodeenable=false,mode=false,manual=38,auto=-1,adj=0.0userId=0",HIT,0,0.666667
1294,"updateNotificationShade: total=1, active=1",MISS,0,0.666151
1295,removeNotificationChildren,HIT,0,0.666409
1296,"overlapAmount:164.0, previousNotificationEnd:0.0, newYTranslation:-164.0, location:4, i:0, getTopPadding:333.0, getLocationOnScreen():-497",MISS,0,0.665895
1297,"state.clipTopAmount:148, i:0",MISS,0,0.665382
1298,"updateClipping isOverlap:true, getTopPadding=333.0, Translation=-497.0",MISS,0,0.664869
1299,updateDimmedActivatedHideSensitive overlap:true,MISS,0,0.664357
1300,"ACTIVITY check resid: com.example.android.notepad, size=0",MISS,0,0.663846
1301,mHeadsUpExistenceChangedRunnable,HIT,0,0.664105
1302,"updateNotificationShade: total=1, active=1",MISS,0,0.663594
1303,removeNotificationChildren,HIT,0,0.663853
1304,"overlapAmount:220.0, previousNotificationEnd:0.0, newYTranslation:-220.0, location:4, i:0, getTopPadding:333.0, getLocationOnScreen():-553",MISS,0,0.663344
1305,"state.clipTopAmount:204, i:0",MISS,0,0.662835
1306,"updateClipping isOverlap:true, getTopPadding=333.0, Translation=-553.0",MISS,0,0.662328
1307,updateDimmedActivatedHideSensitive overlap:true,MISS,0,0.661821
1308,makeExpandedInvisible: mExpandedVisible=true,MISS,0,0.661315
1309,closeQs,HIT,0,0.661574
1310,cancelPeek: false,HIT,0,0.661832
1311,instantCollapse,MISS,0,0.661327
1312,cancelPeek: false,HIT,0,0.661585
1313,closeQs,HIT,0,0.661843
1314,logNotificationVisibilityChanges runInThread start,HIT,0,0.662100
1315,onNotificationVisibilityChanged called,HIT,0,0.662357
1316,resumeSuspendedAutohide,MISS,0,0.661854
1317,disable: < expand icons* alerts system_info* back home recent clock navigationbar search quick_settings >,MISS,0,0.661352
1318,logNotificationVisibilityChanges runInThread over,HIT,0,0.661608
1319,"updateClipping isOverlap:false, getTopPadding=333.0, Translation=-24.0",MISS,0,0.661107
1320,updateDimmedActivatedHideSensitive overlap:false,HIT,0,0.661364
1321,"userActivityNoUpdateLocked: eventTime=261967011, event=2, flags=0x0, uid=1000",MISS,0,0.660863
1322,"ready=true,policy=3,wakefulness=1,wksummary=0x0,uasummary=0x1,bootcompleted=true,boostinprogress=false,waitmodeenable=false,mode=false,manual=38,auto=-1,adj=0.0userId=0",HIT,0,0.661120
1323,Destroying surface Surface(name=PopupWindow:6ac503e) called by com.android.server.wm.WindowStateAnimator.destroySurface:2060 com.android.server.wm.WindowStateAnimator.destroySurfaceLocked:913 com.android.server.wm.WindowState.destroyOrSaveSurface:2201 com.android.server.wm.AppWindowToken.destroySurfaces:374 com.android.server.wm.WindowStateAnimator.finishExit:590 com.android.server.wm.WindowStateAnimator.stepAnimationLocked:516 com.android.server.wm.WindowAnimator.updateWindowsLocked:311 com.android.server.wm.WindowAnimator.animateLocked:738,MISS,0,0.660620
1324,getRunningAppProcesses: caller 10113 does not hold REAL_GET_TASKS; limiting output,HIT,0,0.660876
1325,"userActivityNoUpdateLocked: eventTime=261968328, event=2, flags=0x0, uid=1000",MISS,0,0.660377
1326,"ready=true,policy=3,wakefulness=1,wksummary=0x0,uasummary=0x1,bootcompleted=true,boostinprogress=false,waitmodeenable=false,mode=false,manual=38,auto=-1,adj=0.0userId=0",HIT,0,0.660633
1327,"userActivityNoUpdateLocked: eventTime=261968928, event=2, flags=0x0, uid=1000",MISS,0,0.660136
1328,"ready=true,policy=3,wakefulness=1,wksummary=0x0,uasummary=0x1,bootcompleted=true,boostinprogress=false,waitmodeenable=false,mode=false,manual=38,auto=-1,adj=0.0userId=0",HIT,0,0.660392
1329,"userActivityNoUpdateLocked: eventTime=261969446, event=2, flags=0x0, uid=1000",MISS,0,0.659895
1330,"ready=true,policy=3,wakefulness=1,wksummary=0x0,uasummary=0x1,bootcompleted=true,boostinprogress=false,waitmodeenable=false,mode=false,manual=38,auto=-1,adj=0.0userId=0",HIT,0,0.660150
1331,getRunningAppProcesses: caller 10113 does not hold REAL_GET_TASKS; limiting output,HIT,0,0.660406
1332,HBM brightnessIn =38,HIT,0,0.660661
1333,HBM brightnessOut =38,HIT,0,0.660915
1334,"Animating brightness: target=38, rate=200",HIT,0,0.661169
1335,HBM brightnessIn =38,HIT,0,0.661423
1336,HBM brightnessOut =38,HIT,0,0.661677
1337,"Animating brightness: target=38, rate=200",HIT,0,0.661930
1338,HBM brightnessIn =38,HIT,0,0.662182
1339,HBM brightnessOut =38,HIT,0,0.662435
1340,"Animating brightness: target=38, rate=200",HIT,0,0.662687
1341,"userActivityNoUpdateLocked: eventTime=261970966, event=2, flags=0x0, uid=1000",MISS,0,0.662192
1342,"ready=true,policy=3,wakefulness=1,wksummary=0x0,uasummary=0x1,bootcompleted=true,boostinprogress=false,waitmodeenable=false,mode=false,manual=38,auto=-1,adj=0.0userId=0",HIT,0,0.662444
1343,playSoundEffect   effectType: 0,HIT,0,0.662695
1344,querySoundEffectsEnabled...,HIT,0,0.662946
1345,Destroying surface Surface(name=PopupWindow:317e46) called by com.android.server.wm.WindowStateAnimator.destroySurface:2060 com.android.server.wm.WindowStateAnimator.destroySurfaceLocked:913 com.android.server.wm.WindowState.removeLocked:1554 com.android.server.wm.WindowManagerService.removeWindowInnerLocked:2739 com.android.server.wm.WindowManagerService.removeWindowInnerLocked:2702 com.android.server.wm.WindowManagerService.removeWindowLocked:2691 com.android.server.wm.WindowManagerService.removeWindowLocked:2560 com.android.server.wm.WindowManagerService.removeWindow:2555,HIT,0,0.663197
1346,"ActivityManagerService,attachApplication,callingPid = 13175",MISS,0,0.662704
1347,Destroying surface Surface(name=InputMethod) called by com.android.server.wm.WindowStateAnimator.destroySurface:2060 com.android.server.wm.WindowStateAnimator.destroySurfaceLocked:913 com.android.server.wm.WindowState.destroyOrSaveSurface:2201 com.android.server.wm.WindowSurfacePlacer.performSurfacePlacementInner:517 com.android.server.wm.WindowSurfacePlacer.performSurfacePlacementLoop:291 com.android.server.wm.WindowSurfacePlacer.performSurfacePlacement:233 com.android.server.wm.WindowManagerService$H.handleMessage:8670 android.os.Handler.dispatchMessage:105,MISS,0,0.662212
1348,"ACTIVITY check resid: com.example.android.notepad, size=1",MISS,0,0.661721
1349,"setSystemUiVisibility vis=40000000 mask=ffffffff oldVal=40000600 newVal=40000000 diff=600 fullscreenStackVis=0 dockedStackVis=0, fullscreenStackBounds=Rect(0, 0 - 720, 1280), dockedStackBounds=Rect(0, 0 - 0, 0)",MISS,0,0.661231
1350,"notifyUiVisibilityChanged:vis=0x40000000, SystemUiVisibility=0x40000000",MISS,0,0.660741
1351,"setSystemUiVisibility vis=40000600 mask=ffffffff oldVal=40000000 newVal=40000600 diff=600 fullscreenStackVis=0 dockedStackVis=0, fullscreenStackBounds=Rect(0, 0 - 720, 1280), dockedStackBounds=Rect(0, 0 - 0, 0)",MISS,0,0.660252
1352,"notifyUiVisibilityChanged:vis=0x40000600, SystemUiVisibility=0x40000600",HIT,0,0.660503
1353,"userActivityNoUpdateLocked: eventTime=261972153, event=2, flags=0x0, uid=1000",MISS,0,0.660015
1354,"ready=true,policy=3,wakefulness=1,wksummary=0x0,uasummary=0x1,bootcompleted=true,boostinprogress=false,waitmodeenable=false,mode=false,manual=38,auto=-1,adj=0.0userId=0",HIT,0,0.660266
1355,suspendAutohide,HIT,0,0.660517
1356,interceptKeyTq keycode=3 interactive=true keyguardActive=false policyFlags=2b000002 down true canceled false,MISS,0,0.660029
1357,"interceptKeyBeforeQueueing: key 3 , result : 1",MISS,0,0.659543
1358,"userActivityNoUpdateLocked: eventTime=261972159, event=1, flags=0x0, uid=1000",MISS,0,0.659057
1359,"ready=true,policy=3,wakefulness=1,wksummary=0x0,uasummary=0x1,bootcompleted=true,boostinprogress=false,waitmodeenable=false,mode=false,manual=38,auto=-1,adj=0.0userId=0",HIT,0,0.659308
1360,resumeSuspendedAutohide,HIT,0,0.659559
1361,"userActivityNoUpdateLocked: eventTime=261972223, event=0, flags=0x0, uid=1000",MISS,0,0.659074
1362,"ready=true,policy=3,wakefulness=1,wksummary=0x0,uasummary=0x1,bootcompleted=true,boostinprogress=false,waitmodeenable=false,mode=false,manual=38,auto=-1,adj=0.0userId=0",HIT,0,0.659325
1363,interceptKeyTq keycode=3 interactive=true keyguardActive=false policyFlags=2b000002 down false canceled false,MISS,0,0.658841
1364,"interceptKeyBeforeQueueing: key 3 , result : 1",MISS,0,0.658358
1365,querySoundEffectsEnabled...,HIT,0,0.658608
1366,"animateCollapsePanels:flags=0, force=false, delayed=false, mExpandedVisible=false",MISS,0,0.658126
1367,"userActivityNoUpdateLocked: eventTime=261972262, event=0, flags=0x0, uid=1000",MISS,0,0.657644
1368,"ready=true,policy=3,wakefulness=1,wksummary=0x0,uasummary=0x1,bootcompleted=true,boostinprogress=false,waitmodeenable=false,mode=false,manual=38,auto=-1,adj=0.0userId=0",HIT,0,0.657895
1369,closeQs,HIT,0,0.658145
1370,cancelPeek: false,HIT,0,0.658394
1371,instantCollapse,HIT,0,0.658643
1372,cancelPeek: false,HIT,0,0.658892
1373,"acquire lock=189667585, flags=0x1, tag=""*launch*"", name=android, ws=WorkSource{10057}, uid=1000, pid=1702",MISS,0,0.658412
1374,"ready=true,policy=3,wakefulness=1,wksummary=0x1,uasummary=0x1,bootcompleted=true,boostinprogress=false,waitmodeenable=false,mode=false,manual=38,auto=-1,adj=0.0userId=0",HIT,0,0.658661
1375,"Acquiring suspend blocker ""PowerManagerService.WakeLocks"".",HIT,0,0.658909
1376,"rotationForOrientationLw(orient=1, last=0); user=0 USER_ROTATION_LOCKED",MISS,0,0.658430
1377,"Application requested orientation 1, got rotation 0 which has compatible metrics",MISS,0,0.657952
1378,"Taking screenshot from Surface with crop:[Rect(0, 48 - 720, 1208)], width:[432], height:[696], minLayer:[21080], maxLayer:[21085], inRotation:[false], rot:[0]",MISS,0,0.657475
1379,The change in focus caused us to need to do a layout begin,HIT,0,0.657723
1380,The change in focus caused us to need to do a layout end,HIT,0,0.657971
1381,"setSystemUiVisibility vis=708 mask=ffffffff oldVal=40000600 newVal=708 diff=40000108 fullscreenStackVis=0 dockedStackVis=0, fullscreenStackBounds=Rect(0, 0 - 720, 1280), dockedStackBounds=Rect(0, 0 - 0, 0)",MISS,0,0.657495
1382,cancelAutohide,HIT,0,0.657742
1383,"notifyUiVisibilityChanged:vis=0x708, SystemUiVisibility=0x708",MISS,0,0.657267
1384,"updateClipping isOverlap:false, getTopPadding=333.0, Translation=-24.0",HIT,0,0.657514
1385,updateDimmedActivatedHideSensitive overlap:false,HIT,0,0.657762
1386,"Skipping, withExcluded: false, tr.intent:Intent { flg=0x10804000 cmp=com.android.systemui/.recents.RecentsActivity bnds=[264,444][920,908] }",HIT,0,0.658009
1387,"Skipping, withExcluded: false, tr.intent:Intent { act=android.intent.action.MAIN flg=0x10840000 cmp=com.android.incallui/.InCallActivity (has extras) }",HIT,0,0.658255
1388,"Skipping, withExcluded: false, tr.intent:Intent { flg=0x18800000 cmp=com.tencent.mm/.plugin.base.stub.WXEntryActivity (has extras) }",HIT,0,0.658501
1389,"Skipping, withExcluded: false, tr.intent:Intent { flg=0x10800000 cmp=com.tencent.qqmusic/.business.lockscreen.LockScreenActivity (has extras) }",HIT,0,0.658747
1390,"Skipping, withExcluded: false, tr.intent:Intent { act=com.android.contacts.action.CHOOSE_SUB dat=tel:xxxxxxxxxxx flg=0x10808000 cmp=com.android.contacts/.ChooseSubActivity (has extras) }",HIT,0,0.658993
1391,"Skipping, withExcluded: false, tr.intent:Intent { act=android.intent.action.VIEW dat=file:///storage/emulated/0/Tencent/QQfile_recv/b.apk typ=application/vnd.android.package-archive flg=0x10800000 cmp=com.android.packageinstaller/.PackageInstallerActivity (has extras) }",HIT,0,0.659238
1392,"getRecentTasks: num=20,flags=62,totalTasks=46",HIT,0,0.659483
1393,getRecentTasks: topActivity=ComponentInfo{com.example.android.notepad/com.example.android.notepad.NoteEditor},HIT,0,0.659727
1394,"Skipping, withExcluded: false, tr.intent:Intent { flg=0x10804000 cmp=com.android.systemui/.recents.RecentsActivity bnds=[264,444][920,908] }",HIT,0,0.659971
1395,"Skipping, withExcluded: false, tr.intent:Intent { act=android.intent.action.MAIN flg=0x10840000 cmp=com.android.incallui/.InCallActivity (has extras) }",HIT,0,0.660215
1396,"Skipping, withExcluded: false, tr.intent:Intent { flg=0x18800000 cmp=com.tencent.mm/.plugin.base.stub.WXEntryActivity (has extras) }",HIT,0,0.660458
1397,"getRecentTasks: num=10,flags=62,totalTasks=46",HIT,0,0.660702
1398,getRecentTasks: topActivity=ComponentInfo{com.example.android.notepad/com.example.android.notepad.NoteEditor},HIT,0,0.660944
1399,getTasks: caller 10020 does not hold REAL_GET_TASKS; limiting output,MISS,0,0.660472
1400,"setSystemUiVisibility vis=c0000700 mask=ffffffff oldVal=708 newVal=c0000700 diff=c0000008 fullscreenStackVis=0 dockedStackVis=0, fullscreenStackBounds=Rect(0, 0 - 720, 1280), dockedStackBounds=Rect(0, 0 - 0, 0)",MISS,0,0.660000
1401,cancelAutohide,HIT,0,0.660243
1402,"notifyUiVisibilityChanged:vis=0xc0000700, SystemUiVisibility=0xc0000700",MISS,0,0.659772
1403,getTasks: caller 10020 does not hold REAL_GET_TASKS; limiting output,HIT,0,0.660014
1404,"release:lock=189667585, flg=0x0, tag=""*launch*"", name=android"", ws=WorkSource{10057}, uid=1000, pid=1702",MISS,0,0.659544
1405,"ready=true,policy=3,wakefulness=1,wksummary=0x0,uasummary=0x1,bootcompleted=true,boostinprogress=false,waitmodeenable=false,mode=false,manual=38,auto=-1,adj=0.0userId=0",HIT,0,0.659786
1406,"Releasing suspend blocker ""PowerManagerService.WakeLocks"".",HIT,0,0.660028
1407,Destroying surface Surface(name=com.example.android.notepad/com.example.android.notepad.NoteEditor) called by com.android.server.wm.WindowStateAnimator.destroySurface:2060 com.android.server.wm.WindowStateAnimator.destroySurfaceLocked:913 com.android.server.wm.WindowState.destroyOrSaveSurface:2201 com.android.server.wm.AppWindowToken.destroySurfaces:374 com.android.server.wm.AppWindowToken.notifyAppStopped:400 com.android.server.wm.WindowManagerService.notifyAppStopped:4869 com.android.server.am.ActivityStack.activityStoppedLocked:1393 com.android.server.am.ActivityManagerService.activityStopped:7690,MISS,0,0.659559
1408,Destroying surface Surface(name=com.example.android.notepad/com.example.android.notepad.NoteEditor) called by com.android.server.wm.WindowStateAnimator.destroySurface:2060 com.android.server.wm.WindowStateAnimator.destroySurfaceLocked:913 com.android.server.wm.WindowState.destroyOrSaveSurface:2201 com.android.server.wm.AppWindowToken.destroySurfaces:374 com.android.server.wm.AppWindowToken.notifyAppStopped:400 com.android.server.wm.WindowManagerService.notifyAppStopped:4869 com.android.server.am.ActivityStack.activityStoppedLocked:1393 com.android.server.am.ActivityManagerService.activityStopped:7690,MISS,0,0.659091
1409,getTasks: caller 10020 does not hold REAL_GET_TASKS; limiting output,HIT,0,0.659333
1410,getTasks: caller 10020 does not hold REAL_GET_TASKS; limiting output,HIT,0,0.659574
1411,getRingerMode...,MISS,0,0.659107
1412,"userActivityNoUpdateLocked: eventTime=261973289, event=2, flags=0x0, uid=1000",MISS,0,0.658640
1413,suspendAutohide,HIT,0,0.658882
1414,"ready=true,policy=3,wakefulness=1,wksummary=0x0,uasummary=0x1,bootcompleted=true,boostinprogress=false,waitmodeenable=false,mode=false,manual=38,auto=-1,adj=0.0userId=0",HIT,0,0.659123
1415,interceptKeyTq keycode=3 interactive=true keyguardActive=false policyFlags=2b000002 down true canceled false,HIT,0,0.659364
1416,"interceptKeyBeforeQueueing: key 3 , result : 1",HIT,0,0.659605
1417,"userActivityNoUpdateLocked: eventTime=261973293, event=1, flags=0x0, uid=1000",MISS,0,0.659139
1418,"ready=true,policy=3,wakefulness=1,wksummary=0x0,uasummary=0x1,bootcompleted=true,boostinprogress=false,waitmodeenable=false,mode=false,manual=38,auto=-1,adj=0.0userId=0",HIT,0,0.659379
1419,resumeSuspendedAutohide,HIT,0,0.659619
1420,"userActivityNoUpdateLocked: eventTime=261973328, event=0, flags=0x0, uid=1000",MISS,0,0.659155
1421,"ready=true,policy=3,wakefulness=1,wksummary=0x0,uasummary=0x1,bootcompleted=true,boostinprogress=false,waitmodeenable=false,mode=false,manual=38,auto=-1,adj=0.0userId=0",HIT,0,0.659395
1422,interceptKeyTq keycode=3 interactive=true keyguardActive=false policyFlags=2b000002 down false canceled false,MISS,0,0.658931
1423,"interceptKeyBeforeQueueing: key 3 , result : 1",HIT,0,0.659171
1424,querySoundEffectsEnabled...,HIT,0,0.659410
1425,"userActivityNoUpdateLocked: eventTime=261973352, event=0, flags=0x0, uid=1000",MISS,0,0.658947
1426,"ready=true,policy=3,wakefulness=1,wksummary=0x0,uasummary=0x1,bootcompleted=true,boostinprogress=false,waitmodeenable=false,mode=false,manual=38,auto=-1,adj=0.0userId=0",HIT,0,0.659187
1427,"animateCollapsePanels:flags=0, force=false, delayed=false, mExpandedVisible=false",MISS,0,0.658725
1428,closeQs,HIT,0,0.658964
1429,cancelPeek: false,HIT,0,0.659202
1430,instantCollapse,HIT,0,0.659441
1431,cancelPeek: false,HIT,0,0.659679
1432,"userActivityNoUpdateLocked: eventTime=261973840, event=2, flags=0x0, uid=1000",MISS,0,0.659218
1433,"ready=true,policy=3,wakefulness=1,wksummary=0x0,uasummary=0x1,bootcompleted=true,boostinprogress=false,waitmodeenable=false,mode=false,manual=38,auto=-1,adj=0.0userId=0",HIT,0,0.659456
1434,playSoundEffect   effectType: 0,HIT,0,0.659693
1435,querySoundEffectsEnabled...,HIT,0,0.659930
1436,"START u0 {act=android.intent.action.MAIN cat=[android.intent.category.LAUNCHER] flg=0x10200000 cmp=com.tencent.mobileqq/.activity.SplashActivity bnds=[360,820][536,1011]} from uid 10057 on display 0",MISS,0,0.659471
1437,"ActivityRecord info: ActivityInfo{71e60ba com.tencent.mobileqq.activity.SplashActivity}, euid: 0",MISS,0,0.659012
1438,"acquire lock=189667585, flags=0x1, tag=""*launch*"", name=android, ws=WorkSource{10111}, uid=1000, pid=1702",MISS,0,0.658554
1439,"ready=true,policy=3,wakefulness=1,wksummary=0x1,uasummary=0x1,bootcompleted=true,boostinprogress=false,waitmodeenable=false,mode=false,manual=38,auto=-1,adj=0.0userId=0",HIT,0,0.658791
1440,"Acquiring suspend blocker ""PowerManagerService.WakeLocks"".",HIT,0,0.659028
1441,The change in focus caused us to need to do a layout begin,HIT,0,0.659264
1442,The change in focus caused us to need to do a layout end,HIT,0,0.659501
1443,"updateClipping isOverlap:false, getTopPadding=333.0, Translation=-24.0",HIT,0,0.659737
1444,updateDimmedActivatedHideSensitive overlap:false,HIT,0,0.659972
1445,"setSystemUiVisibility vis=80000508 mask=ffffffff oldVal=c0000700 newVal=80000508 diff=40000208 fullscreenStackVis=0 dockedStackVis=0, fullscreenStackBounds=Rect(0, 0 - 720, 1280), dockedStackBounds=Rect(0, 0 - 0, 0)",MISS,0,0.659516
1446,cancelAutohide,HIT,0,0.659751
1447,"notifyUiVisibilityChanged:vis=0x80000508, SystemUiVisibility=0x80000508",MISS,0,0.659295
1448,setLightsOn(true),HIT,0,0.659530
1449,"setSystemUiVisibility vis=0 mask=1 oldVal=80000508 newVal=80000508 diff=0 fullscreenStackVis=0 dockedStackVis=0, fullscreenStackBounds=Rect(0, 0 - 0, 0), dockedStackBounds=Rect(0, 0 - 0, 0)",MISS,0,0.659075
1450,"Skipping, withExcluded: false, tr.intent:Intent { flg=0x10804000 cmp=com.android.systemui/.recents.RecentsActivity bnds=[264,444][920,908] }",HIT,0,0.659310
1451,"Skipping, withExcluded: false, tr.intent:Intent { act=android.intent.action.MAIN flg=0x10840000 cmp=com.android.incallui/.InCallActivity (has extras) }",HIT,0,0.659545
1452,"Skipping, withExcluded: false, tr.intent:Intent { flg=0x18800000 cmp=com.tencent.mm/.plugin.base.stub.WXEntryActivity (has extras) }",HIT,0,0.659780
1453,"Skipping, withExcluded: false, tr.intent:Intent { flg=0x10800000 cmp=com.tencent.qqmusic/.business.lockscreen.LockScreenActivity (has extras) }",HIT,0,0.660014
1454,"Skipping, withExcluded: false, tr.intent:Intent { act=com.android.contacts.action.CHOOSE_SUB dat=tel:xxxxxxxxxxx flg=0x10808000 cmp=com.android.contacts/.ChooseSubActivity (has extras) }",HIT,0,0.660248
1455,"Skipping, withExcluded: false, tr.intent:Intent { act=android.intent.action.VIEW dat=file:///storage/emulated/0/Tencent/QQfile_recv/b.apk typ=application/vnd.android.package-archive flg=0x10800000 cmp=com.android.packageinstaller/.PackageInstallerActivity (has extras) }",HIT,0,0.660481
1456,"getRecentTasks: num=20,flags=62,totalTasks=46",HIT,0,0.660714
1457,getRecentTasks: topActivity=ComponentInfo{com.tencent.mobileqq/com.tencent.mobileqq.activity.SplashActivity},HIT,0,0.660947
1458,"Skipping, withExcluded: false, tr.intent:Intent { flg=0x10804000 cmp=com.android.systemui/.recents.RecentsActivity bnds=[264,444][920,908] }",HIT,0,0.661180
1459,"Skipping, withExcluded: false, tr.intent:Intent { act=android.intent.action.MAIN flg=0x10840000 cmp=com.android.incallui/.InCallActivity (has extras) }",HIT,0,0.661412
1460,"Skipping, withExcluded: false, tr.intent:Intent { flg=0x18800000 cmp=com.tencent.mm/.plugin.base.stub.WXEntryActivity (has extras) }",HIT,0,0.661644
1461,"getRecentTasks: num=10,flags=62,totalTasks=46",HIT,0,0.661875
1462,getRecentTasks: topActivity=ComponentInfo{com.tencent.mobileqq/com.tencent.mobileqq.activity.SplashActivity},HIT,0,0.662107
1463,setLightsOn(true),HIT,0,0.662338
1464,"setSystemUiVisibility vis=0 mask=1 oldVal=80000508 newVal=80000508 diff=0 fullscreenStackVis=0 dockedStackVis=0, fullscreenStackBounds=Rect(0, 0 - 0, 0), dockedStackBounds=Rect(0, 0 - 0, 0)",HIT,0,0.662568
1465,"cancelNotificationWithTag pid 28601,uid = 10111,tag = null,pkg =com.tencent.mobileqq,id =121",MISS,0,0.662116
1466,"cancelNotification,index:0",MISS,0,0.661664
1467,"cancelNotification,cancelNotificationLocked,callingUid = 10111,callingPid = 28601",MISS,0,0.661213
1468,"cancelNotificationLocked called,tell the app,reason = 8",MISS,0,0.660763
1469,cancelNotificationLocked:0|com.tencent.mobileqq|121|null|10111,MISS,0,0.660313
1470,"cancelNotificationWithTag pid 28601,uid = 10111,tag = null,pkg =com.tencent.mobileqq,id =119",MISS,0,0.659864
1471,"cancelNotificationLocked,remove =com.tencent.mobileqq",MISS,0,0.659415
1472,"cancelNotificationWithTag pid 28601,uid = 10111,tag = null,pkg =com.tencent.mobileqq,id =122",MISS,0,0.658967
1473,"updateLightsLocked,mInCall =false,mScreenOn = true,ledNotification == null?true",HIT,0,0.659199
1474,"updateLightsLocked,turn off notificationLight",HIT,0,0.659430
1475,"cancelNotification,index:-1",HIT,0,0.659661
1476,"cancelNotification,index:-1",HIT,0,0.659892
1477,"setSystemUiVisibility vis=40000500 mask=ffffffff oldVal=80000508 newVal=40000500 diff=c0000008 fullscreenStackVis=0 dockedStackVis=0, fullscreenStackBounds=Rect(0, 0 - 720, 1280), dockedStackBounds=Rect(0, 0 - 0, 0)",MISS,0,0.659445
1478,cancelAutohide,HIT,0,0.659675
1479,"notifyUiVisibilityChanged:vis=0x40000500, SystemUiVisibility=0x40000500",HIT,0,0.659905
1480,"cancelNotificationWithTag pid 28601,uid = 10111,tag = null,pkg =com.tencent.mobileqq,id =123",MISS,0,0.659459
1481,"cancelNotificationWithTag pid 28601,uid = 10111,tag = null,pkg =com.tencent.mobileqq,id =129",MISS,0,0.659014
1482,"cancelNotification,index:-1",HIT,0,0.659244
1483,"cancelNotification,index:-1",HIT,0,0.659474
1484,"cancelNotificationWithTag pid 28601,uid = 10111,tag = null,pkg =com.tencent.mobileqq,id =135",MISS,0,0.659030
1485,"cancelNotification,index:-1",HIT,0,0.659259
1486,"cancelNotificationWithTag pid 28601,uid = 10111,tag = null,pkg =com.tencent.mobileqq,id =140",MISS,0,0.658816
1487,"cancelNotification,index:-1",HIT,0,0.659045
1488,shouldBlockLocation running ...,HIT,0,0.659274
1489,setLightsOn(true),HIT,0,0.659503
1490,"setSystemUiVisibility vis=0 mask=1 oldVal=40000500 newVal=40000500 diff=0 fullscreenStackVis=0 dockedStackVis=0, fullscreenStackBounds=Rect(0, 0 - 0, 0), dockedStackBounds=Rect(0, 0 - 0, 0)",HIT,0,0.659732
1491,removeNotification:0|com.tencent.mobileqq|121|null|10111,MISS,0,0.659289
1492,"updateNotificationShade: total=0, active=0",HIT,0,0.659517
1493,"cancelNotificationWithTag pid 28601,uid = 10111,tag = null,pkg =com.tencent.mobileqq,id =144",MISS,0,0.659076
1494,"cancelNotification,index:-1",HIT,0,0.659304
1495,removeNotificationChildren,HIT,0,0.659532
1496,"animateCollapsePanels:flags=0, force=false, delayed=false, mExpandedVisible=false",MISS,0,0.659091
1497,closeQs,HIT,0,0.659319
1498,cancelPeek: false,HIT,0,0.659546
1499,instantCollapse,HIT,0,0.659773
1500,cancelPeek: false,HIT,0,0.660000
1501,"release:lock=189667585, flg=0x0, tag=""*launch*"", name=android"", ws=WorkSource{10111}, uid=1000, pid=1702",MISS,0,0.659560
1502,"ready=true,policy=3,wakefulness=1,wksummary=0x0,uasummary=0x1,bootcompleted=true,boostinprogress=false,waitmodeenable=false,mode=false,manual=38,auto=-1,adj=0.0userId=0",HIT,0,0.659787
1503,"Releasing suspend blocker ""PowerManagerService.WakeLocks"".",HIT,0,0.660013
1504,"updateClipping isOverlap:false, getTopPadding=333.0, Translation=0.0",HIT,0,0.660239
1505,updateDimmedActivatedHideSensitive overlap:false,HIT,0,0.660465
1506,setLightsOn(true),HIT,0,0.660691
1507,"setSystemUiVisibility vis=0 mask=1 oldVal=40000500 newVal=40000500 diff=0 fullscreenStackVis=0 dockedStackVis=0, fullscreenStackBounds=Rect(0, 0 - 0, 0), dockedStackBounds=Rect(0, 0 - 0, 0)",HIT,0,0.660916
1508,setLightsOn(true),HIT,0,0.661141
1509,"setSystemUiVisibility vis=0 mask=1 oldVal=40000500 newVal=40000500 diff=0 fullscreenStackVis=0 dockedStackVis=0, fullscreenStackBounds=Rect(0, 0 - 0, 0), dockedStackBounds=Rect(0, 0 - 0, 0)",HIT,0,0.661365
1510,"cancelNotificationWithTag pid 28601,uid = 10111,tag = null,pkg =com.tencent.mobileqq,id =193",MISS,0,0.660927
1511,"cancelNotification,index:-1",HIT,0,0.661152
1512,shouldBlockLocation  ret:true,MISS,0,0.660714
1513,getAllCellInfo is blocked by permission manager . callingPackage = com.tencent.mobileqq,MISS,0,0.660278
1514,setLightsOn(true),HIT,0,0.660502
1515,"setSystemUiVisibility vis=0 mask=1 oldVal=40000500 newVal=40000500 diff=0 fullscreenStackVis=0 dockedStackVis=0, fullscreenStackBounds=Rect(0, 0 - 0, 0), dockedStackBounds=Rect(0, 0 - 0, 0)",HIT,0,0.660726
1516,setLightsOn(true),HIT,0,0.660950
1517,"setSystemUiVisibility vis=0 mask=1 oldVal=40000500 newVal=40000500 diff=0 fullscreenStackVis=0 dockedStackVis=0, fullscreenStackBounds=Rect(0, 0 - 0, 0), dockedStackBounds=Rect(0, 0 - 0, 0)",HIT,0,0.661173
1518,setLightsOn(true),HIT,0,0.661397
1519,"setSystemUiVisibility vis=0 mask=1 oldVal=40000500 newVal=40000500 diff=0 fullscreenStackVis=0 dockedStackVis=0, fullscreenStackBounds=Rect(0, 0 - 0, 0), dockedStackBounds=Rect(0, 0 - 0, 0)",HIT,0,0.661619
1520,getTasks: caller 10111 does not hold REAL_GET_TASKS; limiting output,HIT,0,0.661842
1521,getTasks: caller 10111 does not hold REAL_GET_TASKS; limiting output,HIT,0,0.662064
1522,isMusicActive...,HIT,0,0.662286
1523,"userActivityNoUpdateLocked: eventTime=261975077, event=2, flags=0x0, uid=1000",MISS,0,0.661852
1524,"ready=true,policy=3,wakefulness=1,wksummary=0x0,uasummary=0x1,bootcompleted=true,boostinprogress=false,waitmodeenable=false,mode=false,manual=38,auto=-1,adj=0.0userId=0",HIT,0,0.662073
1525,playSoundEffect   effectType: 0,HIT,0,0.662295
1526,querySoundEffectsEnabled...,HIT,0,0.662516
1527,setLightsOn(true),HIT,0,0.662737
1528,"setSystemUiVisibility vis=0 mask=1 oldVal=40000500 newVal=40000500 diff=0 fullscreenStackVis=0 dockedStackVis=0, fullscreenStackBounds=Rect(0, 0 - 0, 0), dockedStackBounds=Rect(0, 0 - 0, 0)",HIT,0,0.662958
1529,HBM brightnessIn =38,HIT,0,0.663179
1530,HBM brightnessOut =38,HIT,0,0.663399
1531,"Animating brightness: target=38, rate=200",HIT,0,0.663619
1532,HBM brightnessIn =38,HIT,0,0.663838
1533,HBM brightnessOut =38,HIT,0,0.664057
1534,"Animating brightness: target=38, rate=200",HIT,0,0.664276
1535,shouldBlockLocation running ...,HIT,0,0.664495
1536,shouldBlockLocation  ret:true,HIT,0,0.664714
1537,getAllCellInfo is blocked by permission manager . callingPackage = com.tencent.mobileqq,MISS,0,0.664281
1538,shouldBlockLocation running ...,HIT,0,0.664499
1539,shouldBlockLocation  ret:true,HIT,0,0.664717
1540,getCellLocation is blocked by permission manager uid:10111 pid:28601,MISS,0,0.664286
1541,getRunningAppProcesses: caller 10111 does not hold REAL_GET_TASKS; limiting output,HIT,0,0.664504
1542,HBM brightnessIn =38,HIT,0,0.664721
1543,HBM brightnessOut =38,HIT,0,0.664938
1544,"Animating brightness: target=38, rate=200",HIT,0,0.665155
1545,"userActivityNoUpdateLocked: eventTime=261976180, event=2, flags=0x0, uid=1000",MISS,0,0.664725
1546,"ready=true,policy=3,wakefulness=1,wksummary=0x0,uasummary=0x1,bootcompleted=true,boostinprogress=false,waitmodeenable=false,mode=false,manual=38,auto=-1,adj=0.0userId=0",HIT,0,0.664942
1547,HBM brightnessIn =38,HIT,0,0.665158
1548,HBM brightnessOut =38,HIT,0,0.665375
1549,"Animating brightness: target=38, rate=200",HIT,0,0.665591
1550,setLightsOn(true),HIT,0,0.665806
1551,"setSystemUiVisibility vis=0 mask=1 oldVal=40000500 newVal=40000500 diff=0 fullscreenStackVis=0 dockedStackVis=0, fullscreenStackBounds=Rect(0, 0 - 0, 0), dockedStackBounds=Rect(0, 0 - 0, 0)",HIT,0,0.666022
1552,setLightsOn(true),HIT,0,0.666237
1553,"setSystemUiVisibility vis=0 mask=1 oldVal=40000500 newVal=40000500 diff=0 fullscreenStackVis=0 dockedStackVis=0, fullscreenStackBounds=Rect(0, 0 - 0, 0), dockedStackBounds=Rect(0, 0 - 0, 0)",HIT,0,0.666452
1554,setLightsOn(true),HIT,0,0.666667
1555,"setSystemUiVisibility vis=0 mask=1 oldVal=40000500 newVal=40000500 diff=0 fullscreenStackVis=0 dockedStackVis=0, fullscreenStackBounds=Rect(0, 0 - 0, 0), dockedStackBounds=Rect(0, 0 - 0, 0)",HIT,0,0.666881
1556,setLightsOn(true),HIT,0,0.667095
1557,"setSystemUiVisibility vis=0 mask=1 oldVal=40000500 newVal=40000500 diff=0 fullscreenStackVis=0 dockedStackVis=0, fullscreenStackBounds=Rect(0, 0 - 0, 0), dockedStackBounds=Rect(0, 0 - 0, 0)",HIT,0,0.667309
1558,setLightsOn(true),HIT,0,0.667522
1559,"setSystemUiVisibility vis=0 mask=1 oldVal=40000500 newVal=40000500 diff=0 fullscreenStackVis=0 dockedStackVis=0, fullscreenStackBounds=Rect(0, 0 - 0, 0), dockedStackBounds=Rect(0, 0 - 0, 0)",HIT,0,0.667736
1560,setLightsOn(true),HIT,0,0.667949
1561,"setSystemUiVisibility vis=0 mask=1 oldVal=40000500 newVal=40000500 diff=0 fullscreenStackVis=0 dockedStackVis=0, fullscreenStackBounds=Rect(0, 0 - 0, 0), dockedStackBounds=Rect(0, 0 - 0, 0)",HIT,0,0.668161
1562,setLightsOn(true),HIT,0,0.668374
1563,"setSystemUiVisibility vis=0 mask=1 oldVal=40000500 newVal=40000500 diff=0 fullscreenStackVis=0 dockedStackVis=0, fullscreenStackBounds=Rect(0, 0 - 0, 0), dockedStackBounds=Rect(0, 0 - 0, 0)",HIT,0,0.668586
1564,setLightsOn(true),HIT,0,0.668798
1565,"setSystemUiVisibility vis=0 mask=1 oldVal=40000500 newVal=40000500 diff=0 fullscreenStackVis=0 dockedStackVis=0, fullscreenStackBounds=Rect(0, 0 - 0, 0), dockedStackBounds=Rect(0, 0 - 0, 0)",HIT,0,0.669010
1566,setLightsOn(true),HIT,0,0.669221
1567,"setSystemUiVisibility vis=0 mask=1 oldVal=40000500 newVal=40000500 diff=0 fullscreenStackVis=0 dockedStackVis=0, fullscreenStackBounds=Rect(0, 0 - 0, 0), dockedStackBounds=Rect(0, 0 - 0, 0)",HIT,0,0.669432
1568,setLightsOn(true),HIT,0,0.669643
1569,"setSystemUiVisibility vis=0 mask=1 oldVal=40000500 newVal=40000500 diff=0 fullscreenStackVis=0 dockedStackVis=0, fullscreenStackBounds=Rect(0, 0 - 0, 0), dockedStackBounds=Rect(0, 0 - 0, 0)",HIT,0,0.669853
1570,setLightsOn(true),HIT,0,0.670064
1571,"setSystemUiVisibility vis=0 mask=1 oldVal=40000500 newVal=40000500 diff=0 fullscreenStackVis=0 dockedStackVis=0, fullscreenStackBounds=Rect(0, 0 - 0, 0), dockedStackBounds=Rect(0, 0 - 0, 0)",HIT,0,0.670274
1572,setLightsOn(true),HIT,0,0.670483
1573,"setSystemUiVisibility vis=0 mask=1 oldVal=40000500 newVal=40000500 diff=0 fullscreenStackVis=0 dockedStackVis=0, fullscreenStackBounds=Rect(0, 0 - 0, 0), dockedStackBounds=Rect(0, 0 - 0, 0)",HIT,0,0.670693
1574,setLightsOn(true),HIT,0,0.670902
1575,"setSystemUiVisibility vis=0 mask=1 oldVal=40000500 newVal=40000500 diff=0 fullscreenStackVis=0 dockedStackVis=0, fullscreenStackBounds=Rect(0, 0 - 0, 0), dockedStackBounds=Rect(0, 0 - 0, 0)",HIT,0,0.671111
1576,setLightsOn(true),HIT,0,0.671320
1577,"setSystemUiVisibility vis=0 mask=1 oldVal=40000500 newVal=40000500 diff=0 fullscreenStackVis=0 dockedStackVis=0, fullscreenStackBounds=Rect(0, 0 - 0, 0), dockedStackBounds=Rect(0, 0 - 0, 0)",HIT,0,0.671528
1578,setLightsOn(true),HIT,0,0.671736
1579,"setSystemUiVisibility vis=0 mask=1 oldVal=40000500 newVal=40000500 diff=0 fullscreenStackVis=0 dockedStackVis=0, fullscreenStackBounds=Rect(0, 0 - 0, 0), dockedStackBounds=Rect(0, 0 - 0, 0)",HIT,0,0.671944
1580,setLightsOn(true),HIT,0,0.672152
1581,"setSystemUiVisibility vis=0 mask=1 oldVal=40000500 newVal=40000500 diff=0 fullscreenStackVis=0 dockedStackVis=0, fullscreenStackBounds=Rect(0, 0 - 0, 0), dockedStackBounds=Rect(0, 0 - 0, 0)",HIT,0,0.672359
1582,"userActivityNoUpdateLocked: eventTime=261976915, event=2, flags=0x0, uid=1000",MISS,0,0.671934
1583,"ready=true,policy=3,wakefulness=1,wksummary=0x0,uasummary=0x1,bootcompleted=true,boostinprogress=false,waitmodeenable=false,mode=false,manual=38,auto=-1,adj=0.0userId=0",HIT,0,0.672142
1584,setLightsOn(true),HIT,0,0.672348
1585,"setSystemUiVisibility vis=0 mask=1 oldVal=40000500 newVal=40000500 diff=0 fullscreenStackVis=0 dockedStackVis=0, fullscreenStackBounds=Rect(0, 0 - 0, 0), dockedStackBounds=Rect(0, 0 - 0, 0)",HIT,0,0.672555
1586,setLightsOn(true),HIT,0,0.672762
1587,"setSystemUiVisibility vis=0 mask=1 oldVal=40000500 newVal=40000500 diff=0 fullscreenStackVis=0 dockedStackVis=0, fullscreenStackBounds=Rect(0, 0 - 0, 0), dockedStackBounds=Rect(0, 0 - 0, 0)",HIT,0,0.672968
1588,setLightsOn(true),HIT,0,0.673174
1589,"setSystemUiVisibility vis=0 mask=1 oldVal=40000500 newVal=40000500 diff=0 fullscreenStackVis=0 dockedStackVis=0, fullscreenStackBounds=Rect(0, 0 - 0, 0), dockedStackBounds=Rect(0, 0 - 0, 0)",HIT,0,0.673379
1590,setLightsOn(true),HIT,0,0.673585
1591,"setSystemUiVisibility vis=0 mask=1 oldVal=40000500 newVal=40000500 diff=0 fullscreenStackVis=0 dockedStackVis=0, fullscreenStackBounds=Rect(0, 0 - 0, 0), dockedStackBounds=Rect(0, 0 - 0, 0)",HIT,0,0.673790
1592,setLightsOn(true),HIT,0,0.673995
1593,"setSystemUiVisibility vis=0 mask=1 oldVal=40000500 newVal=40000500 diff=0 fullscreenStackVis=0 dockedStackVis=0, fullscreenStackBounds=Rect(0, 0 - 0, 0), dockedStackBounds=Rect(0, 0 - 0, 0)",HIT,0,0.674200
1594,setLightsOn(true),HIT,0,0.674404
1595,"setSystemUiVisibility vis=0 mask=1 oldVal=40000500 newVal=40000500 diff=0 fullscreenStackVis=0 dockedStackVis=0, fullscreenStackBounds=Rect(0, 0 - 0, 0), dockedStackBounds=Rect(0, 0 - 0, 0)",HIT,0,0.674608
1596,shouldBlockLocation running ...,HIT,0,0.674812
1597,shouldBlockLocation  ret:true,HIT,0,0.675016
1598,getAllCellInfo is blocked by permission manager . callingPackage = com.tencent.mobileqq,HIT,0,0.675219
1599,"userActivityNoUpdateLocked: eventTime=261977717, event=2, flags=0x0, uid=1000",MISS,0,0.674797
1600,"ready=true,policy=3,wakefulness=1,wksummary=0x0,uasummary=0x1,bootcompleted=true,boostinprogress=false,waitmodeenable=false,mode=false,manual=38,auto=-1,adj=0.0userId=0",HIT,0,0.675000
1601,setLightsOn(true),HIT,0,0.675203
1602,"setSystemUiVisibility vis=0 mask=1 oldVal=40000500 newVal=40000500 diff=0 fullscreenStackVis=0 dockedStackVis=0, fullscreenStackBounds=Rect(0, 0 - 0, 0), dockedStackBounds=Rect(0, 0 - 0, 0)",HIT,0,0.675406
1603,"userActivityNoUpdateLocked: eventTime=261978352, event=2, flags=0x0, uid=1000",MISS,0,0.674984
1604,"ready=true,policy=3,wakefulness=1,wksummary=0x0,uasummary=0x1,bootcompleted=true,boostinprogress=false,waitmodeenable=false,mode=false,manual=38,auto=-1,adj=0.0userId=0",HIT,0,0.675187
1605,getRunningAppProcesses: caller 10113 does not hold REAL_GET_TASKS; limiting output,HIT,0,0.675389
1606,getRunningAppProcesses: caller 10113 does not hold REAL_GET_TASKS; limiting output,HIT,0,0.675592
1607,"userActivityNoUpdateLocked: eventTime=261979355, event=2, flags=0x0, uid=1000",MISS,0,0.675171
1608,"ready=true,policy=3,wakefulness=1,wksummary=0x0,uasummary=0x1,bootcompleted=true,boostinprogress=false,waitmodeenable=false,mode=false,manual=38,auto=-1,adj=0.0userId=0",HIT,0,0.675373
1609,setLightsOn(true),HIT,0,0.675575
1610,"setSystemUiVisibility vis=0 mask=1 oldVal=40000500 newVal=40000500 diff=0 fullscreenStackVis=0 dockedStackVis=0, fullscreenStackBounds=Rect(0, 0 - 0, 0), dockedStackBounds=Rect(0, 0 - 0, 0)",HIT,0,0.675776
1611,setLightsOn(true),HIT,0,0.675978
1612,"setSystemUiVisibility vis=0 mask=1 oldVal=40000500 newVal=40000500 diff=0 fullscreenStackVis=0 dockedStackVis=0, fullscreenStackBounds=Rect(0, 0 - 0, 0), dockedStackBounds=Rect(0, 0 - 0, 0)",HIT,0,0.676179
1613,setLightsOn(true),HIT,0,0.676379
1614,"setSystemUiVisibility vis=0 mask=1 oldVal=40000500 newVal=40000500 diff=0 fullscreenStackVis=0 dockedStackVis=0, fullscreenStackBounds=Rect(0, 0 - 0, 0), dockedStackBounds=Rect(0, 0 - 0, 0)",HIT,0,0.676580
1615,getRunningAppProcesses: caller 10111 does not hold REAL_GET_TASKS; limiting output,HIT,0,0.676780
1616,getTasks: caller 10111 does not hold REAL_GET_TASKS; limiting output,HIT,0,0.676980
1617,setLightsOn(true),HIT,0,0.677180
1618,"setSystemUiVisibility vis=0 mask=1 oldVal=40000500 newVal=40000500 diff=0 fullscreenStackVis=0 dockedStackVis=0, fullscreenStackBounds=Rect(0, 0 - 0, 0), dockedStackBounds=Rect(0, 0 - 0, 0)",HIT,0,0.677379
1619,"userActivityNoUpdateLocked: eventTime=261980307, event=2, flags=0x0, uid=1000",MISS,0,0.676961
1620,"ready=true,policy=3,wakefulness=1,wksummary=0x0,uasummary=0x1,bootcompleted=true,boostinprogress=false,waitmodeenable=false,mode=false,manual=38,auto=-1,adj=0.0userId=0",HIT,0,0.677160
1621,setLightsOn(true),HIT,0,0.677360
1622,"setSystemUiVisibility vis=0 mask=1 oldVal=40000500 newVal=40000500 diff=0 fullscreenStackVis=0 dockedStackVis=0, fullscreenStackBounds=Rect(0, 0 - 0, 0), dockedStackBounds=Rect(0, 0 - 0, 0)",HIT,0,0.677559
1623,setLightsOn(true),HIT,0,0.677757
1624,"setSystemUiVisibility vis=0 mask=1 oldVal=40000500 newVal=40000500 diff=0 fullscreenStackVis=0 dockedStackVis=0, fullscreenStackBounds=Rect(0, 0 - 0, 0), dockedStackBounds=Rect(0, 0 - 0, 0)",HIT,0,0.677956
1625,isMusicActive...,HIT,0,0.678154
1626,setLightsOn(true),HIT,0,0.678352
1627,"setSystemUiVisibility vis=0 mask=1 oldVal=40000500 newVal=40000500 diff=0 fullscreenStackVis=0 dockedStackVis=0, fullscreenStackBounds=Rect(0, 0 - 0, 0), dockedStackBounds=Rect(0, 0 - 0, 0)",HIT,0,0.678549
1628,setLightsOn(true),HIT,0,0.678747
1629,"setSystemUiVisibility vis=0 mask=1 oldVal=40000500 newVal=40000500 diff=0 fullscreenStackVis=0 dockedStackVis=0, fullscreenStackBounds=Rect(0, 0 - 0, 0), dockedStackBounds=Rect(0, 0 - 0, 0)",HIT,0,0.678944
1630,setLightsOn(true),HIT,0,0.679141
1631,"setSystemUiVisibility vis=0 mask=1 oldVal=40000500 newVal=40000500 diff=0 fullscreenStackVis=0 dockedStackVis=0, fullscreenStackBounds=Rect(0, 0 - 0, 0), dockedStackBounds=Rect(0, 0 - 0, 0)",HIT,0,0.679338
1632,setLightsOn(true),HIT,0,0.679534
1633,"setSystemUiVisibility vis=0 mask=1 oldVal=40000500 newVal=40000500 diff=0 fullscreenStackVis=0 dockedStackVis=0, fullscreenStackBounds=Rect(0, 0 - 0, 0), dockedStackBounds=Rect(0, 0 - 0, 0)",HIT,0,0.679731
1634,"userActivityNoUpdateLocked: eventTime=261980925, event=2, flags=0x0, uid=1000",MISS,0,0.679315
1635,"ready=true,policy=3,wakefulness=1,wksummary=0x0,uasummary=0x1,bootcompleted=true,boostinprogress=false,waitmodeenable=false,mode=false,manual=38,auto=-1,adj=0.0userId=0",HIT,0,0.679511
1636,setLightsOn(true),HIT,0,0.679707
1637,"setSystemUiVisibility vis=0 mask=1 oldVal=40000500 newVal=40000500 diff=0 fullscreenStackVis=0 dockedStackVis=0, fullscreenStackBounds=Rect(0, 0 - 0, 0), dockedStackBounds=Rect(0, 0 - 0, 0)",HIT,0,0.679902
1638,setLightsOn(true),HIT,0,0.680098
1639,"setSystemUiVisibility vis=0 mask=1 oldVal=40000500 newVal=40000500 diff=0 fullscreenStackVis=0 dockedStackVis=0, fullscreenStackBounds=Rect(0, 0 - 0, 0), dockedStackBounds=Rect(0, 0 - 0, 0)",HIT,0,0.680293
1640,"userActivityNoUpdateLocked: eventTime=261981426, event=2, flags=0x0, uid=1000",MISS,0,0.679878
1641,"ready=true,policy=3,wakefulness=1,wksummary=0x0,uasummary=0x1,bootcompleted=true,boostinprogress=false,waitmodeenable=false,mode=false,manual=38,auto=-1,adj=0.0userId=0",HIT,0,0.680073
1642,setLightsOn(true),HIT,0,0.680268
1643,"setSystemUiVisibility vis=0 mask=1 oldVal=40000500 newVal=40000500 diff=0 fullscreenStackVis=0 dockedStackVis=0, fullscreenStackBounds=Rect(0, 0 - 0, 0), dockedStackBounds=Rect(0, 0 - 0, 0)",HIT,0,0.680463
1644,"userActivityNoUpdateLocked: eventTime=261982379, event=2, flags=0x0, uid=1000",MISS,0,0.680049
1645,"ready=true,policy=3,wakefulness=1,wksummary=0x0,uasummary=0x1,bootcompleted=true,boostinprogress=false,waitmodeenable=false,mode=false,manual=38,auto=-1,adj=0.0userId=0",HIT,0,0.680243
1646,HBM brightnessIn =38,HIT,0,0.680437
1647,HBM brightnessOut =38,HIT,0,0.680631
1648,"Animating brightness: target=38, rate=200",HIT,0,0.680825
1649,setLightsOn(true),HIT,0,0.681019
1650,"setSystemUiVisibility vis=0 mask=1 oldVal=40000500 newVal=40000500 diff=0 fullscreenStackVis=0 dockedStackVis=0, fullscreenStackBounds=Rect(0, 0 - 0, 0), dockedStackBounds=Rect(0, 0 - 0, 0)",HIT,0,0.681212
1651,setLightsOn(true),HIT,0,0.681405
1652,"setSystemUiVisibility vis=0 mask=1 oldVal=40000500 newVal=40000500 diff=0 fullscreenStackVis=0 dockedStackVis=0, fullscreenStackBounds=Rect(0, 0 - 0, 0), dockedStackBounds=Rect(0, 0 - 0, 0)",HIT,0,0.681598
1653,HBM brightnessIn =38,HIT,0,0.681791
1654,HBM brightnessOut =38,HIT,0,0.681983
1655,"Animating brightness: target=38, rate=200",HIT,0,0.682175
1656,"userActivityNoUpdateLocked: eventTime=261983047, event=2, flags=0x0, uid=1000",MISS,0,0.681763
1657,"ready=true,policy=3,wakefulness=1,wksummary=0x0,uasummary=0x1,bootcompleted=true,boostinprogress=false,waitmodeenable=false,mode=false,manual=38,auto=-1,adj=0.0userId=0",HIT,0,0.681955
1658,setLightsOn(true),HIT,0,0.682147
1659,"setSystemUiVisibility vis=0 mask=1 oldVal=40000500 newVal=40000500 diff=0 fullscreenStackVis=0 dockedStackVis=0, fullscreenStackBounds=Rect(0, 0 - 0, 0), dockedStackBounds=Rect(0, 0 - 0, 0)",HIT,0,0.682339
1660,setLightsOn(true),HIT,0,0.682530
1661,"setSystemUiVisibility vis=0 mask=1 oldVal=40000500 newVal=40000500 diff=0 fullscreenStackVis=0 dockedStackVis=0, fullscreenStackBounds=Rect(0, 0 - 0, 0), dockedStackBounds=Rect(0, 0 - 0, 0)",HIT,0,0.682721
1662,HBM brightnessIn =38,HIT,0,0.682912
1663,HBM brightnessOut =38,HIT,0,0.683103
1664,"Animating brightness: target=38, rate=200",HIT,0,0.683293
1665,setLightsOn(true),HIT,0,0.683483
1666,"setSystemUiVisibility vis=0 mask=1 oldVal=40000500 newVal=40000500 diff=0 fullscreenStackVis=0 dockedStackVis=0, fullscreenStackBounds=Rect(0, 0 - 0, 0), dockedStackBounds=Rect(0, 0 - 0, 0)",HIT,0,0.683673
1667,setLightsOn(true),HIT,0,0.683863
1668,"setSystemUiVisibility vis=0 mask=1 oldVal=40000500 newVal=40000500 diff=0 fullscreenStackVis=0 dockedStackVis=0, fullscreenStackBounds=Rect(0, 0 - 0, 0), dockedStackBounds=Rect(0, 0 - 0, 0)",HIT,0,0.684053
1669,HBM brightnessIn =38,HIT,0,0.684242
1670,HBM brightnessOut =38,HIT,0,0.684431
1671,"Animating brightness: target=38, rate=200",HIT,0,0.684620
1672,"userActivityNoUpdateLocked: eventTime=261983733, event=2, flags=0x0, uid=1000",MISS,0,0.684211
1673,"ready=true,policy=3,wakefulness=1,wksummary=0x0,uasummary=0x1,bootcompleted=true,boostinprogress=false,waitmodeenable=false,mode=false,manual=38,auto=-1,adj=0.0userId=0",HIT,0,0.684399
1674,setLightsOn(true),HIT,0,0.684588
1675,"setSystemUiVisibility vis=0 mask=1 oldVal=40000500 newVal=40000500 diff=0 fullscreenStackVis=0 dockedStackVis=0, fullscreenStackBounds=Rect(0, 0 - 0, 0), dockedStackBounds=Rect(0, 0 - 0, 0)",HIT,0,0.684776
1676,HBM brightnessIn =38,HIT,0,0.684964
1677,HBM brightnessOut =38,HIT,0,0.685152
1678,"Animating brightness: target=38, rate=200",HIT,0,0.685340
1679,HBM brightnessIn =38,HIT,0,0.685527
1680,HBM brightnessOut =38,HIT,0,0.685714
1681,"Animating brightness: target=38, rate=200",HIT,0,0.685901
1682,HBM brightnessIn =38,HIT,0,0.686088
1683,HBM brightnessOut =38,HIT,0,0.686275
1684,"Animating brightness: target=38, rate=200",HIT,0,0.686461
1685,"userActivityNoUpdateLocked: eventTime=261984484, event=2, flags=0x0, uid=1000",MISS,0,0.686053
1686,"ready=true,policy=3,wakefulness=1,wksummary=0x0,uasummary=0x1,bootcompleted=true,boostinprogress=false,waitmodeenable=false,mode=false,manual=38,auto=-1,adj=0.0userId=0",HIT,0,0.686240
1687,"sending alarm Alarm{d764221 type 3 when 509262332 PendingIntent{1749923: PendingIntentRecord{9600e20 android broadcastIntent}}},repeatInterval = 0,listenerTag =time_tick",MISS,0,0.685833
1688,"ready=true,policy=3,wakefulness=1,wksummary=0x1,uasummary=0x1,bootcompleted=true,boostinprogress=false,waitmodeenable=false,mode=false,manual=38,auto=-1,adj=0.0userId=0",HIT,0,0.686019
1689,"Acquiring suspend blocker ""PowerManagerService.WakeLocks"".",HIT,0,0.686205
1690,Received TIME_TICK alarm; rescheduling,MISS,0,0.685799
1691,scheduleTimeTickEvent triggerAtTime = 509322332,MISS,0,0.685393
1692,"updateClipping isOverlap:false, getTopPadding=333.0, Translation=0.0",HIT,0,0.685579
1693,updateDimmedActivatedHideSensitive overlap:false,HIT,0,0.685765
1694,"updateClipping isOverlap:false, getTopPadding=333.0, Translation=0.0",HIT,0,0.685950
1695,updateDimmedActivatedHideSensitive overlap:false,HIT,0,0.686136
1696,received broadcast android.intent.action.TIME_TICK,MISS,0,0.685731
1697,handleTimeUpdate,HIT,0,0.685916
1698,HBM brightnessIn =38,HIT,0,0.686101
1699,HBM brightnessOut =38,HIT,0,0.686286
1700,"Animating brightness: target=38, rate=200",HIT,0,0.686471
1701,playSoundEffect   effectType: 0,HIT,0,0.686655
1702,querySoundEffectsEnabled...,HIT,0,0.686839
1703,Destroying surface Surface(name=PopupWindow:9b04807) called by com.android.server.wm.WindowStateAnimator.destroySurface:2060 com.android.server.wm.WindowStateAnimator.destroySurfaceLocked:913 com.android.server.wm.WindowState.removeLocked:1554 com.android.server.wm.WindowManagerService.removeWindowInnerLocked:2739 com.android.server.wm.WindowManagerService.removeWindowInnerLocked:2702 com.android.server.wm.WindowManagerService.removeWindowLocked:2691 com.android.server.wm.WindowManagerService.removeWindowLocked:2560 com.android.server.wm.WindowManagerService.removeWindow:2555,HIT,0,0.687023
1704,isWiredHeadsetOn...,MISS,0,0.686620
1705,Destroying surface Surface(name=PopupWindow:317e46) called by com.android.server.wm.WindowStateAnimator.destroySurface:2060 com.android.server.wm.WindowStateAnimator.destroySurfaceLocked:913 com.android.server.wm.WindowState.removeLocked:1554 com.android.server.wm.WindowManagerService.removeWindowInnerLocked:2739 com.android.server.wm.WindowManagerService.removeWindowInnerLocked:2702 com.android.server.wm.WindowManagerService.removeWindowLocked:2691 com.android.server.wm.WindowManagerService.removeWindowLocked:2560 com.android.server.wm.WindowManagerService.removeWindow:2555,HIT,0,0.686804
1706,"acquire lock=191063310, flags=0x1, tag=""AudioMix"", name=audioserver, ws=null, uid=1041, pid=0",MISS,0,0.686401
1707,"ready=true,policy=3,wakefulness=1,wksummary=0x1,uasummary=0x1,bootcompleted=true,boostinprogress=false,waitmodeenable=false,mode=false,manual=38,auto=-1,adj=0.0userId=0",HIT,0,0.686585
1708,"acquire lock=149977903, flags=0x1, tag=""AudioMix"", name=audioserver, ws=null, uid=1041, pid=0",MISS,0,0.686183
1709,"ready=true,policy=3,wakefulness=1,wksummary=0x1,uasummary=0x1,bootcompleted=true,boostinprogress=false,waitmodeenable=false,mode=false,manual=38,auto=-1,adj=0.0userId=0",HIT,0,0.686366
1710,"acquire lock=155645244, flags=0x1, tag=""AudioMix"", name=audioserver, ws=null, uid=1041, pid=0",MISS,0,0.685965
1711,"ready=true,policy=3,wakefulness=1,wksummary=0x1,uasummary=0x1,bootcompleted=true,boostinprogress=false,waitmodeenable=false,mode=false,manual=38,auto=-1,adj=0.0userId=0",HIT,0,0.686148
1712,"acquire lock=173466309, flags=0x1, tag=""AudioMix"", name=audioserver, ws=null, uid=1041, pid=0",MISS,0,0.685748
1713,"ready=true,policy=3,wakefulness=1,wksummary=0x1,uasummary=0x1,bootcompleted=true,boostinprogress=false,waitmodeenable=false,mode=false,manual=38,auto=-1,adj=0.0userId=0",HIT,0,0.685931
1714,HBM brightnessIn =38,HIT,0,0.686114
1715,HBM brightnessOut =38,HIT,0,0.686297
1716,"Animating brightness: target=38, rate=200",HIT,0,0.686480
1717,"ready=true,policy=3,wakefulness=1,wksummary=0x1,uasummary=0x1,bootcompleted=true,boostinprogress=false,waitmodeenable=false,mode=false,manual=38,auto=-1,adj=0.0userId=0",HIT,0,0.686663
1718,setLightsOn(true),HIT,0,0.686845
1719,"setSystemUiVisibility vis=0 mask=1 oldVal=40000500 newVal=40000500 diff=0 fullscreenStackVis=0 dockedStackVis=0, fullscreenStackBounds=Rect(0, 0 - 0, 0), dockedStackBounds=Rect(0, 0 - 0, 0)",HIT,0,0.687027
1720,"setDataSource(166, 0, 576460752303423487)",MISS,0,0.686628
1721,setLightsOn(true),HIT,0,0.686810
1722,"setSystemUiVisibility vis=0 mask=1 oldVal=40000500 newVal=40000500 diff=0 fullscreenStackVis=0 dockedStackVis=0, fullscreenStackBounds=Rect(0, 0 - 0, 0), dockedStackBounds=Rect(0, 0 - 0, 0)",HIT,0,0.686992
1723,setLightsOn(true),HIT,0,0.687174
1724,"setSystemUiVisibility vis=0 mask=1 oldVal=40000500 newVal=40000500 diff=0 fullscreenStackVis=0 dockedStackVis=0, fullscreenStackBounds=Rect(0, 0 - 0, 0), dockedStackBounds=Rect(0, 0 - 0, 0)",HIT,0,0.687355
1725,setLightsOn(true),HIT,0,0.687536
1726,"setSystemUiVisibility vis=0 mask=1 oldVal=40000500 newVal=40000500 diff=0 fullscreenStackVis=0 dockedStackVis=0, fullscreenStackBounds=Rect(0, 0 - 0, 0), dockedStackBounds=Rect(0, 0 - 0, 0)",HIT,0,0.687717
1727,getStreamVolume  treamType: 5,MISS,0,0.687319
1728,setLightsOn(true),HIT,0,0.687500
1729,"setSystemUiVisibility vis=0 mask=1 oldVal=40000500 newVal=40000500 diff=0 fullscreenStackVis=0 dockedStackVis=0, fullscreenStackBounds=Rect(0, 0 - 0, 0), dockedStackBounds=Rect(0, 0 - 0, 0)",HIT,0,0.687681
1730,setLightsOn(true),HIT,0,0.687861
1731,"setSystemUiVisibility vis=0 mask=1 oldVal=40000500 newVal=40000500 diff=0 fullscreenStackVis=0 dockedStackVis=0, fullscreenStackBounds=Rect(0, 0 - 0, 0), dockedStackBounds=Rect(0, 0 - 0, 0)",HIT,0,0.688042
1732,HBM brightnessIn =38,HIT,0,0.688222
1733,HBM brightnessOut =38,HIT,0,0.688402
1734,"Animating brightness: target=38, rate=200",HIT,0,0.688581
1735,"userActivityNoUpdateLocked: eventTime=261985554, event=2, flags=0x0, uid=1000",MISS,0,0.688184
1736,"ready=true,policy=3,wakefulness=1,wksummary=0x1,uasummary=0x1,bootcompleted=true,boostinprogress=false,waitmodeenable=false,mode=false,manual=38,auto=-1,adj=0.0userId=0",HIT,0,0.688364
1737,HBM brightnessIn =38,HIT,0,0.688543
1738,HBM brightnessOut =38,HIT,0,0.688723
1739,"Animating brightness: target=38, rate=200",HIT,0,0.688902
1740,Destroying surface Surface(name=PopupWindow:317e46) called by com.android.server.wm.WindowStateAnimator.destroySurface:2060 com.android.server.wm.WindowStateAnimator.destroySurfaceLocked:913 com.android.server.wm.WindowState.removeLocked:1554 com.android.server.wm.WindowManagerService.removeWindowInnerLocked:2739 com.android.server.wm.WindowManagerService.removeWindowInnerLocked:2702 com.android.server.wm.WindowManagerService.removeWindowLocked:2691 com.android.server.wm.WindowManagerService.removeWindowLocked:2560 com.android.server.wm.WindowManagerService.removeWindow:2555,HIT,0,0.689080
1741,setLightsOn(true),HIT,0,0.689259
1742,"setSystemUiVisibility vis=0 mask=1 oldVal=40000500 newVal=40000500 diff=0 fullscreenStackVis=0 dockedStackVis=0, fullscreenStackBounds=Rect(0, 0 - 0, 0), dockedStackBounds=Rect(0, 0 - 0, 0)",HIT,0,0.689437
1743,setLightsOn(true),HIT,0,0.689616
1744,"setSystemUiVisibility vis=0 mask=1 oldVal=40000500 newVal=40000500 diff=0 fullscreenStackVis=0 dockedStackVis=0, fullscreenStackBounds=Rect(0, 0 - 0, 0), dockedStackBounds=Rect(0, 0 - 0, 0)",HIT,0,0.689794
1745,setLightsOn(true),HIT,0,0.689971
1746,"setSystemUiVisibility vis=0 mask=1 oldVal=40000500 newVal=40000500 diff=0 fullscreenStackVis=0 dockedStackVis=0, fullscreenStackBounds=Rect(0, 0 - 0, 0), dockedStackBounds=Rect(0, 0 - 0, 0)",HIT,0,0.690149
1747,HBM brightnessIn =38,HIT,0,0.690326
1748,HBM brightnessOut =38,HIT,0,0.690503
1749,"Animating brightness: target=38, rate=200",HIT,0,0.690680
1750,setLightsOn(true),HIT,0,0.690857
1751,"setSystemUiVisibility vis=0 mask=1 oldVal=40000500 newVal=40000500 diff=0 fullscreenStackVis=0 dockedStackVis=0, fullscreenStackBounds=Rect(0, 0 - 0, 0), dockedStackBounds=Rect(0, 0 - 0, 0)",HIT,0,0.691034
1752,Destroying surface Surface(name=InputMethod) called by com.android.server.wm.WindowStateAnimator.destroySurface:2060 com.android.server.wm.WindowStateAnimator.destroySurfaceLocked:913 com.android.server.wm.WindowState.destroyOrSaveSurface:2201 com.android.server.wm.WindowSurfacePlacer.performSurfacePlacementInner:517 com.android.server.wm.WindowSurfacePlacer.performSurfacePlacementLoop:291 com.android.server.wm.WindowSurfacePlacer.performSurfacePlacement:233 com.android.server.wm.WindowManagerService$H.handleMessage:8670 android.os.Handler.dispatchMessage:105,MISS,0,0.690639
1753,"userActivityNoUpdateLocked: eventTime=261986105, event=2, flags=0x0, uid=1000",MISS,0,0.690245
1754,"ready=true,policy=3,wakefulness=1,wksummary=0x1,uasummary=0x1,bootcompleted=true,boostinprogress=false,waitmodeenable=false,mode=false,manual=38,auto=-1,adj=0.0userId=0",HIT,0,0.690422
1755,playSoundEffect   effectType: 0,HIT,0,0.690598
1756,querySoundEffectsEnabled...,HIT,0,0.690774
1757,HBM brightnessIn =38,HIT,0,0.690950
1758,HBM brightnessOut =38,HIT,0,0.691126
1759,"Animating brightness: target=38, rate=200",HIT,0,0.691302
1760,HBM brightnessIn =38,HIT,0,0.691477
1761,HBM brightnessOut =38,HIT,0,0.691652
1762,"Animating brightness: target=38, rate=200",HIT,0,0.691827
1763,HBM brightnessIn =38,HIT,0,0.692002
1764,HBM brightnessOut =38,HIT,0,0.692177
1765,"Animating brightness: target=38, rate=200",HIT,0,0.692351
1766,"userActivityNoUpdateLocked: eventTime=261986874, event=2, flags=0x0, uid=1000",MISS,0,0.691959
1767,"ready=true,policy=3,wakefulness=1,wksummary=0x1,uasummary=0x1,bootcompleted=true,boostinprogress=false,waitmodeenable=false,mode=false,manual=38,auto=-1,adj=0.0userId=0",HIT,0,0.692134
1768,HBM brightnessIn =38,HIT,0,0.692308
1769,HBM brightnessOut =38,HIT,0,0.692482
1770,"Animating brightness: target=38, rate=200",HIT,0,0.692655
1771,"userActivityNoUpdateLocked: eventTime=261987391, event=2, flags=0x0, uid=1000",MISS,0,0.692264
1772,"ready=true,policy=3,wakefulness=1,wksummary=0x1,uasummary=0x1,bootcompleted=true,boostinprogress=false,waitmodeenable=false,mode=false,manual=38,auto=-1,adj=0.0userId=0",HIT,0,0.692438
1773,HBM brightnessIn =38,HIT,0,0.692611
1774,HBM brightnessOut =38,HIT,0,0.692785
1775,"Animating brightness: target=38, rate=200",HIT,0,0.692958
1776,"updateIsPoweredLocked: wasPowered=false, mIsPowered=false, oldPlugType=0, mPlugType=0, mBatteryLevel=23",MISS,0,0.692568
1777,received broadcast android.intent.action.BATTERY_CHANGED,MISS,0,0.692178
1778,ACTION_BATTERY_CHANGED AMP: 0; Volt: 0,MISS,0,0.691789
1779,updateChargingLocked: charging=false,MISS,0,0.691400
1780,"onReceive, action:android.intent.action.BATTERY_CHANGED",MISS,0,0.691011
1781,ACTION_BATTERY_CHANGED pluggedType: 0,MISS,0,0.690623
1782,ApStaDisabledState what=155652,MISS,0,0.690236
1783,DefaultState what=155652,MISS,0,0.689849
1784,battery changed pluggedType: 0,MISS,0,0.689462
1785,RefreshBatteryInfo isBatteryLow: 23,MISS,0,0.689076
1786,ChargingSpeed  Wattage: -1 ST: 5000000 --> 7500000,MISS,0,0.688690
1787,handleBatteryUpdate,MISS,0,0.688304
1788,RefreshBatteryInfo isBatteryLow: 23,HIT,0,0.688479
1789,"ready=true,policy=3,wakefulness=1,wksummary=0x1,uasummary=0x1,bootcompleted=true,boostinprogress=false,waitmodeenable=false,mode=false,manual=38,auto=-1,adj=0.0userId=0",HIT,0,0.688653
1790,"ready=true,policy=3,wakefulness=1,wksummary=0x1,uasummary=0x1,bootcompleted=true,boostinprogress=false,waitmodeenable=false,mode=false,manual=38,auto=-1,adj=0.0userId=0",HIT,0,0.688827
1791,setLightsOn(true),HIT,0,0.689001
1792,"setSystemUiVisibility vis=0 mask=1 oldVal=40000500 newVal=40000500 diff=0 fullscreenStackVis=0 dockedStackVis=0, fullscreenStackBounds=Rect(0, 0 - 0, 0), dockedStackBounds=Rect(0, 0 - 0, 0)",HIT,0,0.689174
1793,HBM brightnessIn =38,HIT,0,0.689347
1794,HBM brightnessOut =38,HIT,0,0.689521
1795,"Animating brightness: target=38, rate=200",HIT,0,0.689694
1796,"release:lock=149977903, flg=0x0, tag=""AudioMix"", name=audioserver"", ws=null, uid=1041, pid=0",MISS,0,0.689310
1797,"ready=true,policy=3,wakefulness=1,wksummary=0x1,uasummary=0x1,bootcompleted=true,boostinprogress=false,waitmodeenable=false,mode=false,manual=38,auto=-1,adj=0.0userId=0",HIT,0,0.689482
1798,"release:lock=155645244, flg=0x0, tag=""AudioMix"", name=audioserver"", ws=null, uid=1041, pid=0",MISS,0,0.689099
1799,"ready=true,policy=3,wakefulness=1,wksummary=0x1,uasummary=0x1,bootcompleted=true,boostinprogress=false,waitmodeenable=false,mode=false,manual=38,auto=-1,adj=0.0userId=0",HIT,0,0.689272
1800,"release:lock=191063310, flg=0x0, tag=""AudioMix"", name=audioserver"", ws=null, uid=1041, pid=0",MISS,0,0.688889
1801,"ready=true,policy=3,wakefulness=1,wksummary=0x1,uasummary=0x1,bootcompleted=true,boostinprogress=false,waitmodeenable=false,mode=false,manual=38,auto=-1,adj=0.0userId=0",HIT,0,0.689062
1802,"release:lock=173466309, flg=0x0, tag=""AudioMix"", name=audioserver"", ws=null, uid=1041, pid=0",MISS,0,0.688679
1803,"ready=true,policy=3,wakefulness=1,wksummary=0x0,uasummary=0x1,bootcompleted=true,boostinprogress=false,waitmodeenable=false,mode=false,manual=38,auto=-1,adj=0.0userId=0",HIT,0,0.688852
1804,"Releasing suspend blocker ""PowerManagerService.WakeLocks"".",HIT,0,0.689024
1805,HBM brightnessIn =38,HIT,0,0.689197
1806,HBM brightnessOut =38,HIT,0,0.689369
1807,"Animating brightness: target=38, rate=200",HIT,0,0.689541
1808,getRunningAppProcesses: caller 10091 does not hold REAL_GET_TASKS; limiting output,HIT,0,0.689712
1809,getRunningAppProcesses: caller 10091 does not hold REAL_GET_TASKS; limiting output,HIT,0,0.689884
1810,HBM brightnessIn =38,HIT,0,0.690055
1811,HBM brightnessOut =38,HIT,0,0.690226
1812,"Animating brightness: target=38, rate=200",HIT,0,0.690397
1813,"userActivityNoUpdateLocked: eventTime=261988728, event=2, flags=0x0, uid=1000",MISS,0,0.690017
1814,"ready=true,policy=3,wakefulness=1,wksummary=0x0,uasummary=0x1,bootcompleted=true,boostinprogress=false,waitmodeenable=false,mode=false,manual=38,auto=-1,adj=0.0userId=0",HIT,0,0.690187
1815,suspendAutohide,HIT,0,0.690358
1816,interceptKeyTq keycode=3 interactive=true keyguardActive=false policyFlags=2b000002 down true canceled false,HIT,0,0.690529
1817,"interceptKeyBeforeQueueing: key 3 , result : 1",HIT,0,0.690699
1818,"userActivityNoUpdateLocked: eventTime=261988739, event=1, flags=0x0, uid=1000",MISS,0,0.690319
1819,"ready=true,policy=3,wakefulness=1,wksummary=0x0,uasummary=0x1,bootcompleted=true,boostinprogress=false,waitmodeenable=false,mode=false,manual=38,auto=-1,adj=0.0userId=0",HIT,0,0.690489
1820,resumeSuspendedAutohide,HIT,0,0.690659
1821,"userActivityNoUpdateLocked: eventTime=261988799, event=0, flags=0x0, uid=1000",MISS,0,0.690280
1822,"ready=true,policy=3,wakefulness=1,wksummary=0x0,uasummary=0x1,bootcompleted=true,boostinprogress=false,waitmodeenable=false,mode=false,manual=38,auto=-1,adj=0.0userId=0",HIT,0,0.690450
1823,interceptKeyTq keycode=3 interactive=true keyguardActive=false policyFlags=2b000002 down false canceled false,MISS,0,0.690071
1824,"interceptKeyBeforeQueueing: key 3 , result : 1",HIT,0,0.690241
1825,querySoundEffectsEnabled...,HIT,0,0.690411
1826,"userActivityNoUpdateLocked: eventTime=261988822, event=0, flags=0x0, uid=1000",MISS,0,0.690033
1827,"ready=true,policy=3,wakefulness=1,wksummary=0x0,uasummary=0x1,bootcompleted=true,boostinprogress=false,waitmodeenable=false,mode=false,manual=38,auto=-1,adj=0.0userId=0",HIT,0,0.690203
1828,"animateCollapsePanels:flags=0, force=false, delayed=false, mExpandedVisible=false",MISS,0,0.689825
1829,closeQs,HIT,0,0.689995
1830,cancelPeek: false,HIT,0,0.690164
1831,instantCollapse,HIT,0,0.690333
1832,cancelPeek: false,HIT,0,0.690502
1833,setLightsOn(true),HIT,0,0.690671
1834,"setSystemUiVisibility vis=0 mask=1 oldVal=40000500 newVal=40000500 diff=0 fullscreenStackVis=0 dockedStackVis=0, fullscreenStackBounds=Rect(0, 0 - 0, 0), dockedStackBounds=Rect(0, 0 - 0, 0)",HIT,0,0.690840
1835,"acquire lock=189667585, flags=0x1, tag=""*launch*"", name=android, ws=WorkSource{10057}, uid=1000, pid=1702",MISS,0,0.690463
1836,"ready=true,policy=3,wakefulness=1,wksummary=0x1,uasummary=0x1,bootcompleted=true,boostinprogress=false,waitmodeenable=false,mode=false,manual=38,auto=-1,adj=0.0userId=0",HIT,0,0.690632
1837,"Acquiring suspend blocker ""PowerManagerService.WakeLocks"".",HIT,0,0.690800
1838,setLightsOn(true),HIT,0,0.690968
1839,"setSystemUiVisibility vis=0 mask=1 oldVal=40000500 newVal=40000500 diff=0 fullscreenStackVis=0 dockedStackVis=0, fullscreenStackBounds=Rect(0, 0 - 0, 0), dockedStackBounds=Rect(0, 0 - 0, 0)",HIT,0,0.691136
1840,setLightsOn(true),HIT,0,0.691304
1841,"setSystemUiVisibility vis=0 mask=1 oldVal=40000500 newVal=40000500 diff=0 fullscreenStackVis=0 dockedStackVis=0, fullscreenStackBounds=Rect(0, 0 - 0, 0), dockedStackBounds=Rect(0, 0 - 0, 0)",HIT,0,0.691472
1842,getRunningAppProcesses: caller 10112 does not hold REAL_GET_TASKS; limiting output,MISS,0,0.691097
1843,setLightsOn(true),HIT,0,0.691264
1844,"setSystemUiVisibility vis=0 mask=1 oldVal=40000500 newVal=40000500 diff=0 fullscreenStackVis=0 dockedStackVis=0, fullscreenStackBounds=Rect(0, 0 - 0, 0), dockedStackBounds=Rect(0, 0 - 0, 0)",HIT,0,0.691432
1845,"Taking screenshot from Surface with crop:[Rect(0, 48 - 720, 1208)], width:[432], height:[696], minLayer:[21000], maxLayer:[21080], inRotation:[false], rot:[0]",MISS,0,0.691057
1846,The change in focus caused us to need to do a layout begin,HIT,0,0.691224
1847,The change in focus caused us to need to do a layout end,HIT,0,0.691391
1848,"setSystemUiVisibility vis=708 mask=ffffffff oldVal=40000500 newVal=708 diff=40000208 fullscreenStackVis=0 dockedStackVis=0, fullscreenStackBounds=Rect(0, 0 - 720, 1280), dockedStackBounds=Rect(0, 0 - 0, 0)",MISS,0,0.691017
1849,cancelAutohide,HIT,0,0.691184
1850,"notifyUiVisibilityChanged:vis=0x708, SystemUiVisibility=0x708",MISS,0,0.690811
1851,"updateClipping isOverlap:false, getTopPadding=333.0, Translation=0.0",HIT,0,0.690978
1852,updateDimmedActivatedHideSensitive overlap:false,HIT,0,0.691145
1853,"Skipping, withExcluded: false, tr.intent:Intent { flg=0x10804000 cmp=com.android.systemui/.recents.RecentsActivity bnds=[264,444][920,908] }",HIT,0,0.691311
1854,"Skipping, withExcluded: false, tr.intent:Intent { act=android.intent.action.MAIN flg=0x10840000 cmp=com.android.incallui/.InCallActivity (has extras) }",HIT,0,0.691478
1855,"Skipping, withExcluded: false, tr.intent:Intent { flg=0x18800000 cmp=com.tencent.mm/.plugin.base.stub.WXEntryActivity (has extras) }",HIT,0,0.691644
1856,"Skipping, withExcluded: false, tr.intent:Intent { flg=0x10800000 cmp=com.tencent.qqmusic/.business.lockscreen.LockScreenActivity (has extras) }",HIT,0,0.691810
1857,"Skipping, withExcluded: false, tr.intent:Intent { act=com.android.contacts.action.CHOOSE_SUB dat=tel:xxxxxxxxxxx flg=0x10808000 cmp=com.android.contacts/.ChooseSubActivity (has extras) }",HIT,0,0.691976
1858,"Skipping, withExcluded: false, tr.intent:Intent { act=android.intent.action.VIEW dat=file:///storage/emulated/0/Tencent/QQfile_recv/b.apk typ=application/vnd.android.package-archive flg=0x10800000 cmp=com.android.packageinstaller/.PackageInstallerActivity (has extras) }",HIT,0,0.692142
1859,"getRecentTasks: num=20,flags=62,totalTasks=46",HIT,0,0.692308
1860,getRecentTasks: topActivity=ComponentInfo{com.tencent.mobileqq/com.tencent.mobileqq.activity.SplashActivity},HIT,0,0.692473
1861,"Skipping, withExcluded: false, tr.intent:Intent { flg=0x10804000 cmp=com.android.systemui/.recents.RecentsActivity bnds=[264,444][920,908] }",HIT,0,0.692638
1862,"Skipping, withExcluded: false, tr.intent:Intent { act=android.intent.action.MAIN flg=0x10840000 cmp=com.android.incallui/.InCallActivity (has extras) }",HIT,0,0.692803
1863,"Skipping, withExcluded: false, tr.intent:Intent { flg=0x18800000 cmp=com.tencent.mm/.plugin.base.stub.WXEntryActivity (has extras) }",HIT,0,0.692968
1864,"getRecentTasks: num=10,flags=62,totalTasks=46",HIT,0,0.693133
1865,getRecentTasks: topActivity=ComponentInfo{com.tencent.mobileqq/com.tencent.mobileqq.activity.SplashActivity},HIT,0,0.693298
1866,"setSystemUiVisibility vis=c0000700 mask=ffffffff oldVal=708 newVal=c0000700 diff=c0000008 fullscreenStackVis=0 dockedStackVis=0, fullscreenStackBounds=Rect(0, 0 - 720, 1280), dockedStackBounds=Rect(0, 0 - 0, 0)",MISS,0,0.692926
1867,cancelAutohide,HIT,0,0.693091
1868,"notifyUiVisibilityChanged:vis=0xc0000700, SystemUiVisibility=0xc0000700",MISS,0,0.692719
1869,getRingerMode...,MISS,0,0.692349
1870,"release:lock=189667585, flg=0x0, tag=""*launch*"", name=android"", ws=WorkSource{10057}, uid=1000, pid=1702",MISS,0,0.691979
1871,"ready=true,policy=3,wakefulness=1,wksummary=0x0,uasummary=0x1,bootcompleted=true,boostinprogress=false,waitmodeenable=false,mode=false,manual=38,auto=-1,adj=0.0userId=0",HIT,0,0.692143
1872,"Releasing suspend blocker ""PowerManagerService.WakeLocks"".",HIT,0,0.692308
1873,enqueueNotificationInternal: pkg=com.tencent.mm id=4097 notification=Notification(pri=1 contentView=null vibrate=[] sound=null tick defaults=0x0 flags=0x101 color=0x00000000 category=msg vis=PRIVATE),MISS,0,0.691938
1874,enqueueNotificationInternal: n.getKey = 0|com.tencent.mm|4097|null|10112,MISS,0,0.691569
1875,"updateLightsLocked,mInCall =false,mScreenOn = true,ledNotification == null?false",MISS,0,0.691200
1876,"updateLightsLocked,turn off notificationLight",HIT,0,0.691365
1877,addNotification key=0|com.tencent.mm|4097|null|10112,MISS,0,0.690996
1878,mHeadsUpExistenceChangedRunnable,HIT,0,0.691161
1879,disable: < expand ICONS* alerts SYSTEM_INFO* back home recent clock navigationbar search quick_settings >,MISS,0,0.690793
1880,suspendAutohide,HIT,0,0.690957
1881,"updateNotificationShade: total=0, active=0",HIT,0,0.691122
1882,removeNotificationChildren,HIT,0,0.691286
1883,"updateNotificationShade: total=1, active=1",MISS,0,0.690919
1884,removeNotificationChildren,HIT,0,0.691083
1885,Marking notification as seen 0|com.tencent.mm|4097|null|10112,MISS,0,0.690716
1886,getTasks: caller 10111 does not hold REAL_GET_TASKS; limiting output,HIT,0,0.690880
1887,getTasks: caller 10111 does not hold REAL_GET_TASKS; limiting output,HIT,0,0.691044
1888,onNotificationExpansionChanged called,MISS,0,0.690678
1889,Destroying surface Surface(name=com.tencent.mobileqq/com.tencent.mobileqq.activity.SplashActivity) called by com.android.server.wm.WindowStateAnimator.destroySurface:2060 com.android.server.wm.WindowStateAnimator.destroySurfaceLocked:913 com.android.server.wm.WindowState.destroyOrSaveSurface:2201 com.android.server.wm.AppWindowToken.destroySurfaces:374 com.android.server.wm.AppWindowToken.notifyAppStopped:400 com.android.server.wm.WindowManagerService.notifyAppStopped:4869 com.android.server.am.ActivityStack.activityStoppedLocked:1393 com.android.server.am.ActivityManagerService.activityStopped:7690,MISS,0,0.690312
1890,"updateClipping isOverlap:false, getTopPadding=333.0, Translation=-429.0",MISS,0,0.689947
1891,updateDimmedActivatedHideSensitive overlap:false,HIT,0,0.690111
1892,getRunningAppProcesses: caller 10111 does not hold REAL_GET_TASKS; limiting output,HIT,0,0.690275
1893,"updateClipping isOverlap:false, getTopPadding=333.0, Translation=-497.0",HIT,0,0.690438
1894,updateDimmedActivatedHideSensitive overlap:false,HIT,0,0.690602
1895,getTasks: caller 10111 does not hold REAL_GET_TASKS; limiting output,HIT,0,0.690765
1896,getTasks: caller 10111 does not hold REAL_GET_TASKS; limiting output,HIT,0,0.690928
1897,getTasks: caller 10111 does not hold REAL_GET_TASKS; limiting output,HIT,0,0.691091
1898,getTasks: caller 10111 does not hold REAL_GET_TASKS; limiting output,HIT,0,0.691254
1899,getTasks: caller 10111 does not hold REAL_GET_TASKS; limiting output,HIT,0,0.691417
1900,getRunningAppProcesses: caller 10113 does not hold REAL_GET_TASKS; limiting output,HIT,0,0.691579
1901,"sending alarm Alarm{2741459 type 3 when 509267844 PendingIntent{f75f81e: PendingIntentRecord{e204f60 com.android.phone broadcastIntent}}},repeatInterval = 0,listenerTag =null",MISS,0,0.691215
1902,"ready=true,policy=3,wakefulness=1,wksummary=0x1,uasummary=0x1,bootcompleted=true,boostinprogress=false,waitmodeenable=false,mode=false,manual=38,auto=-1,adj=0.0userId=0",HIT,0,0.691377
1903,"Acquiring suspend blocker ""PowerManagerService.WakeLocks"".",HIT,0,0.691540
1904,"ready=true,policy=3,wakefulness=1,wksummary=0x0,uasummary=0x1,bootcompleted=true,boostinprogress=false,waitmodeenable=false,mode=false,manual=38,auto=-1,adj=0.0userId=0",HIT,0,0.691702
1905,"Releasing suspend blocker ""PowerManagerService.WakeLocks"".",HIT,0,0.691864
1906,"ready=true,policy=3,wakefulness=1,wksummary=0x1,uasummary=0x1,bootcompleted=true,boostinprogress=false,waitmodeenable=false,mode=false,manual=38,auto=-1,adj=0.0userId=0",HIT,0,0.692025
1907,"Acquiring suspend blocker ""PowerManagerService.WakeLocks"".",HIT,0,0.692187
1908,"updateClipping isOverlap:false, getTopPadding=333.0, Translation=-497.0",HIT,0,0.692348
1909,updateDimmedActivatedHideSensitive overlap:false,HIT,0,0.692509
1910,logNotificationVisibilityChanges runInThread start,HIT,0,0.692670
1911,onNotificationVisibilityChanged called,HIT,0,0.692831
1912,logNotificationVisibilityChanges runInThread over,HIT,0,0.692992
1913,"ready=true,policy=3,wakefulness=1,wksummary=0x0,uasummary=0x1,bootcompleted=true,boostinprogress=false,waitmodeenable=false,mode=false,manual=38,auto=-1,adj=0.0userId=0",HIT,0,0.693152
1914,"Releasing suspend blocker ""PowerManagerService.WakeLocks"".",HIT,0,0.693312
1915,"userActivityNoUpdateLocked: eventTime=261991304, event=2, flags=0x0, uid=1000",MISS,0,0.692950
1916,"ready=true,policy=3,wakefulness=1,wksummary=0x0,uasummary=0x1,bootcompleted=true,boostinprogress=false,waitmodeenable=false,mode=false,manual=38,auto=-1,adj=0.0userId=0",HIT,0,0.693111
1917,"onInterceptTouchEvent MotionEvent { action=ACTION_DOWN, actionButton=0, id[0]=0, x[0]=622.0, y[0]=86.0, toolType[0]=TOOL_TYPE_FINGER, buttonState=0, metaState=0, flags=0x0, edgeFlags=0x0, pointerCount=1, historySize=0, eventTime=261991304, downTime=261991304, deviceId=3, source=0x1002 }, mBlockTouches=false",MISS,0,0.692749
1918,"updateClipping isOverlap:false, getTopPadding=333.0, Translation=-497.0",HIT,0,0.692909
1919,updateDimmedActivatedHideSensitive overlap:false,HIT,0,0.693069
1920,"onInterceptTouchEvent MotionEvent { action=ACTION_UP, actionButton=0, id[0]=0, x[0]=622.0, y[0]=86.0, toolType[0]=TOOL_TYPE_FINGER, buttonState=0, metaState=0, flags=0x0, edgeFlags=0x0, pointerCount=1, historySize=0, eventTime=261991368, downTime=261991304, deviceId=3, source=0x1002 }, mBlockTouches=false",MISS,0,0.692708
1921,HBM brightnessIn =38,HIT,0,0.692868
1922,HBM brightnessOut =38,HIT,0,0.693028
1923,"Animating brightness: target=38, rate=200",HIT,0,0.693188
1924,playSoundEffect   effectType: 0,HIT,0,0.693347
1925,querySoundEffectsEnabled...,HIT,0,0.693506
1926,"updateNotificationShade: total=1, active=1",HIT,0,0.693666
1927,removeNotificationChildren,HIT,0,0.693825
1928,"animateCollapsePanels:flags=2, force=true, delayed=true, mExpandedVisible=true",MISS,0,0.693465
1929,closeQs,HIT,0,0.693624
1930,cancelPeek: false,HIT,0,0.693782
1931,instantCollapse,HIT,0,0.693941
1932,cancelPeek: false,HIT,0,0.694099
1933,"updateNotificationShade: total=1, active=1",HIT,0,0.694258
1934,removeNotificationChildren,HIT,0,0.694416
1935,logNotificationVisibilityChanges runInThread start,HIT,0,0.694574
1936,onNotificationVisibilityChanged called,HIT,0,0.694731
1937,logNotificationVisibilityChanges runInThread over,HIT,0,0.694889
1938,START u0 {flg=0x24000000 cmp=com.tencent.mm/.ui.LauncherUI (has extras)} from uid 10112 on display 0,MISS,0,0.694530
1939,"ActivityRecord info: ActivityInfo{80c2e70 com.tencent.mm.ui.LauncherUI}, euid: 0",MISS,0,0.694172
1940,"overlapAmount:220.0, previousNotificationEnd:0.0, newYTranslation:-220.0, location:4, i:0, getTopPadding:333.0, getLocationOnScreen():-553",MISS,0,0.693814
1941,"state.clipTopAmount:204, i:0",MISS,0,0.693457
1942,"updateClipping isOverlap:true, getTopPadding=333.0, Translation=-553.0",MISS,0,0.693100
1943,updateDimmedActivatedHideSensitive overlap:true,MISS,0,0.692743
1944,makeExpandedInvisible: mExpandedVisible=true,MISS,0,0.692387
1945,closeQs,HIT,0,0.692545
1946,cancelPeek: false,HIT,0,0.692703
1947,instantCollapse,HIT,0,0.692861
1948,cancelPeek: false,HIT,0,0.693018
1949,"updateNotificationShade: total=1, active=1",HIT,0,0.693176
1950,removeNotificationChildren,HIT,0,0.693333
1951,closeQs,HIT,0,0.693491
1952,startActivity called from non-Activity context; forcing Intent.FLAG_ACTIVITY_NEW_TASK for: Intent { flg=0x24000000 cmp=com.tencent.mm/.ui.LauncherUI (has extras) },MISS,0,0.693135
1953,resumeSuspendedAutohide,HIT,0,0.693292
1954,disable: < expand icons* alerts system_info* back home recent clock navigationbar search quick_settings >,MISS,0,0.692938
1955,"overlapAmount:220.0, previousNotificationEnd:0.0, newYTranslation:-220.0, location:4, i:0, getTopPadding:333.0, getLocationOnScreen():-553",MISS,0,0.692583
1956,"state.clipTopAmount:204, i:0",HIT,0,0.692740
1957,"updateClipping isOverlap:true, getTopPadding=333.0, Translation=-553.0",MISS,0,0.692386
1958,updateDimmedActivatedHideSensitive overlap:true,HIT,0,0.692543
1959,makeExpandedInvisible: mExpandedVisible=false,MISS,0,0.692190
1960,"acquire lock=189667585, flags=0x1, tag=""*launch*"", name=android, ws=WorkSource{10112}, uid=1000, pid=1702",MISS,0,0.691837
1961,"ready=true,policy=3,wakefulness=1,wksummary=0x1,uasummary=0x1,bootcompleted=true,boostinprogress=false,waitmodeenable=false,mode=false,manual=38,auto=-1,adj=0.0userId=0",HIT,0,0.691994
1962,"Acquiring suspend blocker ""PowerManagerService.WakeLocks"".",HIT,0,0.692151
1963,onNotificationClick called,MISS,0,0.691798
1964,"cancelNotification,index:0",MISS,0,0.691446
1965,applyOptionsLocked: Unknown animationType=0,MISS,0,0.691094
1966,getRunningAppProcesses: caller 10113 does not hold REAL_GET_TASKS; limiting output,HIT,0,0.691251
1967,"Skipping, withExcluded: false, tr.intent:Intent { flg=0x10804000 cmp=com.android.systemui/.recents.RecentsActivity bnds=[264,444][920,908] }",HIT,0,0.691408
1968,"Skipping, withExcluded: false, tr.intent:Intent { act=android.intent.action.MAIN flg=0x10840000 cmp=com.android.incallui/.InCallActivity (has extras) }",HIT,0,0.691565
1969,"Skipping, withExcluded: false, tr.intent:Intent { flg=0x18800000 cmp=com.tencent.mm/.plugin.base.stub.WXEntryActivity (has extras) }",HIT,0,0.691722
1970,"Skipping, withExcluded: false, tr.intent:Intent { flg=0x10800000 cmp=com.tencent.qqmusic/.business.lockscreen.LockScreenActivity (has extras) }",HIT,0,0.691878
1971,"Skipping, withExcluded: false, tr.intent:Intent { act=com.android.contacts.action.CHOOSE_SUB dat=tel:xxxxxxxxxxx flg=0x10808000 cmp=com.android.contacts/.ChooseSubActivity (has extras) }",HIT,0,0.692035
1972,"Skipping, withExcluded: false, tr.intent:Intent { act=android.intent.action.VIEW dat=file:///storage/emulated/0/Tencent/QQfile_recv/b.apk typ=application/vnd.android.package-archive flg=0x10800000 cmp=com.android.packageinstaller/.PackageInstallerActivity (has extras) }",HIT,0,0.692191
1973,"getRecentTasks: num=20,flags=62,totalTasks=46",HIT,0,0.692347
1974,getRecentTasks: topActivity=ComponentInfo{com.tencent.mm/com.tencent.mm.ui.LauncherUI},MISS,0,0.691996
1975,"Skipping, withExcluded: false, tr.intent:Intent { flg=0x10804000 cmp=com.android.systemui/.recents.RecentsActivity bnds=[264,444][920,908] }",HIT,0,0.692152
1976,"Skipping, withExcluded: false, tr.intent:Intent { act=android.intent.action.MAIN flg=0x10840000 cmp=com.android.incallui/.InCallActivity (has extras) }",HIT,0,0.692308
1977,"Skipping, withExcluded: false, tr.intent:Intent { flg=0x18800000 cmp=com.tencent.mm/.plugin.base.stub.WXEntryActivity (has extras) }",HIT,0,0.692463
1978,"getRecentTasks: num=10,flags=62,totalTasks=46",HIT,0,0.692619
1979,getRecentTasks: topActivity=ComponentInfo{com.tencent.mm/com.tencent.mm.ui.LauncherUI},MISS,0,0.692269
1980,mHeadsUpExistenceChangedRunnable,HIT,0,0.692424
1981,"updateClipping isOverlap:false, getTopPadding=333.0, Translation=-24.0",HIT,0,0.692580
1982,updateDimmedActivatedHideSensitive overlap:false,HIT,0,0.692735
1983,HBM brightnessIn =38,HIT,0,0.692890
1984,HBM brightnessOut =38,HIT,0,0.693044
1985,"Animating brightness: target=38, rate=200",HIT,0,0.693199
1986,HBM brightnessIn =38,HIT,0,0.693353
1987,HBM brightnessOut =38,HIT,0,0.693508
1988,"Animating brightness: target=38, rate=200",HIT,0,0.693662
1989,HBM brightnessIn =38,HIT,0,0.693816
1990,HBM brightnessOut =38,HIT,0,0.693970
1991,"Animating brightness: target=38, rate=200",HIT,0,0.694124
1992,HBM brightnessIn =38,HIT,0,0.694277
1993,HBM brightnessOut =38,HIT,0,0.694431
1994,"Animating brightness: target=38, rate=200",HIT,0,0.694584
1995,HBM brightnessIn =38,HIT,0,0.694737
1996,HBM brightnessOut =38,HIT,0,0.694890
1997,"Animating brightness: target=38, rate=200",HIT,0,0.695043
1998,HBM brightnessIn =38,HIT,0,0.695195
1999,HBM brightnessOut =38,HIT,0,0.695348
2000,"Animating brightness: target=38, rate=200",HIT,0,0.695500
