step,item,status,reinserts,hit_ratio
1,"printFreezingDisplayLogsopening app wtoken = AppWindowToken{9f4ef63 token=Token{a64f992 ActivityRecord{de9231d u0 com.tencent.qt.qtl/.activity.info.NewsDetailXmlActivity t761}}}, allDrawn= false, startingDisplayed =  false, startingMoved =  false, isRelaunching =  false",MISS,0,0.000000
2,"acquire lock=233570404, flags=0x1, tag=""View Lock"", name=com.android.systemui, ws=null, uid=10037, pid=2227",MISS,0,0.000000
3,"ready=true,policy=3,wakefulness=1,wksummary=0x23,uasummary=0x1,bootcompleted=true,boostinprogress=false,waitmodeenable=false,mode=false,manual=38,auto=-1,adj=0.0userId=0",MISS,0,0.000000
4,Skipping AppWindowToken{df0798e token=Token{78af589 ActivityRecord{3b04890 u0 com.tencent.qt.qtl/com.tencent.video.player.activity.PlayerActivity t761}}} -- going to hide,MISS,0,0.000000
5,visible is system.time.showampm,MISS,0,0.000000
6,mVisiblity.getValue is false,MISS,0,0.000000
7,visible is system.charge.show,MISS,0,0.000000
8,mVisiblity.getValue is false,HIT,0,0.125000
9,visible is system.call.count gt 0,MISS,0,0.111111
10,mVisiblity.getValue is false,HIT,0,0.200000
11,visible is system.message.count gt 0,MISS,0,0.181818
12,mVisiblity.getValue is false,HIT,0,0.250000
13,visible is system.ownerinfo.show,MISS,0,0.230769
14,mVisiblity.getValue is false,HIT,0,0.285714
15,"release:lock=233570404, flg=0x0, tag=""View Lock"", name=com.android.systemui"", ws=null, uid=10037, pid=2227",MISS,0,0.266667
16,"ready=true,policy=3,wakefulness=1,wksummary=0x23,uasummary=0x1,bootcompleted=true,boostinprogress=false,waitmodeenable=false,mode=false,manual=38,auto=-1,adj=0.0userId=0",HIT,0,0.312500
17,Skipping AppWindowToken{df0798e token=Token{78af589 ActivityRecord{3b04890 u0 com.tencent.qt.qtl/com.tencent.video.player.activity.PlayerActivity t761}}} -- going to hide,HIT,0,0.352941
18,"updateClipping isOverlap:false, getTopPadding=333.0, Translation=-24.0",MISS,0,0.333333
19,updateDimmedActivatedHideSensitive overlap:false,MISS,0,0.315789
20,getRunningAppProcesses: caller 10113 does not hold REAL_GET_TASKS; limiting output,MISS,0,0.300000
21,"release:lock=189667585, flg=0x0, tag=""*launch*"", name=android"", ws=WorkSource{10113}, uid=1000, pid=1702",MISS,0,0.285714
22,"ready=true,policy=3,wakefulness=1,wksummary=0x23,uasummary=0x1,bootcompleted=true,boostinprogress=false,waitmodeenable=false,mode=false,manual=38,auto=-1,adj=0.0userId=0",HIT,0,0.318182
23,"setSystemUiVisibility vis=40000500 mask=ffffffff oldVal=508 newVal=40000500 diff=40000008 fullscreenStackVis=0 dockedStackVis=0, fullscreenStackBounds=Rect(0, 0 - 720, 1280), dockedStackBounds=Rect(0, 0 - 0, 0)",MISS,0,0.304348
24,cancelAutohide,MISS,0,0.291667
25,"notifyUiVisibilityChanged:vis=0x40000500, SystemUiVisibility=0x40000500",MISS,0,0.280000
26,Destroying surface Surface(name=SurfaceView - com.tencent.qt.qtl/com.tencent.video.player.activity.PlayerActivity) called by com.android.server.wm.WindowStateAnimator.destroyDeferredSurfaceLocked:942 com.android.server.wm.WindowManagerService.performDeferredDestroyWindow:3407 com.android.server.wm.Session.performDeferredDestroy:225 android.view.IWindowSession$Stub.onTransact:398 com.android.server.wm.Session.onTransact:136 android.os.Binder.execTransact:565 <bottom of call stack> <bottom of call stack>,MISS,0,0.269231
27,Destroying surface Surface(name=com.tencent.qt.qtl/com.tencent.video.player.activity.PlayerActivity) called by com.android.server.wm.WindowStateAnimator.destroySurface:2060 com.android.server.wm.WindowStateAnimator.destroySurfaceLocked:913 com.android.server.wm.WindowState.destroyOrSaveSurface:2201 com.android.server.wm.WindowManagerService.tryStartExitingAnimation:3299 com.android.server.wm.WindowManagerService.relayoutWindow:3179 com.android.server.wm.Session.relayout:215 android.view.IWindowSession$Stub.onTransact:286 com.android.server.wm.Session.onTransact:136,MISS,0,0.259259
28,"release:lock=62617001, flg=0x0, tag=""WindowManager"", name=android"", ws=WorkSource{10113}, uid=1000, pid=1702",MISS,0,0.250000
29,"userActivityNoUpdateLocked: eventTime=261843648, event=0, flags=0x1, uid=1000",MISS,0,0.241379
30,"ready=true,policy=3,wakefulness=1,wksummary=0x1,uasummary=0x1,bootcompleted=true,boostinprogress=false,waitmodeenable=false,mode=false,manual=38,auto=-1,adj=0.0userId=0",MISS,0,0.233333
31,"orientation change is complete, call stopFreezingDisplayLocked",MISS,0,0.225806
32,Screen frozen for +1s0ms due to Window{ca98d5 u0 com.tencent.qt.qtl/com.tencent.qt.qtl.activity.info.NewsDetailXmlActivity},MISS,0,0.218750
33,startAnimation begin,MISS,0,0.212121
34,startAnimation end,MISS,0,0.205882
35,"release:lock=226887582, flg=0x0, tag=""SCREEN_FROZEN"", name=android"", ws=null, uid=1000, pid=1702",MISS,0,0.200000
36,"ready=true,policy=3,wakefulness=1,wksummary=0x1,uasummary=0x1,bootcompleted=true,boostinprogress=false,waitmodeenable=false,mode=false,manual=38,auto=-1,adj=0.0userId=0",HIT,0,0.222222
37,remove(PendingIntent{19abed0: PendingIntentRecord{a485420 com.tencent.qt.qtl broadcastIntent}}) changed bounds; rebatching,MISS,0,0.216216
38,"rotationForOrientationLw(orient=1, last=0); user=0 USER_ROTATION_LOCKED",MISS,0,0.210526
39,"Application requested orientation 1, got rotation 0 which has compatible metrics",MISS,0,0.205128
40,"acquire lock=166121161, flags=0x1, tag=""RILJ_ACK_WL"", name=com.android.phone, ws=null, uid=1001, pid=2626",MISS,0,0.200000
41,"ready=true,policy=3,wakefulness=1,wksummary=0x1,uasummary=0x1,bootcompleted=true,boostinprogress=false,waitmodeenable=false,mode=false,manual=38,auto=-1,adj=0.0userId=0",HIT,0,0.219512
42,"ready=true,policy=3,wakefulness=1,wksummary=0x1,uasummary=0x1,bootcompleted=true,boostinprogress=false,waitmodeenable=false,mode=false,manual=38,auto=-1,adj=0.0userId=0",HIT,0,0.238095
43,"ready=true,policy=3,wakefulness=1,wksummary=0x1,uasummary=0x1,bootcompleted=true,boostinprogress=false,waitmodeenable=false,mode=false,manual=38,auto=-1,adj=0.0userId=0",HIT,0,0.255814
44,"ready=true,policy=3,wakefulness=1,wksummary=0x1,uasummary=0x1,bootcompleted=true,boostinprogress=false,waitmodeenable=false,mode=false,manual=38,auto=-1,adj=0.0userId=0",HIT,0,0.272727
45,"ready=true,policy=3,wakefulness=1,wksummary=0x1,uasummary=0x1,bootcompleted=true,boostinprogress=false,waitmodeenable=false,mode=false,manual=38,auto=-1,adj=0.0userId=0",HIT,0,0.288889
46,"ready=true,policy=3,wakefulness=1,wksummary=0x1,uasummary=0x1,bootcompleted=true,boostinprogress=false,waitmodeenable=false,mode=false,manual=38,auto=-1,adj=0.0userId=0",HIT,0,0.304348
47,shouldBlockLocation running ...,MISS,0,0.297872
48,shouldBlockLocation  ret:false,MISS,0,0.291667
49,shouldBlockLocation running ...,HIT,0,0.306122
50,shouldBlockLocation  ret:false,HIT,0,0.320000
51,getNeighboringCellInfo calling app is com.amap.android.ams,MISS,0,0.313725
52,shouldBlockLocation running ...,HIT,0,0.326923
53,shouldBlockLocation  ret:false,HIT,0,0.339623
54,"ready=true,policy=3,wakefulness=1,wksummary=0x1,uasummary=0x1,bootcompleted=true,boostinprogress=false,waitmodeenable=false,mode=false,manual=38,auto=-1,adj=0.0userId=0",HIT,0,0.351852
55,"ready=true,policy=3,wakefulness=1,wksummary=0x1,uasummary=0x1,bootcompleted=true,boostinprogress=false,waitmodeenable=false,mode=false,manual=38,auto=-1,adj=0.0userId=0",HIT,0,0.363636
56,shouldBlockLocation running ...,HIT,0,0.375000
57,shouldBlockLocation  ret:false,HIT,0,0.385965
58,"ready=true,policy=3,wakefulness=1,wksummary=0x1,uasummary=0x1,bootcompleted=true,boostinprogress=false,waitmodeenable=false,mode=false,manual=38,auto=-1,adj=0.0userId=0",HIT,0,0.396552
59,"ready=true,policy=3,wakefulness=1,wksummary=0x1,uasummary=0x1,bootcompleted=true,boostinprogress=false,waitmodeenable=false,mode=false,manual=38,auto=-1,adj=0.0userId=0",HIT,0,0.406780
60,"ready=true,policy=3,wakefulness=1,wksummary=0x1,uasummary=0x1,bootcompleted=true,boostinprogress=false,waitmodeenable=false,mode=false,manual=38,auto=-1,adj=0.0userId=0",HIT,0,0.416667
61,"ready=true,policy=3,wakefulness=1,wksummary=0x1,uasummary=0x1,bootcompleted=true,boostinprogress=false,waitmodeenable=false,mode=false,manual=38,auto=-1,adj=0.0userId=0",HIT,0,0.426230
62,"release:lock=166121161, flg=0x0, tag=""RILJ_ACK_WL"", name=com.android.phone"", ws=null, uid=1001, pid=2626",MISS,0,0.419355
63,"ready=true,policy=3,wakefulness=1,wksummary=0x1,uasummary=0x1,bootcompleted=true,boostinprogress=false,waitmodeenable=false,mode=false,manual=38,auto=-1,adj=0.0userId=0",HIT,0,0.428571
64,shouldBlockLocation running ...,HIT,0,0.437500
65,shouldBlockLocation  ret:false,HIT,0,0.446154
66,"release:lock=264232593, flg=0x0, tag=""AudioMix"", name=audioserver"", ws=null, uid=1041, pid=0",MISS,0,0.439394
67,"ready=true,policy=3,wakefulness=1,wksummary=0x0,uasummary=0x1,bootcompleted=true,boostinprogress=false,waitmodeenable=false,mode=false,manual=38,auto=-1,adj=0.0userId=0",MISS,0,0.432836
68,"Releasing suspend blocker ""PowerManagerService.WakeLocks"".",MISS,0,0.426471
69,HBM brightnessIn =38,MISS,0,0.420290
70,HBM brightnessOut =38,MISS,0,0.414286
71,"Animating brightness: target=38, rate=200",MISS,0,0.408451
72,"userActivityNoUpdateLocked: eventTime=261849942, event=2, flags=0x0, uid=1000",MISS,0,0.402778
73,"ready=true,policy=3,wakefulness=1,wksummary=0x0,uasummary=0x1,bootcompleted=true,boostinprogress=false,waitmodeenable=false,mode=false,manual=38,auto=-1,adj=0.0userId=0",HIT,0,0.410959
74,suspendAutohide,MISS,0,0.405405
75,interceptKeyTq keycode=4 interactive=true keyguardActive=false policyFlags=2b000002 down true canceled false,MISS,0,0.400000
76,"interceptKeyBeforeQueueing: key 4 , result : 1",MISS,0,0.394737
77,"userActivityNoUpdateLocked: eventTime=261849949, event=1, flags=0x0, uid=1000",MISS,0,0.389610
78,"ready=true,policy=3,wakefulness=1,wksummary=0x0,uasummary=0x1,bootcompleted=true,boostinprogress=false,waitmodeenable=false,mode=false,manual=38,auto=-1,adj=0.0userId=0",HIT,0,0.397436
79,resumeSuspendedAutohide,MISS,0,0.392405
80,interceptKeyTq keycode=4 interactive=true keyguardActive=false policyFlags=2b000002 down false canceled false,MISS,0,0.387500
81,"interceptKeyBeforeQueueing: key 4 , result : 1",HIT,0,0.395062
82,querySoundEffectsEnabled...,MISS,0,0.390244
83,"acquire lock=189667585, flags=0x1, tag=""*launch*"", name=android, ws=WorkSource{10113}, uid=1000, pid=1702",MISS,0,0.385542
84,"ready=true,policy=3,wakefulness=1,wksummary=0x1,uasummary=0x1,bootcompleted=true,boostinprogress=false,waitmodeenable=false,mode=false,manual=38,auto=-1,adj=0.0userId=0",HIT,0,0.392857
85,"Acquiring suspend blocker ""PowerManagerService.WakeLocks"".",MISS,0,0.388235
86,Skipping AppWindowToken{9f4ef63 token=Token{a64f992 ActivityRecord{de9231d u0 com.tencent.qt.qtl/.activity.info.NewsDetailXmlActivity t761}}} -- going to hide,MISS,0,0.383721
87,"setSystemUiVisibility vis=508 mask=ffffffff oldVal=40000500 newVal=508 diff=40000008 fullscreenStackVis=0 dockedStackVis=0, fullscreenStackBounds=Rect(0, 0 - 720, 1280), dockedStackBounds=Rect(0, 0 - 0, 0)",MISS,0,0.379310
88,cancelAutohide,HIT,0,0.386364
89,"notifyUiVisibilityChanged:vis=0x508, SystemUiVisibility=0x508",MISS,0,0.382022
90,Bad activity token: android.os.BinderProxy@2bd79ce,MISS,0,0.377778
91,java.lang.ClassCastException: android.os.BinderProxy cannot be cast to com.android.server.am.ActivityRecord$Token,MISS,0,0.373626
92,Skipping AppWindowToken{9f4ef63 token=Token{a64f992 ActivityRecord{de9231d u0 com.tencent.qt.qtl/.activity.info.NewsDetailXmlActivity t761}}} -- going to hide,HIT,0,0.380435
93,"release:lock=189667585, flg=0x0, tag=""*launch*"", name=android"", ws=WorkSource{10113}, uid=1000, pid=1702",HIT,0,0.387097
94,"ready=true,policy=3,wakefulness=1,wksummary=0x0,uasummary=0x1,bootcompleted=true,boostinprogress=false,waitmodeenable=false,mode=false,manual=38,auto=-1,adj=0.0userId=0",HIT,0,0.393617
95,"Releasing suspend blocker ""PowerManagerService.WakeLocks"".",HIT,0,0.400000
96,"setSystemUiVisibility vis=40000500 mask=ffffffff oldVal=508 newVal=40000500 diff=40000008 fullscreenStackVis=0 dockedStackVis=0, fullscreenStackBounds=Rect(0, 0 - 720, 1280), dockedStackBounds=Rect(0, 0 - 0, 0)",HIT,0,0.406250
97,cancelAutohide,HIT,0,0.412371
98,"notifyUiVisibilityChanged:vis=0x40000500, SystemUiVisibility=0x40000500",HIT,0,0.418367
99,"userActivityNoUpdateLocked: eventTime=261850777, event=2, flags=0x0, uid=1000",MISS,0,0.414141
100,"ready=true,policy=3,wakefulness=1,wksummary=0x0,uasummary=0x1,bootcompleted=true,boostinprogress=false,waitmodeenable=false,mode=false,manual=38,auto=-1,adj=0.0userId=0",HIT,0,0.420000
101,suspendAutohide,HIT,0,0.425743
102,suspendAutohide,HIT,0,0.431373
103,"onTouchEvent::0, x=271.0, y=14.0",MISS,0,0.427184
104,schedulePeek,MISS,0,0.423077
105,getRingtonePlayer...,MISS,0,0.419048
106,disable: < expand ICONS* alerts SYSTEM_INFO* back home recent clock navigationbar search quick_settings >,MISS,0,0.415094
107,suspendAutohide,HIT,0,0.420561
108,"updateLightsLocked,mInCall =false,mScreenOn = true,ledNotification == null?true",MISS,0,0.416667
109,"updateLightsLocked,turn off notificationLight",MISS,0,0.412844
110,getRingtonePlayer...,HIT,0,0.418182
111,"updateLightsLocked,mInCall =false,mScreenOn = true,ledNotification == null?true",HIT,0,0.423423
112,"updateLightsLocked,turn off notificationLight",HIT,0,0.428571
113,"overlapAmount:196.0, previousNotificationEnd:0.0, newYTranslation:-196.0, location:4, i:0, getTopPadding:333.0, getLocationOnScreen():-529",MISS,0,0.424779
114,"state.clipTopAmount:180, i:0",MISS,0,0.421053
115,"updateClipping isOverlap:true, getTopPadding=333.0, Translation=-529.0",MISS,0,0.417391
116,updateDimmedActivatedHideSensitive overlap:true,MISS,0,0.413793
117,getRunningAppProcesses: caller 10113 does not hold REAL_GET_TASKS; limiting output,HIT,0,0.418803
118,"setSystemUiVisibility vis=40000600 mask=ffffffff oldVal=40000500 newVal=40000600 diff=300 fullscreenStackVis=0 dockedStackVis=0, fullscreenStackBounds=Rect(0, 0 - 720, 1280), dockedStackBounds=Rect(0, 0 - 0, 0)",MISS,0,0.415254
119,"notifyUiVisibilityChanged:vis=0x40000600, SystemUiVisibility=0x40000600",MISS,0,0.411765
120,suspendAutohide,HIT,0,0.416667
121,onExpandingStarted,MISS,0,0.413223
122,suspendAutohide,HIT,0,0.418033
123,onTrackingStarted,MISS,0,0.414634
124,Destroying surface Surface(name=com.tencent.qt.qtl/com.tencent.qt.qtl.activity.info.NewsDetailXmlActivity) called by com.android.server.wm.WindowStateAnimator.destroySurface:2060 com.android.server.wm.WindowStateAnimator.destroySurfaceLocked:913 com.android.server.wm.WindowState.removeLocked:1554 com.android.server.wm.WindowManagerService.removeWindowInnerLocked:2739 com.android.server.wm.WindowManagerService.removeWindowInnerLocked:2702 com.android.server.wm.WindowManagerService.removeWindowLocked:2691 com.android.server.wm.WindowManagerService.removeWindowLocked:2560 com.android.server.wm.WindowManagerService.removeWindow:2555,MISS,0,0.411290
125,suspendAutohide,HIT,0,0.416000
126,"overlapAmount:146.0, previousNotificationEnd:0.0, newYTranslation:-146.0, location:4, i:0, getTopPadding:333.0, getLocationOnScreen():-479",MISS,0,0.412698
127,"state.clipTopAmount:130, i:0",MISS,0,0.409449
128,"updateClipping isOverlap:true, getTopPadding=333.0, Translation=-479.0",MISS,0,0.406250
129,updateDimmedActivatedHideSensitive overlap:true,HIT,0,0.410853
130,suspendAutohide,HIT,0,0.415385
131,"overlapAmount:119.0, previousNotificationEnd:0.0, newYTranslation:-119.0, location:4, i:0, getTopPadding:333.0, getLocationOnScreen():-452",MISS,0,0.412214
132,"state.clipTopAmount:103, i:0",MISS,0,0.409091
133,"updateClipping isOverlap:true, getTopPadding=333.0, Translation=-452.0",MISS,0,0.406015
134,updateDimmedActivatedHideSensitive overlap:true,HIT,0,0.410448
135,suspendAutohide,HIT,0,0.414815
136,"overlapAmount:85.0, previousNotificationEnd:0.0, newYTranslation:-85.0, location:4, i:0, getTopPadding:333.0, getLocationOnScreen():-418",MISS,0,0.411765
137,"state.clipTopAmount:69, i:0",MISS,0,0.408759
138,"updateClipping isOverlap:true, getTopPadding=333.0, Translation=-418.0",MISS,0,0.405797
139,updateDimmedActivatedHideSensitive overlap:true,HIT,0,0.410072
140,suspendAutohide,HIT,0,0.414286
141,"overlapAmount:46.0, previousNotificationEnd:0.0, newYTranslation:-46.0, location:4, i:0, getTopPadding:333.0, getLocationOnScreen():-379",MISS,0,0.411348
142,"state.clipTopAmount:30, i:0",MISS,0,0.408451
143,"updateClipping isOverlap:true, getTopPadding=333.0, Translation=-379.0",MISS,0,0.405594
144,updateDimmedActivatedHideSensitive overlap:true,HIT,0,0.409722
145,suspendAutohide,HIT,0,0.413793
146,"overlapAmount:5.0, previousNotificationEnd:0.0, newYTranslation:-5.0, location:4, i:0, getTopPadding:333.0, getLocationOnScreen():-338",MISS,0,0.410959
147,"state.clipTopAmount:-1, i:0",MISS,0,0.408163
148,"updateClipping isOverlap:true, getTopPadding=333.0, Translation=-338.0",MISS,0,0.405405
149,updateDimmedActivatedHideSensitive overlap:true,HIT,0,0.409396
150,suspendAutohide,HIT,0,0.413333
151,"updateClipping isOverlap:false, getTopPadding=333.0, Translation=-293.0",MISS,0,0.410596
152,updateDimmedActivatedHideSensitive overlap:false,HIT,0,0.414474
153,suspendAutohide,HIT,0,0.418301
154,"updateClipping isOverlap:false, getTopPadding=333.0, Translation=-250.0",MISS,0,0.415584
155,updateDimmedActivatedHideSensitive overlap:false,HIT,0,0.419355
156,suspendAutohide,HIT,0,0.423077
157,suspendAutohide,HIT,0,0.426752
158,"onTouchEvent::1, x=296.0, y=327.0",MISS,0,0.424051
159,cancelPeek: false,MISS,0,0.421384
160,"flingToHeight: vel=2849.079, expand=true, target=553.0, collapseSpeedUpFactor=1.0, expandBecauseOfFalsing=false",MISS,0,0.418750
161,onTrackingStopped: true,MISS,0,0.416149
162,"updateClipping isOverlap:false, getTopPadding=333.0, Translation=-240.0",MISS,0,0.413580
163,updateDimmedActivatedHideSensitive overlap:false,HIT,0,0.417178
164,"updateClipping isOverlap:false, getTopPadding=333.0, Translation=-200.0",MISS,0,0.414634
165,updateDimmedActivatedHideSensitive overlap:false,HIT,0,0.418182
166,"updateClipping isOverlap:false, getTopPadding=333.0, Translation=-168.0",MISS,0,0.415663
167,updateDimmedActivatedHideSensitive overlap:false,HIT,0,0.419162
168,"updateClipping isOverlap:false, getTopPadding=333.0, Translation=-139.0",MISS,0,0.416667
169,updateDimmedActivatedHideSensitive overlap:false,HIT,0,0.420118
170,"updateClipping isOverlap:false, getTopPadding=333.0, Translation=-113.0",MISS,0,0.417647
171,updateDimmedActivatedHideSensitive overlap:false,HIT,0,0.421053
172,"updateClipping isOverlap:false, getTopPadding=333.0, Translation=-90.0",MISS,0,0.418605
173,updateDimmedActivatedHideSensitive overlap:false,HIT,0,0.421965
174,"updateClipping isOverlap:false, getTopPadding=333.0, Translation=-72.0",MISS,0,0.419540
175,updateDimmedActivatedHideSensitive overlap:false,HIT,0,0.422857
176,"updateClipping isOverlap:false, getTopPadding=333.0, Translation=-55.0",MISS,0,0.420455
177,updateDimmedActivatedHideSensitive overlap:false,HIT,0,0.423729
178,"updateClipping isOverlap:false, getTopPadding=333.0, Translation=-40.0",MISS,0,0.421348
179,updateDimmedActivatedHideSensitive overlap:false,HIT,0,0.424581
180,"updateClipping isOverlap:false, getTopPadding=333.0, Translation=-29.0",MISS,0,0.422222
181,updateDimmedActivatedHideSensitive overlap:false,HIT,0,0.425414
182,"updateClipping isOverlap:false, getTopPadding=333.0, Translation=-19.0",MISS,0,0.423077
183,updateDimmedActivatedHideSensitive overlap:false,HIT,0,0.426230
184,"updateClipping isOverlap:false, getTopPadding=333.0, Translation=-11.0",MISS,0,0.423913
185,updateDimmedActivatedHideSensitive overlap:false,HIT,0,0.427027
186,"updateClipping isOverlap:false, getTopPadding=333.0, Translation=-6.0",MISS,0,0.424731
187,updateDimmedActivatedHideSensitive overlap:false,HIT,0,0.427807
188,"updateClipping isOverlap:false, getTopPadding=333.0, Translation=-2.0",MISS,0,0.425532
189,updateDimmedActivatedHideSensitive overlap:false,HIT,0,0.428571
190,"updateClipping isOverlap:false, getTopPadding=333.0, Translation=-1.0",MISS,0,0.426316
191,updateDimmedActivatedHideSensitive overlap:false,HIT,0,0.429319
192,onExpandingFinished,MISS,0,0.427083
193,"updateClipping isOverlap:false, getTopPadding=333.0, Translation=0.0",MISS,0,0.424870
194,updateDimmedActivatedHideSensitive overlap:false,HIT,0,0.427835
195,Sending non-protected broadcast com.android.systemui.statusbar.visible.change from system 2227:com.android.systemui/u0a37 pkg com.android.systemui,MISS,0,0.425641
196,logNotificationVisibilityChanges runInThread start,MISS,0,0.423469
197,onNotificationVisibilityChanged called,MISS,0,0.421320
198,logNotificationVisibilityChanges runInThread over,MISS,0,0.419192
199,isSimPinSecure mSimDatas is null or empty,MISS,0,0.417085
200,registerCallback not in UI.,MISS,0,0.415000
201,android.util.AndroidRuntimeException: Must execute in UI,MISS,0,0.412935
202,*** register callback for com.android.systemui.statusbar.policy.KeyguardMonitor@712d093,MISS,0,0.410891
203,registerCallback not in UI.,MISS,0,0.408867
204,android.util.AndroidRuntimeException: Must execute in UI,HIT,0,0.411765
205,*** unregister callback for null,MISS,0,0.409756
206,[PhoneIntfMgr] getDataEnabled: subId=1 phoneId=1,MISS,0,0.407767
207,[PhoneIntfMgr] getDataEnabled: subId=1 retVal=true,MISS,0,0.405797
208,"userActivityNoUpdateLocked: eventTime=261851646, event=2, flags=0x0, uid=1000",MISS,0,0.403846
209,"ready=true,policy=3,wakefulness=1,wksummary=0x0,uasummary=0x1,bootcompleted=true,boostinprogress=false,waitmodeenable=false,mode=false,manual=38,auto=-1,adj=0.0userId=0",HIT,0,0.406699
210,"onInterceptTouchEvent MotionEvent { action=ACTION_DOWN, actionButton=0, id[0]=0, x[0]=317.0, y[0]=419.0, toolType[0]=TOOL_TYPE_FINGER, buttonState=0, metaState=0, flags=0x0, edgeFlags=0x0, pointerCount=1, historySize=0, eventTime=261851646, downTime=261851646, deviceId=3, source=0x1002 }, mBlockTouches=false",MISS,0,0.404762
211,"updateClipping isOverlap:false, getTopPadding=333.0, Translation=0.0",MISS,0,0.402844
212,updateDimmedActivatedHideSensitive overlap:false,HIT,0,0.405660
213,"onInterceptTouchEvent MotionEvent { action=ACTION_UP, actionButton=0, id[0]=0, x[0]=317.0, y[0]=419.0, toolType[0]=TOOL_TYPE_FINGER, buttonState=0, metaState=0, flags=0x0, edgeFlags=0x0, pointerCount=1, historySize=0, eventTime=261851713, downTime=261851646, deviceId=3, source=0x1002 }, mBlockTouches=false",MISS,0,0.403756
214,playSoundEffect   effectType: 0,MISS,0,0.401869
215,querySoundEffectsEnabled...,HIT,0,0.404651
216,"animateCollapsePanels:flags=2, force=true, delayed=true, mExpandedVisible=true",MISS,0,0.402778
217,onExpandingStarted,HIT,0,0.405530
218,logNotificationVisibilityChanges runInThread start,MISS,0,0.403670
219,onNotificationVisibilityChanged called,HIT,0,0.406393
220,logNotificationVisibilityChanges runInThread over,MISS,0,0.404545
221,START u0 {act=com.tencent.mobileqq.action.MAINACTIVITY flg=0x14000000 cmp=com.tencent.mobileqq/.activity.SplashActivity (has extras)} from uid 10111 on display 0,MISS,0,0.402715
222,"ActivityRecord info: ActivityInfo{d1c8e63 com.tencent.mobileqq.activity.SplashActivity}, euid: 0",MISS,0,0.400901
223,"setSystemUiVisibility vis=40000500 mask=ffffffff oldVal=40000600 newVal=40000500 diff=300 fullscreenStackVis=0 dockedStackVis=0, fullscreenStackBounds=Rect(0, 0 - 720, 1280), dockedStackBounds=Rect(0, 0 - 0, 0)",MISS,0,0.399103
224,"notifyUiVisibilityChanged:vis=0x40000500, SystemUiVisibility=0x40000500",HIT,0,0.401786
225,"acquire lock=189667585, flags=0x1, tag=""*launch*"", name=android, ws=WorkSource{10111}, uid=1000, pid=1702",MISS,0,0.400000
226,"ready=true,policy=3,wakefulness=1,wksummary=0x1,uasummary=0x1,bootcompleted=true,boostinprogress=false,waitmodeenable=false,mode=false,manual=38,auto=-1,adj=0.0userId=0",HIT,0,0.402655
227,"Acquiring suspend blocker ""PowerManagerService.WakeLocks"".",HIT,0,0.405286
228,onNotificationClick called,MISS,0,0.403509
229,"cancelNotification,index:0",MISS,0,0.401747
230,"cancelNotification,cancelNotificationLocked,callingUid = 10037,callingPid = 2227",MISS,0,0.400000
231,"cancelNotificationLocked called,tell the app,reason = 1",MISS,0,0.398268
232,cancelNotificationLocked:0|com.tencent.mobileqq|121|null|10111,MISS,0,0.396552
233,"cancelNotificationLocked,remove =com.tencent.mobileqq",MISS,0,0.394850
234,applyOptionsLocked: Unknown animationType=0,MISS,0,0.393162
235,cancelPeek: false,HIT,0,0.395745
236,"flingToHeight: vel=0.0, expand=false, target=0.0, collapseSpeedUpFactor=1.0, expandBecauseOfFalsing=false",MISS,0,0.394068
237,"updateClipping isOverlap:false, getTopPadding=333.0, Translation=-6.0",MISS,0,0.392405
238,updateDimmedActivatedHideSensitive overlap:false,HIT,0,0.394958
239,"updateClipping isOverlap:false, getTopPadding=333.0, Translation=-21.0",MISS,0,0.393305
240,updateDimmedActivatedHideSensitive overlap:false,HIT,0,0.395833
241,"updateClipping isOverlap:false, getTopPadding=333.0, Translation=-43.0",MISS,0,0.394191
242,updateDimmedActivatedHideSensitive overlap:false,HIT,0,0.396694
243,"Taking screenshot from Surface with crop:[Rect(0, 48 - 720, 1208)], width:[432], height:[696], minLayer:[21085], maxLayer:[21085], inRotation:[false], rot:[0]",MISS,0,0.395062
244,"updateClipping isOverlap:false, getTopPadding=333.0, Translation=-70.0",MISS,0,0.393443
245,updateDimmedActivatedHideSensitive overlap:false,HIT,0,0.395918
246,"updateClipping isOverlap:false, getTopPadding=333.0, Translation=-102.0",MISS,0,0.394309
247,updateDimmedActivatedHideSensitive overlap:false,HIT,0,0.396761
248,"updateClipping isOverlap:false, getTopPadding=333.0, Translation=-139.0",HIT,0,0.399194
249,updateDimmedActivatedHideSensitive overlap:false,HIT,0,0.401606
250,"updateLightsLocked,mInCall =false,mScreenOn = true,ledNotification == null?true",HIT,0,0.404000
251,"updateLightsLocked,turn off notificationLight",HIT,0,0.406375
252,"updateClipping isOverlap:false, getTopPadding=333.0, Translation=-178.0",MISS,0,0.404762
253,updateDimmedActivatedHideSensitive overlap:false,HIT,0,0.407115
254,"updateClipping isOverlap:false, getTopPadding=333.0, Translation=-222.0",MISS,0,0.405512
255,updateDimmedActivatedHideSensitive overlap:false,HIT,0,0.407843
256,"updateClipping isOverlap:false, getTopPadding=333.0, Translation=-270.0",MISS,0,0.406250
257,updateDimmedActivatedHideSensitive overlap:false,HIT,0,0.408560
258,removeNotification:0|com.tencent.mobileqq|121|null|10111,MISS,0,0.406977
259,"updateNotificationShade: total=0, active=0",MISS,0,0.405405
260,"animateCollapsePanels:flags=0, force=false, delayed=false, mExpandedVisible=true",MISS,0,0.403846
261,"updateClipping isOverlap:false, getTopPadding=333.0, Translation=-321.0",MISS,0,0.402299
262,updateDimmedActivatedHideSensitive overlap:false,HIT,0,0.404580
263,The change in focus caused us to need to do a layout begin,MISS,0,0.403042
264,The change in focus caused us to need to do a layout end,MISS,0,0.401515
265,"overlapAmount:95.0, previousNotificationEnd:0.0, newYTranslation:-95.0, location:4, i:0, getTopPadding:333.0, getLocationOnScreen():-428",MISS,0,0.400000
266,"state.clipTopAmount:79, i:0",MISS,0,0.398496
267,"updateClipping isOverlap:true, getTopPadding=333.0, Translation=-428.0",MISS,0,0.397004
268,updateDimmedActivatedHideSensitive overlap:true,HIT,0,0.399254
269,"setSystemUiVisibility vis=508 mask=ffffffff oldVal=40000500 newVal=508 diff=40000008 fullscreenStackVis=0 dockedStackVis=0, fullscreenStackBounds=Rect(0, 0 - 720, 1280), dockedStackBounds=Rect(0, 0 - 0, 0)",MISS,0,0.397770
270,cancelAutohide,HIT,0,0.400000
271,"notifyUiVisibilityChanged:vis=0x508, SystemUiVisibility=0x508",MISS,0,0.398524
272,setLightsOn(true),MISS,0,0.397059
273,"setSystemUiVisibility vis=0 mask=1 oldVal=508 newVal=508 diff=0 fullscreenStackVis=0 dockedStackVis=0, fullscreenStackBounds=Rect(0, 0 - 0, 0), dockedStackBounds=Rect(0, 0 - 0, 0)",MISS,0,0.395604
274,"overlapAmount:154.0, previousNotificationEnd:0.0, newYTranslation:-154.0, location:4, i:0, getTopPadding:333.0, getLocationOnScreen():-487",MISS,0,0.394161
275,"state.clipTopAmount:138, i:0",MISS,0,0.392727
276,"updateClipping isOverlap:true, getTopPadding=333.0, Translation=-487.0",MISS,0,0.391304
277,updateDimmedActivatedHideSensitive overlap:true,HIT,0,0.393502
278,"overlapAmount:213.0, previousNotificationEnd:0.0, newYTranslation:-213.0, location:4, i:0, getTopPadding:333.0, getLocationOnScreen():-546",MISS,0,0.392086
279,"state.clipTopAmount:197, i:0",MISS,0,0.390681
280,"updateClipping isOverlap:true, getTopPadding=333.0, Translation=-546.0",MISS,0,0.389286
281,updateDimmedActivatedHideSensitive overlap:true,HIT,0,0.391459
282,"updateNotificationShade: total=0, active=0",MISS,0,0.390071
283,removeNotificationChildren,MISS,0,0.388693
284,onExpandingFinished,HIT,0,0.390845
285,"updateNotificationShade: total=0, active=0",MISS,0,0.389474
286,removeNotificationChildren,HIT,0,0.391608
287,Sending non-protected broadcast com.android.systemui.statusbar.visible.change from system 2227:com.android.systemui/u0a37 pkg com.android.systemui,HIT,0,0.393728
288,"updateClipping isOverlap:false, getTopPadding=333.0, Translation=0.0",MISS,0,0.392361
289,updateDimmedActivatedHideSensitive overlap:false,HIT,0,0.394464
290,"Skipping, withExcluded: false, tr.intent:Intent { flg=0x10804000 cmp=com.android.systemui/.recents.RecentsActivity bnds=[264,444][920,908] }",MISS,0,0.393103
291,"Skipping, withExcluded: false, tr.intent:Intent { act=android.intent.action.MAIN flg=0x10840000 cmp=com.android.incallui/.InCallActivity (has extras) }",MISS,0,0.391753
292,"Skipping, withExcluded: false, tr.intent:Intent { flg=0x18800000 cmp=com.tencent.mm/.plugin.base.stub.WXEntryActivity (has extras) }",MISS,0,0.390411
293,"Skipping, withExcluded: false, tr.intent:Intent { flg=0x10800000 cmp=com.tencent.qqmusic/.business.lockscreen.LockScreenActivity (has extras) }",MISS,0,0.389078
294,"Skipping, withExcluded: false, tr.intent:Intent { act=com.android.contacts.action.CHOOSE_SUB dat=tel:xxxxxxxxxxx flg=0x10808000 cmp=com.android.contacts/.ChooseSubActivity (has extras) }",MISS,0,0.387755
295,"Skipping, withExcluded: false, tr.intent:Intent { act=android.intent.action.VIEW dat=file:///storage/emulated/0/Tencent/QQfile_recv/b.apk typ=application/vnd.android.package-archive flg=0x10800000 cmp=com.android.packageinstaller/.PackageInstallerActivity (has extras) }",MISS,0,0.386441
296,"getRecentTasks: num=20,flags=62,totalTasks=46",MISS,0,0.385135
297,getRecentTasks: topActivity=ComponentInfo{com.tencent.mobileqq/com.tencent.mobileqq.activity.SplashActivity},MISS,0,0.383838
298,"ready=true,policy=3,wakefulness=1,wksummary=0x1,uasummary=0x1,bootcompleted=true,boostinprogress=false,waitmodeenable=false,mode=false,manual=38,auto=-1,adj=0.0userId=0",HIT,0,0.385906
299,"Skipping, withExcluded: false, tr.intent:Intent { flg=0x10804000 cmp=com.android.systemui/.recents.RecentsActivity bnds=[264,444][920,908] }",HIT,0,0.387960
300,"Skipping, withExcluded: false, tr.intent:Intent { act=android.intent.action.MAIN flg=0x10840000 cmp=com.android.incallui/.InCallActivity (has extras) }",MISS,0,0.386667
301,"Skipping, withExcluded: false, tr.intent:Intent { flg=0x18800000 cmp=com.tencent.mm/.plugin.base.stub.WXEntryActivity (has extras) }",HIT,0,0.388704
302,"getRecentTasks: num=10,flags=62,totalTasks=46",MISS,0,0.387417
303,getRecentTasks: topActivity=ComponentInfo{com.tencent.mobileqq/com.tencent.mobileqq.activity.SplashActivity},MISS,0,0.386139
304,"cancelNotificationWithTag pid 28601,uid = 10111,tag = null,pkg =com.tencent.mobileqq,id =121",MISS,0,0.384868
305,"cancelNotification,index:-1",MISS,0,0.383607
306,"cancelNotificationWithTag pid 28601,uid = 10111,tag = null,pkg =com.tencent.mobileqq,id =119",MISS,0,0.382353
307,"cancelNotification,index:-1",HIT,0,0.384365
308,"cancelNotificationWithTag pid 28601,uid = 10111,tag = null,pkg =com.tencent.mobileqq,id =122",MISS,0,0.383117
309,setLightsOn(true),MISS,0,0.381877
310,"setSystemUiVisibility vis=0 mask=1 oldVal=508 newVal=508 diff=0 fullscreenStackVis=0 dockedStackVis=0, fullscreenStackBounds=Rect(0, 0 - 0, 0), dockedStackBounds=Rect(0, 0 - 0, 0)",HIT,0,0.383871
311,"setSystemUiVisibility vis=40000500 mask=ffffffff oldVal=508 newVal=40000500 diff=40000008 fullscreenStackVis=0 dockedStackVis=0, fullscreenStackBounds=Rect(0, 0 - 720, 1280), dockedStackBounds=Rect(0, 0 - 0, 0)",HIT,0,0.385852
312,cancelAutohide,HIT,0,0.387821
313,"notifyUiVisibilityChanged:vis=0x40000500, SystemUiVisibility=0x40000500",HIT,0,0.389776
314,makeExpandedInvisible: mExpandedVisible=true,MISS,0,0.388535
315,closeQs,MISS,0,0.387302
316,cancelPeek: false,HIT,0,0.389241
317,instantCollapse,MISS,0,0.388013
318,cancelPeek: false,HIT,0,0.389937
319,closeQs,MISS,0,0.388715
320,resumeSuspendedAutohide,MISS,0,0.387500
321,disable: < expand icons* alerts system_info* back home recent clock navigationbar search quick_settings >,MISS,0,0.386293
322,"cancelNotificationWithTag pid 28601,uid = 10111,tag = null,pkg =com.tencent.mobileqq,id =123",MISS,0,0.385093
323,"cancelNotification,index:-1",HIT,0,0.386997
324,"cancelNotification,index:-1",HIT,0,0.388889
325,getRunningAppProcesses: caller 10111 does not hold REAL_GET_TASKS; limiting output,MISS,0,0.387692
326,"release:lock=189667585, flg=0x0, tag=""*launch*"", name=android"", ws=WorkSource{10111}, uid=1000, pid=1702",MISS,0,0.386503
327,"ready=true,policy=3,wakefulness=1,wksummary=0x1,uasummary=0x1,bootcompleted=true,boostinprogress=false,waitmodeenable=false,mode=false,manual=38,auto=-1,adj=0.0userId=0",HIT,0,0.388379
328,"cancelNotificationWithTag pid 28601,uid = 10111,tag = null,pkg =com.tencent.mobileqq,id =129",MISS,0,0.387195
329,"cancelNotification,index:-1",HIT,0,0.389058
330,"cancelNotificationWithTag pid 28601,uid = 10111,tag = null,pkg =com.tencent.mobileqq,id =135",MISS,0,0.387879
331,"cancelNotificationWithTag pid 28601,uid = 10111,tag = null,pkg =com.tencent.mobileqq,id =140",MISS,0,0.386707
332,"cancelNotificationWithTag pid 28601,uid = 10111,tag = null,pkg =com.tencent.mobileqq,id =144",MISS,0,0.385542
333,"cancelNotification,index:-1",HIT,0,0.387387
334,"cancelNotification,index:-1",HIT,0,0.389222
335,"cancelNotification,index:-1",HIT,0,0.391045
336,"cancelNotificationWithTag pid 28601,uid = 10111,tag = null,pkg =com.tencent.mobileqq,id =193",MISS,0,0.389881
337,"cancelNotification,index:-1",HIT,0,0.391691
338,"ready=true,policy=3,wakefulness=1,wksummary=0x0,uasummary=0x1,bootcompleted=true,boostinprogress=false,waitmodeenable=false,mode=false,manual=38,auto=-1,adj=0.0userId=0",HIT,0,0.393491
339,"Releasing suspend blocker ""PowerManagerService.WakeLocks"".",HIT,0,0.395280
340,"updateClipping isOverlap:false, getTopPadding=333.0, Translation=0.0",HIT,0,0.397059
341,updateDimmedActivatedHideSensitive overlap:false,HIT,0,0.398827
342,setLightsOn(true),HIT,0,0.400585
343,"setSystemUiVisibility vis=0 mask=1 oldVal=40000500 newVal=40000500 diff=0 fullscreenStackVis=0 dockedStackVis=0, fullscreenStackBounds=Rect(0, 0 - 0, 0), dockedStackBounds=Rect(0, 0 - 0, 0)",MISS,0,0.399417
344,registerCallback not in UI.,HIT,0,0.401163
345,android.util.AndroidRuntimeException: Must execute in UI,HIT,0,0.402899
346,*** unregister callback for com.android.systemui.statusbar.policy.KeyguardMonitor@712d093,MISS,0,0.401734
347,setLightsOn(true),HIT,0,0.403458
348,"setSystemUiVisibility vis=0 mask=1 oldVal=40000500 newVal=40000500 diff=0 fullscreenStackVis=0 dockedStackVis=0, fullscreenStackBounds=Rect(0, 0 - 0, 0), dockedStackBounds=Rect(0, 0 - 0, 0)",HIT,0,0.405172
349,setLightsOn(true),HIT,0,0.406877
350,"setSystemUiVisibility vis=0 mask=1 oldVal=40000500 newVal=40000500 diff=0 fullscreenStackVis=0 dockedStackVis=0, fullscreenStackBounds=Rect(0, 0 - 0, 0), dockedStackBounds=Rect(0, 0 - 0, 0)",HIT,0,0.408571
351,setLightsOn(true),HIT,0,0.410256
352,"setSystemUiVisibility vis=0 mask=1 oldVal=40000500 newVal=40000500 diff=0 fullscreenStackVis=0 dockedStackVis=0, fullscreenStackBounds=Rect(0, 0 - 0, 0), dockedStackBounds=Rect(0, 0 - 0, 0)",HIT,0,0.411932
353,getTasks: caller 10113 does not hold REAL_GET_TASKS; limiting output,MISS,0,0.410765
354,setLightsOn(true),HIT,0,0.412429
355,"setSystemUiVisibility vis=0 mask=1 oldVal=40000500 newVal=40000500 diff=0 fullscreenStackVis=0 dockedStackVis=0, fullscreenStackBounds=Rect(0, 0 - 0, 0), dockedStackBounds=Rect(0, 0 - 0, 0)",HIT,0,0.414085
356,Destroying surface Surface(name=com.tencent.qt.qtl/com.tencent.qt.qtl.activity.main.MainTabActivity) called by com.android.server.wm.WindowStateAnimator.destroySurface:2060 com.android.server.wm.WindowStateAnimator.destroySurfaceLocked:913 com.android.server.wm.WindowState.destroyOrSaveSurface:2201 com.android.server.wm.AppWindowToken.destroySurfaces:374 com.android.server.wm.AppWindowToken.notifyAppStopped:400 com.android.server.wm.WindowManagerService.notifyAppStopped:4869 com.android.server.am.ActivityStack.activityStoppedLocked:1393 com.android.server.am.ActivityManagerService.activityStopped:7690,MISS,0,0.412921
357,HBM brightnessIn =38,MISS,0,0.411765
358,HBM brightnessOut =38,MISS,0,0.410615
359,"Animating brightness: target=38, rate=200",MISS,0,0.409471
360,getTasks: caller 10111 does not hold REAL_GET_TASKS; limiting output,MISS,0,0.408333
361,isMusicActive...,MISS,0,0.407202
362,isMusicActive...,HIT,0,0.408840
363,"Start dump, calling from : pid=12782, uid=1000",MISS,0,0.407713
364,HBM brightnessIn =38,HIT,0,0.409341
365,HBM brightnessOut =38,MISS,0,0.408219
366,"Animating brightness: target=38, rate=200",HIT,0,0.409836
367,getRunningAppProcesses: caller 10113 does not hold REAL_GET_TASKS; limiting output,HIT,0,0.411444
368,getRunningAppProcesses: caller 10113 does not hold REAL_GET_TASKS; limiting output,HIT,0,0.413043
369,getRunningAppProcesses: caller 10113 does not hold REAL_GET_TASKS; limiting output,HIT,0,0.414634
370,"acquire lock=237091223, flags=0x1, tag=""WiredAccessoryManager"", name=android, ws=null, uid=1000, pid=1702",MISS,0,0.413514
371,"ready=true,policy=3,wakefulness=1,wksummary=0x1,uasummary=0x1,bootcompleted=true,boostinprogress=false,waitmodeenable=false,mode=false,manual=38,auto=-1,adj=0.0userId=0",HIT,0,0.415094
372,"Acquiring suspend blocker ""PowerManagerService.WakeLocks"".",HIT,0,0.416667
373,setWiredDeviceConnectionState  type: -2147483632  state: 0,MISS,0,0.415550
374,"acquire lock=86152250, flags=0x1, tag=""handleAudioEvent"", name=android, ws=null, uid=1000, pid=1702",MISS,0,0.414439
375,"ready=true,policy=3,wakefulness=1,wksummary=0x1,uasummary=0x1,bootcompleted=true,boostinprogress=false,waitmodeenable=false,mode=false,manual=38,auto=-1,adj=0.0userId=0",HIT,0,0.416000
376,setWiredDeviceConnectionState  type: 4  state: 0,MISS,0,0.414894
377,"release:lock=237091223, flg=0x0, tag=""WiredAccessoryManager"", name=android"", ws=null, uid=1000, pid=1702",MISS,0,0.413793
378,"ready=true,policy=3,wakefulness=1,wksummary=0x1,uasummary=0x1,bootcompleted=true,boostinprogress=false,waitmodeenable=false,mode=false,manual=38,auto=-1,adj=0.0userId=0",HIT,0,0.415344
379,isMusicActive...,HIT,0,0.416887
380,"ActivityManagerService,attachApplication,callingPid = 12787",MISS,0,0.415789
381,getRunningAppProcesses: caller 10111 does not hold REAL_GET_TASKS; limiting output,MISS,0,0.414698
382,HBM brightnessIn =38,HIT,0,0.416230
383,HBM brightnessOut =38,HIT,0,0.417755
384,"Animating brightness: target=38, rate=200",HIT,0,0.419271
385,"acquire lock=219829192, flags=0x1, tag=""AudioMix"", name=audioserver, ws=null, uid=1041, pid=0",MISS,0,0.418182
386,"ready=true,policy=3,wakefulness=1,wksummary=0x1,uasummary=0x1,bootcompleted=true,boostinprogress=false,waitmodeenable=false,mode=false,manual=38,auto=-1,adj=0.0userId=0",HIT,0,0.419689
387,"release:lock=86152250, flg=0x0, tag=""handleAudioEvent"", name=android"", ws=null, uid=1000, pid=1702",MISS,0,0.418605
388,"ready=true,policy=3,wakefulness=1,wksummary=0x1,uasummary=0x1,bootcompleted=true,boostinprogress=false,waitmodeenable=false,mode=false,manual=38,auto=-1,adj=0.0userId=0",HIT,0,0.420103
389,isBluetoothA2dpOn...,MISS,0,0.419023
390,isMusicActive...,HIT,0,0.420513
391,isBluetoothScoOn...,MISS,0,0.419437
392,getLastAudibleStreamVolume  treamType: 0,MISS,0,0.418367
393,"ready=true,policy=3,wakefulness=1,wksummary=0x1,uasummary=0x1,bootcompleted=true,boostinprogress=false,waitmodeenable=false,mode=false,manual=38,auto=-1,adj=0.0userId=0",HIT,0,0.419847
394,"ready=true,policy=3,wakefulness=1,wksummary=0x1,uasummary=0x1,bootcompleted=true,boostinprogress=false,waitmodeenable=false,mode=false,manual=38,auto=-1,adj=0.0userId=0",HIT,0,0.421320
395,"cancelNotification,index:-1",HIT,0,0.422785
396,getRunningAppProcesses: caller 10091 does not hold REAL_GET_TASKS; limiting output,MISS,0,0.421717
397,getRunningAppProcesses: caller 10091 does not hold REAL_GET_TASKS; limiting output,MISS,0,0.420655
398,"ready=true,policy=3,wakefulness=1,wksummary=0x1,uasummary=0x1,bootcompleted=true,boostinprogress=false,waitmodeenable=false,mode=false,manual=38,auto=-1,adj=0.0userId=0",HIT,0,0.422111
399,getRunningAppProcesses: caller 10091 does not hold REAL_GET_TASKS; limiting output,HIT,0,0.423559
400,getRunningAppProcesses: caller 10091 does not hold REAL_GET_TASKS; limiting output,HIT,0,0.425000
401,getRunningAppProcesses: caller 10091 does not hold REAL_GET_TASKS; limiting output,HIT,0,0.426434
402,getLastAudibleStreamVolume  treamType: 1,MISS,0,0.425373
403,getLastAudibleStreamVolume  treamType: 2,MISS,0,0.424318
404,getRunningAppProcesses: caller 10091 does not hold REAL_GET_TASKS; limiting output,HIT,0,0.425743
405,"ready=true,policy=3,wakefulness=1,wksummary=0x1,uasummary=0x1,bootcompleted=true,boostinprogress=false,waitmodeenable=false,mode=false,manual=38,auto=-1,adj=0.0userId=0",HIT,0,0.427160
406,getDevicesForStream  streamType: 3,MISS,0,0.426108
407,getLastAudibleStreamVolume  treamType: 3,MISS,0,0.425061
408,getDevicesForStream  streamType: 3,HIT,0,0.426471
409,getRunningAppProcesses: caller 10091 does not hold REAL_GET_TASKS; limiting output,HIT,0,0.427873
410,getRunningAppProcesses: caller 10091 does not hold REAL_GET_TASKS; limiting output,HIT,0,0.429268
411,getLastAudibleStreamVolume  treamType: 4,MISS,0,0.428224
412,getLastAudibleStreamVolume  treamType: 5,MISS,0,0.427184
413,getLastAudibleStreamVolume  treamType: 6,MISS,0,0.426150
414,getLastAudibleStreamVolume  treamType: 7,MISS,0,0.425121
415,getLastAudibleStreamVolume  treamType: 8,MISS,0,0.424096
416,cleanUpApplicationRecord -- 12025,MISS,0,0.423077
417,"cleanUpApplicationRecordLocked, pid: 12025, restart: false",MISS,0,0.422062
418,"cleanUpApplicationRecordLocked, reset pid: 12025, euid: 0",MISS,0,0.421053
419,stopWifiDisplayScanLocked record.mWifiDisplayScanRequested=false,MISS,0,0.420048
420,stopWifiDisplayScanLocked mWifiDisplayScanRequestCount=0,MISS,0,0.419048
421,getMode...,MISS,0,0.418052
422,setSpeakerphoneOn  on: true,MISS,0,0.417062
423,setSpeakerphoneOn on:true,MISS,0,0.416076
424,getRunningAppProcesses: caller 10091 does not hold REAL_GET_TASKS; limiting output,HIT,0,0.417453
425,getRunningAppProcesses: caller 10113 does not hold REAL_GET_TASKS; limiting output,HIT,0,0.418824
426,getRunningAppProcesses: caller 10091 does not hold REAL_GET_TASKS; limiting output,HIT,0,0.420188
427,HBM brightnessIn =38,HIT,0,0.421546
428,HBM brightnessOut =38,HIT,0,0.422897
429,"Animating brightness: target=38, rate=200",HIT,0,0.424242
430,"release:lock=219829192, flg=0x0, tag=""AudioMix"", name=audioserver"", ws=null, uid=1041, pid=0",MISS,0,0.423256
431,"ready=true,policy=3,wakefulness=1,wksummary=0x0,uasummary=0x1,bootcompleted=true,boostinprogress=false,waitmodeenable=false,mode=false,manual=38,auto=-1,adj=0.0userId=0",HIT,0,0.424594
432,"Releasing suspend blocker ""PowerManagerService.WakeLocks"".",HIT,0,0.425926
433,"sending alarm Alarm{aa90550 type 3 when 509142332 PendingIntent{1749923: PendingIntentRecord{9600e20 android broadcastIntent}}},repeatInterval = 0,listenerTag =time_tick",MISS,0,0.424942
434,"ready=true,policy=3,wakefulness=1,wksummary=0x1,uasummary=0x1,bootcompleted=true,boostinprogress=false,waitmodeenable=false,mode=false,manual=38,auto=-1,adj=0.0userId=0",HIT,0,0.426267
435,"Acquiring suspend blocker ""PowerManagerService.WakeLocks"".",HIT,0,0.427586
436,Received TIME_TICK alarm; rescheduling,MISS,0,0.426606
437,scheduleTimeTickEvent triggerAtTime = 509202333,MISS,0,0.425629
438,"updateClipping isOverlap:false, getTopPadding=333.0, Translation=0.0",HIT,0,0.426941
439,updateDimmedActivatedHideSensitive overlap:false,HIT,0,0.428246
440,"updateClipping isOverlap:false, getTopPadding=333.0, Translation=0.0",HIT,0,0.429545
441,updateDimmedActivatedHideSensitive overlap:false,HIT,0,0.430839
442,received broadcast android.intent.action.TIME_TICK,MISS,0,0.429864
443,handleTimeUpdate,MISS,0,0.428894
444,"ready=true,policy=3,wakefulness=1,wksummary=0x0,uasummary=0x1,bootcompleted=true,boostinprogress=false,waitmodeenable=false,mode=false,manual=38,auto=-1,adj=0.0userId=0",HIT,0,0.430180
445,"Releasing suspend blocker ""PowerManagerService.WakeLocks"".",HIT,0,0.431461
446,"userActivityNoUpdateLocked: eventTime=261866434, event=2, flags=0x0, uid=1000",MISS,0,0.430493
447,"ready=true,policy=3,wakefulness=1,wksummary=0x0,uasummary=0x1,bootcompleted=true,boostinprogress=false,waitmodeenable=false,mode=false,manual=38,auto=-1,adj=0.0userId=0",HIT,0,0.431767
448,setLightsOn(true),HIT,0,0.433036
449,"setSystemUiVisibility vis=0 mask=1 oldVal=40000500 newVal=40000500 diff=0 fullscreenStackVis=0 dockedStackVis=0, fullscreenStackBounds=Rect(0, 0 - 0, 0), dockedStackBounds=Rect(0, 0 - 0, 0)",HIT,0,0.434298
450,setLightsOn(true),HIT,0,0.435556
451,"setSystemUiVisibility vis=0 mask=1 oldVal=40000500 newVal=40000500 diff=0 fullscreenStackVis=0 dockedStackVis=0, fullscreenStackBounds=Rect(0, 0 - 0, 0), dockedStackBounds=Rect(0, 0 - 0, 0)",HIT,0,0.436807
452,setLightsOn(true),HIT,0,0.438053
453,"setSystemUiVisibility vis=0 mask=1 oldVal=40000500 newVal=40000500 diff=0 fullscreenStackVis=0 dockedStackVis=0, fullscreenStackBounds=Rect(0, 0 - 0, 0), dockedStackBounds=Rect(0, 0 - 0, 0)",HIT,0,0.439294
454,setLightsOn(true),HIT,0,0.440529
455,"setSystemUiVisibility vis=0 mask=1 oldVal=40000500 newVal=40000500 diff=0 fullscreenStackVis=0 dockedStackVis=0, fullscreenStackBounds=Rect(0, 0 - 0, 0), dockedStackBounds=Rect(0, 0 - 0, 0)",HIT,0,0.441758
456,setLightsOn(true),HIT,0,0.442982
457,"setSystemUiVisibility vis=0 mask=1 oldVal=40000500 newVal=40000500 diff=0 fullscreenStackVis=0 dockedStackVis=0, fullscreenStackBounds=Rect(0, 0 - 0, 0), dockedStackBounds=Rect(0, 0 - 0, 0)",HIT,0,0.444201
458,setLightsOn(true),HIT,0,0.445415
459,"setSystemUiVisibility vis=0 mask=1 oldVal=40000500 newVal=40000500 diff=0 fullscreenStackVis=0 dockedStackVis=0, fullscreenStackBounds=Rect(0, 0 - 0, 0), dockedStackBounds=Rect(0, 0 - 0, 0)",HIT,0,0.446623
460,setLightsOn(true),HIT,0,0.447826
461,"setSystemUiVisibility vis=0 mask=1 oldVal=40000500 newVal=40000500 diff=0 fullscreenStackVis=0 dockedStackVis=0, fullscreenStackBounds=Rect(0, 0 - 0, 0), dockedStackBounds=Rect(0, 0 - 0, 0)",HIT,0,0.449024
462,setLightsOn(true),HIT,0,0.450216
463,"setSystemUiVisibility vis=0 mask=1 oldVal=40000500 newVal=40000500 diff=0 fullscreenStackVis=0 dockedStackVis=0, fullscreenStackBounds=Rect(0, 0 - 0, 0), dockedStackBounds=Rect(0, 0 - 0, 0)",HIT,0,0.451404
464,setLightsOn(true),HIT,0,0.452586
465,"setSystemUiVisibility vis=0 mask=1 oldVal=40000500 newVal=40000500 diff=0 fullscreenStackVis=0 dockedStackVis=0, fullscreenStackBounds=Rect(0, 0 - 0, 0), dockedStackBounds=Rect(0, 0 - 0, 0)",HIT,0,0.453763
466,setLightsOn(true),HIT,0,0.454936
467,"setSystemUiVisibility vis=0 mask=1 oldVal=40000500 newVal=40000500 diff=0 fullscreenStackVis=0 dockedStackVis=0, fullscreenStackBounds=Rect(0, 0 - 0, 0), dockedStackBounds=Rect(0, 0 - 0, 0)",HIT,0,0.456103
468,setLightsOn(true),HIT,0,0.457265
469,"setSystemUiVisibility vis=0 mask=1 oldVal=40000500 newVal=40000500 diff=0 fullscreenStackVis=0 dockedStackVis=0, fullscreenStackBounds=Rect(0, 0 - 0, 0), dockedStackBounds=Rect(0, 0 - 0, 0)",HIT,0,0.458422
470,setLightsOn(true),HIT,0,0.459574
471,"setSystemUiVisibility vis=0 mask=1 oldVal=40000500 newVal=40000500 diff=0 fullscreenStackVis=0 dockedStackVis=0, fullscreenStackBounds=Rect(0, 0 - 0, 0), dockedStackBounds=Rect(0, 0 - 0, 0)",HIT,0,0.460722
472,setLightsOn(true),HIT,0,0.461864
473,"setSystemUiVisibility vis=0 mask=1 oldVal=40000500 newVal=40000500 diff=0 fullscreenStackVis=0 dockedStackVis=0, fullscreenStackBounds=Rect(0, 0 - 0, 0), dockedStackBounds=Rect(0, 0 - 0, 0)",HIT,0,0.463002
474,setLightsOn(true),HIT,0,0.464135
475,"setSystemUiVisibility vis=0 mask=1 oldVal=40000500 newVal=40000500 diff=0 fullscreenStackVis=0 dockedStackVis=0, fullscreenStackBounds=Rect(0, 0 - 0, 0), dockedStackBounds=Rect(0, 0 - 0, 0)",HIT,0,0.465263
476,setLightsOn(true),HIT,0,0.466387
477,"setSystemUiVisibility vis=0 mask=1 oldVal=40000500 newVal=40000500 diff=0 fullscreenStackVis=0 dockedStackVis=0, fullscreenStackBounds=Rect(0, 0 - 0, 0), dockedStackBounds=Rect(0, 0 - 0, 0)",HIT,0,0.467505
478,setLightsOn(true),HIT,0,0.468619
479,"setSystemUiVisibility vis=0 mask=1 oldVal=40000500 newVal=40000500 diff=0 fullscreenStackVis=0 dockedStackVis=0, fullscreenStackBounds=Rect(0, 0 - 0, 0), dockedStackBounds=Rect(0, 0 - 0, 0)",HIT,0,0.469729
480,"userActivityNoUpdateLocked: eventTime=261867236, event=2, flags=0x0, uid=1000",MISS,0,0.468750
481,"ready=true,policy=3,wakefulness=1,wksummary=0x0,uasummary=0x1,bootcompleted=true,boostinprogress=false,waitmodeenable=false,mode=false,manual=38,auto=-1,adj=0.0userId=0",HIT,0,0.469854
482,setLightsOn(true),HIT,0,0.470954
483,"setSystemUiVisibility vis=0 mask=1 oldVal=40000500 newVal=40000500 diff=0 fullscreenStackVis=0 dockedStackVis=0, fullscreenStackBounds=Rect(0, 0 - 0, 0), dockedStackBounds=Rect(0, 0 - 0, 0)",HIT,0,0.472050
484,setLightsOn(true),HIT,0,0.473140
485,"setSystemUiVisibility vis=0 mask=1 oldVal=40000500 newVal=40000500 diff=0 fullscreenStackVis=0 dockedStackVis=0, fullscreenStackBounds=Rect(0, 0 - 0, 0), dockedStackBounds=Rect(0, 0 - 0, 0)",HIT,0,0.474227
486,setLightsOn(true),HIT,0,0.475309
487,"setSystemUiVisibility vis=0 mask=1 oldVal=40000500 newVal=40000500 diff=0 fullscreenStackVis=0 dockedStackVis=0, fullscreenStackBounds=Rect(0, 0 - 0, 0), dockedStackBounds=Rect(0, 0 - 0, 0)",HIT,0,0.476386
488,setLightsOn(true),HIT,0,0.477459
489,"setSystemUiVisibility vis=0 mask=1 oldVal=40000500 newVal=40000500 diff=0 fullscreenStackVis=0 dockedStackVis=0, fullscreenStackBounds=Rect(0, 0 - 0, 0), dockedStackBounds=Rect(0, 0 - 0, 0)",HIT,0,0.478528
490,setLightsOn(true),HIT,0,0.479592
491,"setSystemUiVisibility vis=0 mask=1 oldVal=40000500 newVal=40000500 diff=0 fullscreenStackVis=0 dockedStackVis=0, fullscreenStackBounds=Rect(0, 0 - 0, 0), dockedStackBounds=Rect(0, 0 - 0, 0)",HIT,0,0.480652
492,setLightsOn(true),HIT,0,0.481707
493,"setSystemUiVisibility vis=0 mask=1 oldVal=40000500 newVal=40000500 diff=0 fullscreenStackVis=0 dockedStackVis=0, fullscreenStackBounds=Rect(0, 0 - 0, 0), dockedStackBounds=Rect(0, 0 - 0, 0)",HIT,0,0.482759
494,setLightsOn(true),HIT,0,0.483806
495,"setSystemUiVisibility vis=0 mask=1 oldVal=40000500 newVal=40000500 diff=0 fullscreenStackVis=0 dockedStackVis=0, fullscreenStackBounds=Rect(0, 0 - 0, 0), dockedStackBounds=Rect(0, 0 - 0, 0)",HIT,0,0.484848
496,setLightsOn(true),HIT,0,0.485887
497,"setSystemUiVisibility vis=0 mask=1 oldVal=40000500 newVal=40000500 diff=0 fullscreenStackVis=0 dockedStackVis=0, fullscreenStackBounds=Rect(0, 0 - 0, 0), dockedStackBounds=Rect(0, 0 - 0, 0)",HIT,0,0.486922
498,"userActivityNoUpdateLocked: eventTime=261867854, event=2, flags=0x0, uid=1000",MISS,0,0.485944
499,"ready=true,policy=3,wakefulness=1,wksummary=0x0,uasummary=0x1,bootcompleted=true,boostinprogress=false,waitmodeenable=false,mode=false,manual=38,auto=-1,adj=0.0userId=0",HIT,0,0.486974
500,setLightsOn(true),HIT,0,0.488000
501,"setSystemUiVisibility vis=0 mask=1 oldVal=40000500 newVal=40000500 diff=0 fullscreenStackVis=0 dockedStackVis=0, fullscreenStackBounds=Rect(0, 0 - 0, 0), dockedStackBounds=Rect(0, 0 - 0, 0)",HIT,0,0.489022
502,HBM brightnessIn =38,HIT,0,0.490040
503,HBM brightnessOut =38,HIT,0,0.491054
504,"Animating brightness: target=38, rate=200",HIT,0,0.492063
505,setLightsOn(true),HIT,0,0.493069
506,"setSystemUiVisibility vis=0 mask=1 oldVal=40000500 newVal=40000500 diff=0 fullscreenStackVis=0 dockedStackVis=0, fullscreenStackBounds=Rect(0, 0 - 0, 0), dockedStackBounds=Rect(0, 0 - 0, 0)",HIT,0,0.494071
507,getRunningAppProcesses: caller 10091 does not hold REAL_GET_TASKS; limiting output,HIT,0,0.495069
508,getRunningAppProcesses: caller 10091 does not hold REAL_GET_TASKS; limiting output,HIT,0,0.496063
509,"userActivityNoUpdateLocked: eventTime=261868506, event=2, flags=0x0, uid=1000",MISS,0,0.495088
510,"ready=true,policy=3,wakefulness=1,wksummary=0x0,uasummary=0x1,bootcompleted=true,boostinprogress=false,waitmodeenable=false,mode=false,manual=38,auto=-1,adj=0.0userId=0",HIT,0,0.496078
511,setLightsOn(true),HIT,0,0.497065
512,"setSystemUiVisibility vis=0 mask=1 oldVal=40000500 newVal=40000500 diff=0 fullscreenStackVis=0 dockedStackVis=0, fullscreenStackBounds=Rect(0, 0 - 0, 0), dockedStackBounds=Rect(0, 0 - 0, 0)",HIT,0,0.498047
513,playSoundEffect   effectType: 0,MISS,0,0.497076
514,querySoundEffectsEnabled...,HIT,0,0.498054
515,getRunningAppProcesses: caller 10111 does not hold REAL_GET_TASKS; limiting output,HIT,0,0.499029
516,Destroying surface Surface(name=PopupWindow:9b04807) called by com.android.server.wm.WindowStateAnimator.destroySurface:2060 com.android.server.wm.WindowStateAnimator.destroySurfaceLocked:913 com.android.server.wm.WindowState.removeLocked:1554 com.android.server.wm.WindowManagerService.removeWindowInnerLocked:2739 com.android.server.wm.WindowManagerService.removeWindowInnerLocked:2702 com.android.server.wm.WindowManagerService.removeWindowLocked:2691 com.android.server.wm.WindowManagerService.removeWindowLocked:2560 com.android.server.wm.WindowManagerService.removeWindow:2555,MISS,0,0.498062
517,setLightsOn(true),HIT,0,0.499033
518,"setSystemUiVisibility vis=0 mask=1 oldVal=40000500 newVal=40000500 diff=0 fullscreenStackVis=0 dockedStackVis=0, fullscreenStackBounds=Rect(0, 0 - 0, 0), dockedStackBounds=Rect(0, 0 - 0, 0)",HIT,0,0.500000
519,getRunningAppProcesses: caller 10111 does not hold REAL_GET_TASKS; limiting output,HIT,0,0.500963
520,Destroying surface Surface(name=PopupWindow:317e46) called by com.android.server.wm.WindowStateAnimator.destroySurface:2060 com.android.server.wm.WindowStateAnimator.destroySurfaceLocked:913 com.android.server.wm.WindowState.removeLocked:1554 com.android.server.wm.WindowManagerService.removeWindowInnerLocked:2739 com.android.server.wm.WindowManagerService.removeWindowInnerLocked:2702 com.android.server.wm.WindowManagerService.removeWindowLocked:2691 com.android.server.wm.WindowManagerService.removeWindowLocked:2560 com.android.server.wm.WindowManagerService.removeWindow:2555,MISS,0,0.500000
521,setLightsOn(true),HIT,0,0.500960
522,"setSystemUiVisibility vis=0 mask=1 oldVal=40000500 newVal=40000500 diff=0 fullscreenStackVis=0 dockedStackVis=0, fullscreenStackBounds=Rect(0, 0 - 0, 0), dockedStackBounds=Rect(0, 0 - 0, 0)",HIT,0,0.501916
523,setLightsOn(true),HIT,0,0.502868
524,"setSystemUiVisibility vis=0 mask=1 oldVal=40000500 newVal=40000500 diff=0 fullscreenStackVis=0 dockedStackVis=0, fullscreenStackBounds=Rect(0, 0 - 0, 0), dockedStackBounds=Rect(0, 0 - 0, 0)",HIT,0,0.503817
525,setLightsOn(true),HIT,0,0.504762
526,"setSystemUiVisibility vis=0 mask=1 oldVal=40000500 newVal=40000500 diff=0 fullscreenStackVis=0 dockedStackVis=0, fullscreenStackBounds=Rect(0, 0 - 0, 0), dockedStackBounds=Rect(0, 0 - 0, 0)",HIT,0,0.505703
527,setLightsOn(true),HIT,0,0.506641
528,"setSystemUiVisibility vis=0 mask=1 oldVal=40000500 newVal=40000500 diff=0 fullscreenStackVis=0 dockedStackVis=0, fullscreenStackBounds=Rect(0, 0 - 0, 0), dockedStackBounds=Rect(0, 0 - 0, 0)",HIT,0,0.507576
529,setLightsOn(true),HIT,0,0.508507
530,"setSystemUiVisibility vis=0 mask=1 oldVal=40000500 newVal=40000500 diff=0 fullscreenStackVis=0 dockedStackVis=0, fullscreenStackBounds=Rect(0, 0 - 0, 0), dockedStackBounds=Rect(0, 0 - 0, 0)",HIT,0,0.509434
531,getTasks: caller 10111 does not hold REAL_GET_TASKS; limiting output,MISS,0,0.508475
532,getTasks: caller 10111 does not hold REAL_GET_TASKS; limiting output,HIT,0,0.509398
533,getTasks: caller 10111 does not hold REAL_GET_TASKS; limiting output,HIT,0,0.510319
534,getTasks: caller 10111 does not hold REAL_GET_TASKS; limiting output,HIT,0,0.511236
535,getTasks: caller 10111 does not hold REAL_GET_TASKS; limiting output,HIT,0,0.512150
536,getRunningAppProcesses: caller 10111 does not hold REAL_GET_TASKS; limiting output,HIT,0,0.513060
537,"userActivityNoUpdateLocked: eventTime=261870094, event=2, flags=0x0, uid=1000",MISS,0,0.512104
538,"ready=true,policy=3,wakefulness=1,wksummary=0x0,uasummary=0x1,bootcompleted=true,boostinprogress=false,waitmodeenable=false,mode=false,manual=38,auto=-1,adj=0.0userId=0",HIT,0,0.513011
539,setLightsOn(true),HIT,0,0.513915
540,"setSystemUiVisibility vis=0 mask=1 oldVal=40000500 newVal=40000500 diff=0 fullscreenStackVis=0 dockedStackVis=0, fullscreenStackBounds=Rect(0, 0 - 0, 0), dockedStackBounds=Rect(0, 0 - 0, 0)",HIT,0,0.514815
541,setLightsOn(true),HIT,0,0.515712
542,"setSystemUiVisibility vis=0 mask=1 oldVal=40000500 newVal=40000500 diff=0 fullscreenStackVis=0 dockedStackVis=0, fullscreenStackBounds=Rect(0, 0 - 0, 0), dockedStackBounds=Rect(0, 0 - 0, 0)",HIT,0,0.516605
543,setLightsOn(true),HIT,0,0.517495
544,"setSystemUiVisibility vis=0 mask=1 oldVal=40000500 newVal=40000500 diff=0 fullscreenStackVis=0 dockedStackVis=0, fullscreenStackBounds=Rect(0, 0 - 0, 0), dockedStackBounds=Rect(0, 0 - 0, 0)",HIT,0,0.518382
545,setLightsOn(true),HIT,0,0.519266
546,"setSystemUiVisibility vis=0 mask=1 oldVal=40000500 newVal=40000500 diff=0 fullscreenStackVis=0 dockedStackVis=0, fullscreenStackBounds=Rect(0, 0 - 0, 0), dockedStackBounds=Rect(0, 0 - 0, 0)",HIT,0,0.520147
547,setLightsOn(true),HIT,0,0.521024
548,"setSystemUiVisibility vis=0 mask=1 oldVal=40000500 newVal=40000500 diff=0 fullscreenStackVis=0 dockedStackVis=0, fullscreenStackBounds=Rect(0, 0 - 0, 0), dockedStackBounds=Rect(0, 0 - 0, 0)",HIT,0,0.521898
549,setLightsOn(true),HIT,0,0.522769
550,"setSystemUiVisibility vis=0 mask=1 oldVal=40000500 newVal=40000500 diff=0 fullscreenStackVis=0 dockedStackVis=0, fullscreenStackBounds=Rect(0, 0 - 0, 0), dockedStackBounds=Rect(0, 0 - 0, 0)",HIT,0,0.523636
551,setLightsOn(true),HIT,0,0.524501
552,"setSystemUiVisibility vis=0 mask=1 oldVal=40000500 newVal=40000500 diff=0 fullscreenStackVis=0 dockedStackVis=0, fullscreenStackBounds=Rect(0, 0 - 0, 0), dockedStackBounds=Rect(0, 0 - 0, 0)",HIT,0,0.525362
553,setLightsOn(true),HIT,0,0.526221
554,"setSystemUiVisibility vis=0 mask=1 oldVal=40000500 newVal=40000500 diff=0 fullscreenStackVis=0 dockedStackVis=0, fullscreenStackBounds=Rect(0, 0 - 0, 0), dockedStackBounds=Rect(0, 0 - 0, 0)",HIT,0,0.527076
555,setLightsOn(true),HIT,0,0.527928
556,"setSystemUiVisibility vis=0 mask=1 oldVal=40000500 newVal=40000500 diff=0 fullscreenStackVis=0 dockedStackVis=0, fullscreenStackBounds=Rect(0, 0 - 0, 0), dockedStackBounds=Rect(0, 0 - 0, 0)",HIT,0,0.528777
557,setLightsOn(true),HIT,0,0.529623
558,"setSystemUiVisibility vis=0 mask=1 oldVal=40000500 newVal=40000500 diff=0 fullscreenStackVis=0 dockedStackVis=0, fullscreenStackBounds=Rect(0, 0 - 0, 0), dockedStackBounds=Rect(0, 0 - 0, 0)",HIT,0,0.530466
559,"userActivityNoUpdateLocked: eventTime=261870612, event=2, flags=0x0, uid=1000",MISS,0,0.529517
560,"ready=true,policy=3,wakefulness=1,wksummary=0x0,uasummary=0x1,bootcompleted=true,boostinprogress=false,waitmodeenable=false,mode=false,manual=38,auto=-1,adj=0.0userId=0",HIT,0,0.530357
561,HBM brightnessIn =38,HIT,0,0.531194
562,HBM brightnessOut =38,HIT,0,0.532028
563,"Animating brightness: target=38, rate=200",HIT,0,0.532860
564,setLightsOn(true),HIT,0,0.533688
565,"setSystemUiVisibility vis=0 mask=1 oldVal=40000500 newVal=40000500 diff=0 fullscreenStackVis=0 dockedStackVis=0, fullscreenStackBounds=Rect(0, 0 - 0, 0), dockedStackBounds=Rect(0, 0 - 0, 0)",HIT,0,0.534513
566,setLightsOn(true),HIT,0,0.535336
567,"setSystemUiVisibility vis=0 mask=1 oldVal=40000500 newVal=40000500 diff=0 fullscreenStackVis=0 dockedStackVis=0, fullscreenStackBounds=Rect(0, 0 - 0, 0), dockedStackBounds=Rect(0, 0 - 0, 0)",HIT,0,0.536155
568,setLightsOn(true),HIT,0,0.536972
569,"setSystemUiVisibility vis=0 mask=1 oldVal=40000500 newVal=40000500 diff=0 fullscreenStackVis=0 dockedStackVis=0, fullscreenStackBounds=Rect(0, 0 - 0, 0), dockedStackBounds=Rect(0, 0 - 0, 0)",HIT,0,0.537786
570,Destroying surface Surface(name=PopupWindow:d76a91d) called by com.android.server.wm.WindowStateAnimator.destroySurface:2060 com.android.server.wm.WindowStateAnimator.destroySurfaceLocked:913 com.android.server.wm.WindowState.removeLocked:1554 com.android.server.wm.WindowManagerService.removeWindowInnerLocked:2739 com.android.server.wm.WindowManagerService.removeWindowInnerLocked:2702 com.android.server.wm.WindowManagerService.removeWindowLocked:2691 com.android.server.wm.WindowManagerService.removeWindowLocked:2560 com.android.server.wm.WindowManagerService.removeWindow:2555,MISS,0,0.536842
571,setLightsOn(true),HIT,0,0.537653
572,"setSystemUiVisibility vis=0 mask=1 oldVal=40000500 newVal=40000500 diff=0 fullscreenStackVis=0 dockedStackVis=0, fullscreenStackBounds=Rect(0, 0 - 0, 0), dockedStackBounds=Rect(0, 0 - 0, 0)",HIT,0,0.538462
573,Destroying surface Surface(name=PopupWindow:9b04807) called by com.android.server.wm.WindowStateAnimator.destroySurface:2060 com.android.server.wm.WindowStateAnimator.destroySurfaceLocked:913 com.android.server.wm.WindowState.removeLocked:1554 com.android.server.wm.WindowManagerService.removeWindowInnerLocked:2739 com.android.server.wm.WindowManagerService.removeWindowInnerLocked:2702 com.android.server.wm.WindowManagerService.removeWindowLocked:2691 com.android.server.wm.WindowManagerService.removeWindowLocked:2560 com.android.server.wm.WindowManagerService.removeWindow:2555,HIT,0,0.539267
574,setLightsOn(true),HIT,0,0.540070
575,"setSystemUiVisibility vis=0 mask=1 oldVal=40000500 newVal=40000500 diff=0 fullscreenStackVis=0 dockedStackVis=0, fullscreenStackBounds=Rect(0, 0 - 0, 0), dockedStackBounds=Rect(0, 0 - 0, 0)",HIT,0,0.540870
576,HBM brightnessIn =38,HIT,0,0.541667
577,HBM brightnessOut =38,HIT,0,0.542461
578,"Animating brightness: target=38, rate=200",HIT,0,0.543253
579,HBM brightnessIn =38,HIT,0,0.544041
580,HBM brightnessOut =38,HIT,0,0.544828
581,"Animating brightness: target=38, rate=200",HIT,0,0.545611
582,getRunningAppProcesses: caller 10111 does not hold REAL_GET_TASKS; limiting output,HIT,0,0.546392
583,"userActivityNoUpdateLocked: eventTime=261871547, event=2, flags=0x0, uid=1000",MISS,0,0.545455
584,"ready=true,policy=3,wakefulness=1,wksummary=0x0,uasummary=0x1,bootcompleted=true,boostinprogress=false,waitmodeenable=false,mode=false,manual=38,auto=-1,adj=0.0userId=0",HIT,0,0.546233
585,HBM brightnessIn =38,HIT,0,0.547009
586,HBM brightnessOut =38,HIT,0,0.547782
587,"Animating brightness: target=38, rate=200",HIT,0,0.548552
588,"userActivityNoUpdateLocked: eventTime=261872249, event=2, flags=0x0, uid=1000",MISS,0,0.547619
589,"ready=true,policy=3,wakefulness=1,wksummary=0x0,uasummary=0x1,bootcompleted=true,boostinprogress=false,waitmodeenable=false,mode=false,manual=38,auto=-1,adj=0.0userId=0",HIT,0,0.548387
590,setLightsOn(true),HIT,0,0.549153
591,"setSystemUiVisibility vis=0 mask=1 oldVal=40000500 newVal=40000500 diff=0 fullscreenStackVis=0 dockedStackVis=0, fullscreenStackBounds=Rect(0, 0 - 0, 0), dockedStackBounds=Rect(0, 0 - 0, 0)",HIT,0,0.549915
592,setLightsOn(true),HIT,0,0.550676
593,"setSystemUiVisibility vis=0 mask=1 oldVal=40000500 newVal=40000500 diff=0 fullscreenStackVis=0 dockedStackVis=0, fullscreenStackBounds=Rect(0, 0 - 0, 0), dockedStackBounds=Rect(0, 0 - 0, 0)",HIT,0,0.551433
594,setLightsOn(true),HIT,0,0.552189
595,"setSystemUiVisibility vis=0 mask=1 oldVal=40000500 newVal=40000500 diff=0 fullscreenStackVis=0 dockedStackVis=0, fullscreenStackBounds=Rect(0, 0 - 0, 0), dockedStackBounds=Rect(0, 0 - 0, 0)",HIT,0,0.552941
596,setLightsOn(true),HIT,0,0.553691
597,"setSystemUiVisibility vis=0 mask=1 oldVal=40000500 newVal=40000500 diff=0 fullscreenStackVis=0 dockedStackVis=0, fullscreenStackBounds=Rect(0, 0 - 0, 0), dockedStackBounds=Rect(0, 0 - 0, 0)",HIT,0,0.554439
598,setLightsOn(true),HIT,0,0.555184
599,"setSystemUiVisibility vis=0 mask=1 oldVal=40000500 newVal=40000500 diff=0 fullscreenStackVis=0 dockedStackVis=0, fullscreenStackBounds=Rect(0, 0 - 0, 0), dockedStackBounds=Rect(0, 0 - 0, 0)",HIT,0,0.555927
600,setLightsOn(true),HIT,0,0.556667
601,"setSystemUiVisibility vis=0 mask=1 oldVal=40000500 newVal=40000500 diff=0 fullscreenStackVis=0 dockedStackVis=0, fullscreenStackBounds=Rect(0, 0 - 0, 0), dockedStackBounds=Rect(0, 0 - 0, 0)",HIT,0,0.557404
602,"acquire lock=60373518, flags=0x1, tag=""RILJ_ACK_WL"", name=com.android.phone, ws=null, uid=1001, pid=2626",MISS,0,0.556478
603,"ready=true,policy=3,wakefulness=1,wksummary=0x1,uasummary=0x1,bootcompleted=true,boostinprogress=false,waitmodeenable=false,mode=false,manual=38,auto=-1,adj=0.0userId=0",HIT,0,0.557214
604,"Acquiring suspend blocker ""PowerManagerService.WakeLocks"".",HIT,0,0.557947
605,"ready=true,policy=3,wakefulness=1,wksummary=0x1,uasummary=0x1,bootcompleted=true,boostinprogress=false,waitmodeenable=false,mode=false,manual=38,auto=-1,adj=0.0userId=0",HIT,0,0.558678
606,setLightsOn(true),HIT,0,0.559406
607,"setSystemUiVisibility vis=0 mask=1 oldVal=40000500 newVal=40000500 diff=0 fullscreenStackVis=0 dockedStackVis=0, fullscreenStackBounds=Rect(0, 0 - 0, 0), dockedStackBounds=Rect(0, 0 - 0, 0)",HIT,0,0.560132
608,"ready=true,policy=3,wakefulness=1,wksummary=0x1,uasummary=0x1,bootcompleted=true,boostinprogress=false,waitmodeenable=false,mode=false,manual=38,auto=-1,adj=0.0userId=0",HIT,0,0.560855
609,"ready=true,policy=3,wakefulness=1,wksummary=0x1,uasummary=0x1,bootcompleted=true,boostinprogress=false,waitmodeenable=false,mode=false,manual=38,auto=-1,adj=0.0userId=0",HIT,0,0.561576
610,"ready=true,policy=3,wakefulness=1,wksummary=0x1,uasummary=0x1,bootcompleted=true,boostinprogress=false,waitmodeenable=false,mode=false,manual=38,auto=-1,adj=0.0userId=0",HIT,0,0.562295
611,setLightsOn(true),HIT,0,0.563011
612,"setSystemUiVisibility vis=0 mask=1 oldVal=40000500 newVal=40000500 diff=0 fullscreenStackVis=0 dockedStackVis=0, fullscreenStackBounds=Rect(0, 0 - 0, 0), dockedStackBounds=Rect(0, 0 - 0, 0)",HIT,0,0.563725
613,"ready=true,policy=3,wakefulness=1,wksummary=0x1,uasummary=0x1,bootcompleted=true,boostinprogress=false,waitmodeenable=false,mode=false,manual=38,auto=-1,adj=0.0userId=0",HIT,0,0.564437
614,shouldBlockLocation running ...,HIT,0,0.565147
615,shouldBlockLocation  ret:false,HIT,0,0.565854
616,"userActivityNoUpdateLocked: eventTime=261872817, event=2, flags=0x0, uid=1000",MISS,0,0.564935
617,"ready=true,policy=3,wakefulness=1,wksummary=0x1,uasummary=0x1,bootcompleted=true,boostinprogress=false,waitmodeenable=false,mode=false,manual=38,auto=-1,adj=0.0userId=0",HIT,0,0.565640
618,shouldBlockLocation running ...,HIT,0,0.566343
619,shouldBlockLocation  ret:false,HIT,0,0.567044
620,getNeighboringCellInfo calling app is com.amap.android.ams,MISS,0,0.566129
621,shouldBlockLocation running ...,HIT,0,0.566828
622,shouldBlockLocation  ret:false,HIT,0,0.567524
623,"ready=true,policy=3,wakefulness=1,wksummary=0x1,uasummary=0x1,bootcompleted=true,boostinprogress=false,waitmodeenable=false,mode=false,manual=38,auto=-1,adj=0.0userId=0",HIT,0,0.568218
624,"release:lock=60373518, flg=0x0, tag=""RILJ_ACK_WL"", name=com.android.phone"", ws=null, uid=1001, pid=2626",MISS,0,0.567308
625,"ready=true,policy=3,wakefulness=1,wksummary=0x1,uasummary=0x1,bootcompleted=true,boostinprogress=false,waitmodeenable=false,mode=false,manual=38,auto=-1,adj=0.0userId=0",HIT,0,0.568000
626,setLightsOn(true),HIT,0,0.568690
627,"setSystemUiVisibility vis=0 mask=1 oldVal=40000500 newVal=40000500 diff=0 fullscreenStackVis=0 dockedStackVis=0, fullscreenStackBounds=Rect(0, 0 - 0, 0), dockedStackBounds=Rect(0, 0 - 0, 0)",HIT,0,0.569378
628,"ready=true,policy=3,wakefulness=1,wksummary=0x0,uasummary=0x1,bootcompleted=true,boostinprogress=false,waitmodeenable=false,mode=false,manual=38,auto=-1,adj=0.0userId=0",HIT,0,0.570064
629,"Releasing suspend blocker ""PowerManagerService.WakeLocks"".",HIT,0,0.570747
630,shouldBlockLocation running ...,HIT,0,0.571429
631,shouldBlockLocation  ret:false,HIT,0,0.572108
632,"ready=true,policy=3,wakefulness=1,wksummary=0x1,uasummary=0x1,bootcompleted=true,boostinprogress=false,waitmodeenable=false,mode=false,manual=38,auto=-1,adj=0.0userId=0",HIT,0,0.572785
633,"Acquiring suspend blocker ""PowerManagerService.WakeLocks"".",HIT,0,0.573460
634,setLightsOn(true),HIT,0,0.574132
635,"setSystemUiVisibility vis=0 mask=1 oldVal=40000500 newVal=40000500 diff=0 fullscreenStackVis=0 dockedStackVis=0, fullscreenStackBounds=Rect(0, 0 - 0, 0), dockedStackBounds=Rect(0, 0 - 0, 0)",HIT,0,0.574803
636,"ready=true,policy=3,wakefulness=1,wksummary=0x0,uasummary=0x1,bootcompleted=true,boostinprogress=false,waitmodeenable=false,mode=false,manual=38,auto=-1,adj=0.0userId=0",HIT,0,0.575472
637,"Releasing suspend blocker ""PowerManagerService.WakeLocks"".",HIT,0,0.576138
638,"ready=true,policy=3,wakefulness=1,wksummary=0x1,uasummary=0x1,bootcompleted=true,boostinprogress=false,waitmodeenable=false,mode=false,manual=38,auto=-1,adj=0.0userId=0",HIT,0,0.576803
639,"Acquiring suspend blocker ""PowerManagerService.WakeLocks"".",HIT,0,0.577465
640,"ready=true,policy=3,wakefulness=1,wksummary=0x0,uasummary=0x1,bootcompleted=true,boostinprogress=false,waitmodeenable=false,mode=false,manual=38,auto=-1,adj=0.0userId=0",HIT,0,0.578125
641,"Releasing suspend blocker ""PowerManagerService.WakeLocks"".",HIT,0,0.578783
642,shouldBlockLocation running ...,HIT,0,0.579439
643,shouldBlockLocation  ret:false,HIT,0,0.580093
644,"userActivityNoUpdateLocked: eventTime=261874138, event=2, flags=0x0, uid=1000",MISS,0,0.579193
645,"ready=true,policy=3,wakefulness=1,wksummary=0x0,uasummary=0x1,bootcompleted=true,boostinprogress=false,waitmodeenable=false,mode=false,manual=38,auto=-1,adj=0.0userId=0",HIT,0,0.579845
646,setLightsOn(true),HIT,0,0.580495
647,"setSystemUiVisibility vis=0 mask=1 oldVal=40000500 newVal=40000500 diff=0 fullscreenStackVis=0 dockedStackVis=0, fullscreenStackBounds=Rect(0, 0 - 0, 0), dockedStackBounds=Rect(0, 0 - 0, 0)",HIT,0,0.581144
648,setLightsOn(true),HIT,0,0.581790
649,"setSystemUiVisibility vis=0 mask=1 oldVal=40000500 newVal=40000500 diff=0 fullscreenStackVis=0 dockedStackVis=0, fullscreenStackBounds=Rect(0, 0 - 0, 0), dockedStackBounds=Rect(0, 0 - 0, 0)",HIT,0,0.582435
650,setLightsOn(true),HIT,0,0.583077
651,"setSystemUiVisibility vis=0 mask=1 oldVal=40000500 newVal=40000500 diff=0 fullscreenStackVis=0 dockedStackVis=0, fullscreenStackBounds=Rect(0, 0 - 0, 0), dockedStackBounds=Rect(0, 0 - 0, 0)",HIT,0,0.583717
652,HBM brightnessIn =38,HIT,0,0.584356
653,HBM brightnessOut =38,HIT,0,0.584992
654,"Animating brightness: target=38, rate=200",HIT,0,0.585627
655,getTasks: caller 10111 does not hold REAL_GET_TASKS; limiting output,HIT,0,0.586260
656,getTasks: caller 10111 does not hold REAL_GET_TASKS; limiting output,HIT,0,0.586890
657,"userActivityNoUpdateLocked: eventTime=261875239, event=2, flags=0x0, uid=1000",MISS,0,0.585997
658,"ready=true,policy=3,wakefulness=1,wksummary=0x0,uasummary=0x1,bootcompleted=true,boostinprogress=false,waitmodeenable=false,mode=false,manual=38,auto=-1,adj=0.0userId=0",HIT,0,0.586626
659,setLightsOn(true),HIT,0,0.587253
660,"setSystemUiVisibility vis=0 mask=1 oldVal=40000500 newVal=40000500 diff=0 fullscreenStackVis=0 dockedStackVis=0, fullscreenStackBounds=Rect(0, 0 - 0, 0), dockedStackBounds=Rect(0, 0 - 0, 0)",HIT,0,0.587879
661,setLightsOn(true),HIT,0,0.588502
662,"setSystemUiVisibility vis=0 mask=1 oldVal=40000500 newVal=40000500 diff=0 fullscreenStackVis=0 dockedStackVis=0, fullscreenStackBounds=Rect(0, 0 - 0, 0), dockedStackBounds=Rect(0, 0 - 0, 0)",HIT,0,0.589124
663,setLightsOn(true),HIT,0,0.589744
664,"setSystemUiVisibility vis=0 mask=1 oldVal=40000500 newVal=40000500 diff=0 fullscreenStackVis=0 dockedStackVis=0, fullscreenStackBounds=Rect(0, 0 - 0, 0), dockedStackBounds=Rect(0, 0 - 0, 0)",HIT,0,0.590361
665,setLightsOn(true),HIT,0,0.590977
666,"setSystemUiVisibility vis=0 mask=1 oldVal=40000500 newVal=40000500 diff=0 fullscreenStackVis=0 dockedStackVis=0, fullscreenStackBounds=Rect(0, 0 - 0, 0), dockedStackBounds=Rect(0, 0 - 0, 0)",HIT,0,0.591592
667,HBM brightnessIn =38,HIT,0,0.592204
668,HBM brightnessOut =38,HIT,0,0.592814
669,"Animating brightness: target=38, rate=200",HIT,0,0.593423
670,"userActivityNoUpdateLocked: eventTime=261879585, event=2, flags=0x0, uid=1000",MISS,0,0.592537
671,"ready=true,policy=3,wakefulness=1,wksummary=0x0,uasummary=0x1,bootcompleted=true,boostinprogress=false,waitmodeenable=false,mode=false,manual=38,auto=-1,adj=0.0userId=0",HIT,0,0.593145
672,setLightsOn(true),HIT,0,0.593750
673,"setSystemUiVisibility vis=0 mask=1 oldVal=40000500 newVal=40000500 diff=0 fullscreenStackVis=0 dockedStackVis=0, fullscreenStackBounds=Rect(0, 0 - 0, 0), dockedStackBounds=Rect(0, 0 - 0, 0)",HIT,0,0.594354
674,Destroying surface Surface(name=PopupWindow:d76a91d) called by com.android.server.wm.WindowStateAnimator.destroySurface:2060 com.android.server.wm.WindowStateAnimator.destroySurfaceLocked:913 com.android.server.wm.WindowState.removeLocked:1554 com.android.server.wm.WindowManagerService.removeWindowInnerLocked:2739 com.android.server.wm.WindowManagerService.removeWindowInnerLocked:2702 com.android.server.wm.WindowManagerService.removeWindowLocked:2691 com.android.server.wm.WindowManagerService.removeWindowLocked:2560 com.android.server.wm.WindowManagerService.removeWindow:2555,HIT,0,0.594955
675,setLightsOn(true),HIT,0,0.595556
676,"setSystemUiVisibility vis=0 mask=1 oldVal=40000500 newVal=40000500 diff=0 fullscreenStackVis=0 dockedStackVis=0, fullscreenStackBounds=Rect(0, 0 - 0, 0), dockedStackBounds=Rect(0, 0 - 0, 0)",HIT,0,0.596154
677,Destroying surface Surface(name=PopupWindow:9b04807) called by com.android.server.wm.WindowStateAnimator.destroySurface:2060 com.android.server.wm.WindowStateAnimator.destroySurfaceLocked:913 com.android.server.wm.WindowState.removeLocked:1554 com.android.server.wm.WindowManagerService.removeWindowInnerLocked:2739 com.android.server.wm.WindowManagerService.removeWindowInnerLocked:2702 com.android.server.wm.WindowManagerService.removeWindowLocked:2691 com.android.server.wm.WindowManagerService.removeWindowLocked:2560 com.android.server.wm.WindowManagerService.removeWindow:2555,HIT,0,0.596750
678,setLightsOn(true),HIT,0,0.597345
679,"setSystemUiVisibility vis=0 mask=1 oldVal=40000500 newVal=40000500 diff=0 fullscreenStackVis=0 dockedStackVis=0, fullscreenStackBounds=Rect(0, 0 - 0, 0), dockedStackBounds=Rect(0, 0 - 0, 0)",HIT,0,0.597938
680,HBM brightnessIn =38,HIT,0,0.598529
681,HBM brightnessOut =38,HIT,0,0.599119
682,"Animating brightness: target=38, rate=200",HIT,0,0.599707
683,"userActivityNoUpdateLocked: eventTime=261880856, event=2, flags=0x0, uid=1000",MISS,0,0.598829
684,"ready=true,policy=3,wakefulness=1,wksummary=0x0,uasummary=0x1,bootcompleted=true,boostinprogress=false,waitmodeenable=false,mode=false,manual=38,auto=-1,adj=0.0userId=0",HIT,0,0.599415
685,setLightsOn(true),HIT,0,0.600000
686,"setSystemUiVisibility vis=0 mask=1 oldVal=40000500 newVal=40000500 diff=0 fullscreenStackVis=0 dockedStackVis=0, fullscreenStackBounds=Rect(0, 0 - 0, 0), dockedStackBounds=Rect(0, 0 - 0, 0)",HIT,0,0.600583
687,setLightsOn(true),HIT,0,0.601164
688,"setSystemUiVisibility vis=0 mask=1 oldVal=40000500 newVal=40000500 diff=0 fullscreenStackVis=0 dockedStackVis=0, fullscreenStackBounds=Rect(0, 0 - 0, 0), dockedStackBounds=Rect(0, 0 - 0, 0)",HIT,0,0.601744
689,setLightsOn(true),HIT,0,0.602322
690,"setSystemUiVisibility vis=0 mask=1 oldVal=40000500 newVal=40000500 diff=0 fullscreenStackVis=0 dockedStackVis=0, fullscreenStackBounds=Rect(0, 0 - 0, 0), dockedStackBounds=Rect(0, 0 - 0, 0)",HIT,0,0.602899
691,setLightsOn(true),HIT,0,0.603473
692,"setSystemUiVisibility vis=0 mask=1 oldVal=40000500 newVal=40000500 diff=0 fullscreenStackVis=0 dockedStackVis=0, fullscreenStackBounds=Rect(0, 0 - 0, 0), dockedStackBounds=Rect(0, 0 - 0, 0)",HIT,0,0.604046
693,getRunningAppProcesses: caller 10113 does not hold REAL_GET_TASKS; limiting output,HIT,0,0.604618
694,setLightsOn(true),HIT,0,0.605187
695,"setSystemUiVisibility vis=0 mask=1 oldVal=40000500 newVal=40000500 diff=0 fullscreenStackVis=0 dockedStackVis=0, fullscreenStackBounds=Rect(0, 0 - 0, 0), dockedStackBounds=Rect(0, 0 - 0, 0)",HIT,0,0.605755
696,setLightsOn(true),HIT,0,0.606322
697,"setSystemUiVisibility vis=0 mask=1 oldVal=40000500 newVal=40000500 diff=0 fullscreenStackVis=0 dockedStackVis=0, fullscreenStackBounds=Rect(0, 0 - 0, 0), dockedStackBounds=Rect(0, 0 - 0, 0)",HIT,0,0.606887
698,"userActivityNoUpdateLocked: eventTime=261881405, event=2, flags=0x0, uid=1000",MISS,0,0.606017
699,"ready=true,policy=3,wakefulness=1,wksummary=0x0,uasummary=0x1,bootcompleted=true,boostinprogress=false,waitmodeenable=false,mode=false,manual=38,auto=-1,adj=0.0userId=0",HIT,0,0.606581
700,setLightsOn(true),HIT,0,0.607143
701,"setSystemUiVisibility vis=0 mask=1 oldVal=40000500 newVal=40000500 diff=0 fullscreenStackVis=0 dockedStackVis=0, fullscreenStackBounds=Rect(0, 0 - 0, 0), dockedStackBounds=Rect(0, 0 - 0, 0)",HIT,0,0.607703
702,setLightsOn(true),HIT,0,0.608262
703,"setSystemUiVisibility vis=0 mask=1 oldVal=40000500 newVal=40000500 diff=0 fullscreenStackVis=0 dockedStackVis=0, fullscreenStackBounds=Rect(0, 0 - 0, 0), dockedStackBounds=Rect(0, 0 - 0, 0)",HIT,0,0.608819
704,setLightsOn(true),HIT,0,0.609375
705,"setSystemUiVisibility vis=0 mask=1 oldVal=40000500 newVal=40000500 diff=0 fullscreenStackVis=0 dockedStackVis=0, fullscreenStackBounds=Rect(0, 0 - 0, 0), dockedStackBounds=Rect(0, 0 - 0, 0)",HIT,0,0.609929
706,setLightsOn(true),HIT,0,0.610482
707,"setSystemUiVisibility vis=0 mask=1 oldVal=40000500 newVal=40000500 diff=0 fullscreenStackVis=0 dockedStackVis=0, fullscreenStackBounds=Rect(0, 0 - 0, 0), dockedStackBounds=Rect(0, 0 - 0, 0)",HIT,0,0.611033
708,getRunningAppProcesses: caller 10113 does not hold REAL_GET_TASKS; limiting output,HIT,0,0.611582
709,"userActivityNoUpdateLocked: eventTime=261883596, event=2, flags=0x0, uid=1000",MISS,0,0.610719
710,"ready=true,policy=3,wakefulness=1,wksummary=0x0,uasummary=0x1,bootcompleted=true,boostinprogress=false,waitmodeenable=false,mode=false,manual=38,auto=-1,adj=0.0userId=0",HIT,0,0.611268
711,setLightsOn(true),HIT,0,0.611814
712,"setSystemUiVisibility vis=0 mask=1 oldVal=40000500 newVal=40000500 diff=0 fullscreenStackVis=0 dockedStackVis=0, fullscreenStackBounds=Rect(0, 0 - 0, 0), dockedStackBounds=Rect(0, 0 - 0, 0)",HIT,0,0.612360
713,setLightsOn(true),HIT,0,0.612903
714,"setSystemUiVisibility vis=0 mask=1 oldVal=40000500 newVal=40000500 diff=0 fullscreenStackVis=0 dockedStackVis=0, fullscreenStackBounds=Rect(0, 0 - 0, 0), dockedStackBounds=Rect(0, 0 - 0, 0)",HIT,0,0.613445
715,HBM brightnessIn =38,HIT,0,0.613986
716,HBM brightnessOut =38,HIT,0,0.614525
717,"Animating brightness: target=38, rate=200",HIT,0,0.615063
718,setLightsOn(true),HIT,0,0.615599
719,"setSystemUiVisibility vis=0 mask=1 oldVal=40000500 newVal=40000500 diff=0 fullscreenStackVis=0 dockedStackVis=0, fullscreenStackBounds=Rect(0, 0 - 0, 0), dockedStackBounds=Rect(0, 0 - 0, 0)",HIT,0,0.616134
720,HBM brightnessIn =38,HIT,0,0.616667
721,HBM brightnessOut =38,HIT,0,0.617198
722,"Animating brightness: target=38, rate=200",HIT,0,0.617729
723,"userActivityNoUpdateLocked: eventTime=261884464, event=2, flags=0x0, uid=1000",MISS,0,0.616874
724,"ready=true,policy=3,wakefulness=1,wksummary=0x0,uasummary=0x1,bootcompleted=true,boostinprogress=false,waitmodeenable=false,mode=false,manual=38,auto=-1,adj=0.0userId=0",HIT,0,0.617403
725,setLightsOn(true),HIT,0,0.617931
726,"setSystemUiVisibility vis=0 mask=1 oldVal=40000500 newVal=40000500 diff=0 fullscreenStackVis=0 dockedStackVis=0, fullscreenStackBounds=Rect(0, 0 - 0, 0), dockedStackBounds=Rect(0, 0 - 0, 0)",HIT,0,0.618457
727,isMusicActive...,HIT,0,0.618982
728,setLightsOn(true),HIT,0,0.619505
729,"setSystemUiVisibility vis=0 mask=1 oldVal=40000500 newVal=40000500 diff=0 fullscreenStackVis=0 dockedStackVis=0, fullscreenStackBounds=Rect(0, 0 - 0, 0), dockedStackBounds=Rect(0, 0 - 0, 0)",HIT,0,0.620027
730,setLightsOn(true),HIT,0,0.620548
731,"setSystemUiVisibility vis=0 mask=1 oldVal=40000500 newVal=40000500 diff=0 fullscreenStackVis=0 dockedStackVis=0, fullscreenStackBounds=Rect(0, 0 - 0, 0), dockedStackBounds=Rect(0, 0 - 0, 0)",HIT,0,0.621067
732,setLightsOn(true),HIT,0,0.621585
733,"setSystemUiVisibility vis=0 mask=1 oldVal=40000500 newVal=40000500 diff=0 fullscreenStackVis=0 dockedStackVis=0, fullscreenStackBounds=Rect(0, 0 - 0, 0), dockedStackBounds=Rect(0, 0 - 0, 0)",HIT,0,0.622101
734,"userActivityNoUpdateLocked: eventTime=261885300, event=2, flags=0x0, uid=1000",MISS,0,0.621253
735,"ready=true,policy=3,wakefulness=1,wksummary=0x0,uasummary=0x1,bootcompleted=true,boostinprogress=false,waitmodeenable=false,mode=false,manual=38,auto=-1,adj=0.0userId=0",HIT,0,0.621769
736,setLightsOn(true),HIT,0,0.622283
737,"setSystemUiVisibility vis=0 mask=1 oldVal=40000500 newVal=40000500 diff=0 fullscreenStackVis=0 dockedStackVis=0, fullscreenStackBounds=Rect(0, 0 - 0, 0), dockedStackBounds=Rect(0, 0 - 0, 0)",HIT,0,0.622795
738,"userActivityNoUpdateLocked: eventTime=261885816, event=2, flags=0x0, uid=1000",MISS,0,0.621951
739,"ready=true,policy=3,wakefulness=1,wksummary=0x0,uasummary=0x1,bootcompleted=true,boostinprogress=false,waitmodeenable=false,mode=false,manual=38,auto=-1,adj=0.0userId=0",HIT,0,0.622463
740,setLightsOn(true),HIT,0,0.622973
741,"setSystemUiVisibility vis=0 mask=1 oldVal=40000500 newVal=40000500 diff=0 fullscreenStackVis=0 dockedStackVis=0, fullscreenStackBounds=Rect(0, 0 - 0, 0), dockedStackBounds=Rect(0, 0 - 0, 0)",HIT,0,0.623482
742,setLightsOn(true),HIT,0,0.623989
743,"setSystemUiVisibility vis=0 mask=1 oldVal=40000500 newVal=40000500 diff=0 fullscreenStackVis=0 dockedStackVis=0, fullscreenStackBounds=Rect(0, 0 - 0, 0), dockedStackBounds=Rect(0, 0 - 0, 0)",HIT,0,0.624495
744,setLightsOn(true),HIT,0,0.625000
745,"setSystemUiVisibility vis=0 mask=1 oldVal=40000500 newVal=40000500 diff=0 fullscreenStackVis=0 dockedStackVis=0, fullscreenStackBounds=Rect(0, 0 - 0, 0), dockedStackBounds=Rect(0, 0 - 0, 0)",HIT,0,0.625503
746,setLightsOn(true),HIT,0,0.626005
747,"setSystemUiVisibility vis=0 mask=1 oldVal=40000500 newVal=40000500 diff=0 fullscreenStackVis=0 dockedStackVis=0, fullscreenStackBounds=Rect(0, 0 - 0, 0), dockedStackBounds=Rect(0, 0 - 0, 0)",HIT,0,0.626506
748,"userActivityNoUpdateLocked: eventTime=261886520, event=2, flags=0x0, uid=1000",MISS,0,0.625668
749,"ready=true,policy=3,wakefulness=1,wksummary=0x0,uasummary=0x1,bootcompleted=true,boostinprogress=false,waitmodeenable=false,mode=false,manual=38,auto=-1,adj=0.0userId=0",HIT,0,0.626168
750,setLightsOn(true),HIT,0,0.626667
751,"setSystemUiVisibility vis=0 mask=1 oldVal=40000500 newVal=40000500 diff=0 fullscreenStackVis=0 dockedStackVis=0, fullscreenStackBounds=Rect(0, 0 - 0, 0), dockedStackBounds=Rect(0, 0 - 0, 0)",HIT,0,0.627164
752,"userActivityNoUpdateLocked: eventTime=261887070, event=2, flags=0x0, uid=1000",MISS,0,0.626330
753,"ready=true,policy=3,wakefulness=1,wksummary=0x0,uasummary=0x1,bootcompleted=true,boostinprogress=false,waitmodeenable=false,mode=false,manual=38,auto=-1,adj=0.0userId=0",HIT,0,0.626826
754,playSoundEffect   effectType: 0,HIT,0,0.627321
755,querySoundEffectsEnabled...,HIT,0,0.627815
756,Destroying surface Surface(name=PopupWindow:9b04807) called by com.android.server.wm.WindowStateAnimator.destroySurface:2060 com.android.server.wm.WindowStateAnimator.destroySurfaceLocked:913 com.android.server.wm.WindowState.removeLocked:1554 com.android.server.wm.WindowManagerService.removeWindowInnerLocked:2739 com.android.server.wm.WindowManagerService.removeWindowInnerLocked:2702 com.android.server.wm.WindowManagerService.removeWindowLocked:2691 com.android.server.wm.WindowManagerService.removeWindowLocked:2560 com.android.server.wm.WindowManagerService.removeWindow:2555,HIT,0,0.628307
757,setLightsOn(true),HIT,0,0.628798
758,"setSystemUiVisibility vis=0 mask=1 oldVal=40000500 newVal=40000500 diff=0 fullscreenStackVis=0 dockedStackVis=0, fullscreenStackBounds=Rect(0, 0 - 0, 0), dockedStackBounds=Rect(0, 0 - 0, 0)",HIT,0,0.629288
759,Destroying surface Surface(name=PopupWindow:317e46) called by com.android.server.wm.WindowStateAnimator.destroySurface:2060 com.android.server.wm.WindowStateAnimator.destroySurfaceLocked:913 com.android.server.wm.WindowState.removeLocked:1554 com.android.server.wm.WindowManagerService.removeWindowInnerLocked:2739 com.android.server.wm.WindowManagerService.removeWindowInnerLocked:2702 com.android.server.wm.WindowManagerService.removeWindowLocked:2691 com.android.server.wm.WindowManagerService.removeWindowLocked:2560 com.android.server.wm.WindowManagerService.removeWindow:2555,MISS,0,0.628458
760,setLightsOn(true),HIT,0,0.628947
761,"setSystemUiVisibility vis=0 mask=1 oldVal=40000500 newVal=40000500 diff=0 fullscreenStackVis=0 dockedStackVis=0, fullscreenStackBounds=Rect(0, 0 - 0, 0), dockedStackBounds=Rect(0, 0 - 0, 0)",HIT,0,0.629435
762,setLightsOn(true),HIT,0,0.629921
763,"setSystemUiVisibility vis=0 mask=1 oldVal=40000500 newVal=40000500 diff=0 fullscreenStackVis=0 dockedStackVis=0, fullscreenStackBounds=Rect(0, 0 - 0, 0), dockedStackBounds=Rect(0, 0 - 0, 0)",HIT,0,0.630406
764,setLightsOn(true),HIT,0,0.630890
765,"setSystemUiVisibility vis=0 mask=1 oldVal=40000500 newVal=40000500 diff=0 fullscreenStackVis=0 dockedStackVis=0, fullscreenStackBounds=Rect(0, 0 - 0, 0), dockedStackBounds=Rect(0, 0 - 0, 0)",HIT,0,0.631373
766,setLightsOn(true),HIT,0,0.631854
767,"setSystemUiVisibility vis=0 mask=1 oldVal=40000500 newVal=40000500 diff=0 fullscreenStackVis=0 dockedStackVis=0, fullscreenStackBounds=Rect(0, 0 - 0, 0), dockedStackBounds=Rect(0, 0 - 0, 0)",HIT,0,0.632334
768,setLightsOn(true),HIT,0,0.632812
769,"setSystemUiVisibility vis=0 mask=1 oldVal=40000500 newVal=40000500 diff=0 fullscreenStackVis=0 dockedStackVis=0, fullscreenStackBounds=Rect(0, 0 - 0, 0), dockedStackBounds=Rect(0, 0 - 0, 0)",HIT,0,0.633290
770,HBM brightnessIn =38,HIT,0,0.633766
771,HBM brightnessOut =38,HIT,0,0.634241
772,"Animating brightness: target=38, rate=200",HIT,0,0.634715
773,getRunningAppProcesses: caller 10113 does not hold REAL_GET_TASKS; limiting output,HIT,0,0.635188
774,getTasks: caller 10111 does not hold REAL_GET_TASKS; limiting output,HIT,0,0.635659
775,getTasks: caller 10111 does not hold REAL_GET_TASKS; limiting output,HIT,0,0.636129
776,getTasks: caller 10111 does not hold REAL_GET_TASKS; limiting output,HIT,0,0.636598
777,getTasks: caller 10111 does not hold REAL_GET_TASKS; limiting output,HIT,0,0.637066
778,getRunningAppProcesses: caller 10111 does not hold REAL_GET_TASKS; limiting output,HIT,0,0.637532
779,isMusicActive...,HIT,0,0.637997
780,"sending alarm Alarm{19069ff type 3 when 509169377 PendingIntent{50303cc: PendingIntentRecord{e204f60 com.android.phone broadcastIntent}}},repeatInterval = 0,listenerTag =null",MISS,0,0.637179
781,"ready=true,policy=3,wakefulness=1,wksummary=0x1,uasummary=0x1,bootcompleted=true,boostinprogress=false,waitmodeenable=false,mode=false,manual=38,auto=-1,adj=0.0userId=0",HIT,0,0.637644
782,"Acquiring suspend blocker ""PowerManagerService.WakeLocks"".",HIT,0,0.638107
783,Killing 23484:com.android.calendar/u0a13 (adj 906): empty for 1810s,MISS,0,0.637292
784,"ready=true,policy=3,wakefulness=1,wksummary=0x0,uasummary=0x1,bootcompleted=true,boostinprogress=false,waitmodeenable=false,mode=false,manual=38,auto=-1,adj=0.0userId=0",HIT,0,0.637755
785,"Releasing suspend blocker ""PowerManagerService.WakeLocks"".",HIT,0,0.638217
786,stopWifiDisplayScanLocked record.mWifiDisplayScanRequested=false,MISS,0,0.637405
787,stopWifiDisplayScanLocked mWifiDisplayScanRequestCount=0,HIT,0,0.637865
788,cleanUpApplicationRecord -- 5784,MISS,0,0.637056
789,"cleanUpApplicationRecordLocked, pid: 5784, restart: false",MISS,0,0.636248
790,"cleanUpApplicationRecordLocked, reset pid: 5784, euid: 0",MISS,0,0.635443
791,stopWifiDisplayScanLocked record.mWifiDisplayScanRequested=false,HIT,0,0.635904
792,stopWifiDisplayScanLocked mWifiDisplayScanRequestCount=0,HIT,0,0.636364
793,cleanUpApplicationRecord -- 23484,MISS,0,0.635561
794,"cleanUpApplicationRecordLocked, pid: 23484, restart: false",MISS,0,0.634761
795,"cleanUpApplicationRecordLocked, reset pid: 23484, euid: 0",MISS,0,0.633962
796,stopWifiDisplayScanLocked record.mWifiDisplayScanRequested=false,HIT,0,0.634422
797,stopWifiDisplayScanLocked mWifiDisplayScanRequestCount=0,HIT,0,0.634881
798,cleanUpApplicationRecord -- 5769,MISS,0,0.634085
799,"cleanUpApplicationRecordLocked, pid: 5769, restart: false",MISS,0,0.633292
800,"cleanUpApplicationRecordLocked, reset pid: 5769, euid: 0",MISS,0,0.632500
801,HBM brightnessIn =38,HIT,0,0.632959
802,HBM brightnessOut =38,HIT,0,0.633416
803,"Animating brightness: target=38, rate=200",HIT,0,0.633873
804,HBM brightnessIn =38,HIT,0,0.634328
805,HBM brightnessOut =38,HIT,0,0.634783
806,"Animating brightness: target=38, rate=200",HIT,0,0.635236
807,HBM brightnessIn =38,HIT,0,0.635688
808,HBM brightnessOut =38,HIT,0,0.636139
809,"Animating brightness: target=38, rate=200",HIT,0,0.636588
810,getRunningAppProcesses: caller 10091 does not hold REAL_GET_TASKS; limiting output,HIT,0,0.637037
811,getTasks: caller 10111 does not hold REAL_GET_TASKS; limiting output,HIT,0,0.637485
812,getTasks: caller 10111 does not hold REAL_GET_TASKS; limiting output,HIT,0,0.637931
813,HBM brightnessIn =38,HIT,0,0.638376
814,HBM brightnessOut =38,HIT,0,0.638821
815,"Animating brightness: target=38, rate=200",HIT,0,0.639264
816,HBM brightnessIn =38,HIT,0,0.639706
817,HBM brightnessOut =38,HIT,0,0.640147
818,"Animating brightness: target=38, rate=200",HIT,0,0.640587
819,HBM brightnessIn =38,HIT,0,0.641026
820,HBM brightnessOut =38,HIT,0,0.641463
821,"Animating brightness: target=38, rate=200",HIT,0,0.641900
822,HBM brightnessIn =38,HIT,0,0.642336
823,HBM brightnessOut =38,HIT,0,0.642770
824,"Animating brightness: target=38, rate=200",HIT,0,0.643204
825,getRunningAppProcesses: caller 10113 does not hold REAL_GET_TASKS; limiting output,HIT,0,0.643636
826,getRunningAppProcesses: caller 10113 does not hold REAL_GET_TASKS; limiting output,HIT,0,0.644068
827,HBM brightnessIn =38,HIT,0,0.644498
828,HBM brightnessOut =38,HIT,0,0.644928
829,"Animating brightness: target=38, rate=200",HIT,0,0.645356
830,getRunningAppProcesses: caller 10111 does not hold REAL_GET_TASKS; limiting output,HIT,0,0.645783
831,HBM brightnessIn =38,HIT,0,0.646209
832,HBM brightnessOut =38,HIT,0,0.646635
833,"Animating brightness: target=38, rate=200",HIT,0,0.647059
834,HBM brightnessIn =38,HIT,0,0.647482
835,HBM brightnessOut =38,HIT,0,0.647904
836,"Animating brightness: target=38, rate=200",HIT,0,0.648325
837,isMusicActive...,HIT,0,0.648746
838,HBM brightnessIn =38,HIT,0,0.649165
839,HBM brightnessOut =38,HIT,0,0.649583
840,"Animating brightness: target=38, rate=200",HIT,0,0.650000
841,getRunningAppProcesses: caller 10113 does not hold REAL_GET_TASKS; limiting output,HIT,0,0.650416
842,getRunningAppProcesses: caller 10113 does not hold REAL_GET_TASKS; limiting output,HIT,0,0.650831
843,getRunningAppProcesses: caller 10111 does not hold REAL_GET_TASKS; limiting output,HIT,0,0.651246
844,isMusicActive...,HIT,0,0.651659
845,"ready=true,policy=3,wakefulness=1,wksummary=0x1,uasummary=0x1,bootcompleted=true,boostinprogress=false,waitmodeenable=false,mode=false,manual=38,auto=-1,adj=0.0userId=0",HIT,0,0.652071
846,"Acquiring suspend blocker ""PowerManagerService.WakeLocks"".",HIT,0,0.652482
847,"ready=true,policy=3,wakefulness=1,wksummary=0x0,uasummary=0x1,bootcompleted=true,boostinprogress=false,waitmodeenable=false,mode=false,manual=38,auto=-1,adj=0.0userId=0",HIT,0,0.652893
848,"Releasing suspend blocker ""PowerManagerService.WakeLocks"".",HIT,0,0.653302
849,HBM brightnessIn =38,HIT,0,0.653710
850,HBM brightnessOut =38,HIT,0,0.654118
851,"Animating brightness: target=38, rate=200",HIT,0,0.654524
852,HBM brightnessIn =38,HIT,0,0.654930
853,HBM brightnessOut =38,HIT,0,0.655334
854,"Animating brightness: target=38, rate=200",HIT,0,0.655738
855,"sending alarm Alarm{c1705d3 type 3 when 509202333 PendingIntent{1749923: PendingIntentRecord{9600e20 android broadcastIntent}}},repeatInterval = 0,listenerTag =time_tick",MISS,0,0.654971
856,"ready=true,policy=3,wakefulness=1,wksummary=0x1,uasummary=0x1,bootcompleted=true,boostinprogress=false,waitmodeenable=false,mode=false,manual=38,auto=-1,adj=0.0userId=0",HIT,0,0.655374
857,"Acquiring suspend blocker ""PowerManagerService.WakeLocks"".",HIT,0,0.655776
858,Received TIME_TICK alarm; rescheduling,HIT,0,0.656177
859,scheduleTimeTickEvent triggerAtTime = 509262332,MISS,0,0.655413
860,"updateClipping isOverlap:false, getTopPadding=333.0, Translation=0.0",HIT,0,0.655814
861,updateDimmedActivatedHideSensitive overlap:false,HIT,0,0.656214
862,"updateClipping isOverlap:false, getTopPadding=333.0, Translation=0.0",HIT,0,0.656613
863,updateDimmedActivatedHideSensitive overlap:false,HIT,0,0.657010
864,received broadcast android.intent.action.TIME_TICK,HIT,0,0.657407
865,handleTimeUpdate,MISS,0,0.656647
866,getRunningAppProcesses: caller 10113 does not hold REAL_GET_TASKS; limiting output,HIT,0,0.657044
867,"ready=true,policy=3,wakefulness=1,wksummary=0x0,uasummary=0x1,bootcompleted=true,boostinprogress=false,waitmodeenable=false,mode=false,manual=38,auto=-1,adj=0.0userId=0",HIT,0,0.657439
868,"Releasing suspend blocker ""PowerManagerService.WakeLocks"".",HIT,0,0.657834
869,"acquire lock=134680583, flags=0x1, tag=""RILJ_ACK_WL"", name=com.android.phone, ws=null, uid=1001, pid=2626",MISS,0,0.657077
870,"ready=true,policy=3,wakefulness=1,wksummary=0x1,uasummary=0x1,bootcompleted=true,boostinprogress=false,waitmodeenable=false,mode=false,manual=38,auto=-1,adj=0.0userId=0",HIT,0,0.657471
871,"Acquiring suspend blocker ""PowerManagerService.WakeLocks"".",HIT,0,0.657865
872,remove(PendingIntent{e4e2534: PendingIntentRecord{e204f60 com.android.phone broadcastIntent}}) changed bounds; rebatching,MISS,0,0.657110
873,"release:lock=134680583, flg=0x0, tag=""RILJ_ACK_WL"", name=com.android.phone"", ws=null, uid=1001, pid=2626",MISS,0,0.656357
874,"ready=true,policy=3,wakefulness=1,wksummary=0x0,uasummary=0x1,bootcompleted=true,boostinprogress=false,waitmodeenable=false,mode=false,manual=38,auto=-1,adj=0.0userId=0",HIT,0,0.656751
875,"Releasing suspend blocker ""PowerManagerService.WakeLocks"".",HIT,0,0.657143
876,getRunningAppProcesses: caller 10113 does not hold REAL_GET_TASKS; limiting output,HIT,0,0.657534
877,"acquire lock=134680583, flags=0x1, tag=""RILJ_ACK_WL"", name=com.android.phone, ws=null, uid=1001, pid=2626",MISS,0,0.656784
878,"ready=true,policy=3,wakefulness=1,wksummary=0x1,uasummary=0x1,bootcompleted=true,boostinprogress=false,waitmodeenable=false,mode=false,manual=38,auto=-1,adj=0.0userId=0",HIT,0,0.657175
879,"Acquiring suspend blocker ""PowerManagerService.WakeLocks"".",HIT,0,0.657565
880,"acquire lock=134680583, flags=0x1, tag=""RILJ_ACK_WL"", name=com.android.phone, ws=null, uid=1001, pid=2626",HIT,0,0.657955
881,"ready=true,policy=3,wakefulness=1,wksummary=0x1,uasummary=0x1,bootcompleted=true,boostinprogress=false,waitmodeenable=false,mode=false,manual=38,auto=-1,adj=0.0userId=0",HIT,0,0.658343
882,"ready=true,policy=3,wakefulness=1,wksummary=0x1,uasummary=0x1,bootcompleted=true,boostinprogress=false,waitmodeenable=false,mode=false,manual=38,auto=-1,adj=0.0userId=0",HIT,0,0.658730
883,"ready=true,policy=3,wakefulness=1,wksummary=0x1,uasummary=0x1,bootcompleted=true,boostinprogress=false,waitmodeenable=false,mode=false,manual=38,auto=-1,adj=0.0userId=0",HIT,0,0.659117
884,"ready=true,policy=3,wakefulness=1,wksummary=0x1,uasummary=0x1,bootcompleted=true,boostinprogress=false,waitmodeenable=false,mode=false,manual=38,auto=-1,adj=0.0userId=0",HIT,0,0.659502
885,"ready=true,policy=3,wakefulness=1,wksummary=0x1,uasummary=0x1,bootcompleted=true,boostinprogress=false,waitmodeenable=false,mode=false,manual=38,auto=-1,adj=0.0userId=0",HIT,0,0.659887
886,"ready=true,policy=3,wakefulness=1,wksummary=0x1,uasummary=0x1,bootcompleted=true,boostinprogress=false,waitmodeenable=false,mode=false,manual=38,auto=-1,adj=0.0userId=0",HIT,0,0.660271
887,shouldBlockLocation running ...,HIT,0,0.660654
888,shouldBlockLocation  ret:false,HIT,0,0.661036
889,shouldBlockLocation running ...,HIT,0,0.661417
890,shouldBlockLocation  ret:false,HIT,0,0.661798
891,"release:lock=134680583, flg=0x0, tag=""RILJ_ACK_WL"", name=com.android.phone"", ws=null, uid=1001, pid=2626",MISS,0,0.661055
892,"ready=true,policy=3,wakefulness=1,wksummary=0x0,uasummary=0x1,bootcompleted=true,boostinprogress=false,waitmodeenable=false,mode=false,manual=38,auto=-1,adj=0.0userId=0",HIT,0,0.661435
893,"Releasing suspend blocker ""PowerManagerService.WakeLocks"".",HIT,0,0.661814
894,getNeighboringCellInfo calling app is com.amap.android.ams,HIT,0,0.662192
895,shouldBlockLocation running ...,HIT,0,0.662570
896,shouldBlockLocation  ret:false,HIT,0,0.662946
897,"ready=true,policy=3,wakefulness=1,wksummary=0x1,uasummary=0x1,bootcompleted=true,boostinprogress=false,waitmodeenable=false,mode=false,manual=38,auto=-1,adj=0.0userId=0",HIT,0,0.663322
898,"Acquiring suspend blocker ""PowerManagerService.WakeLocks"".",HIT,0,0.663697
899,"ready=true,policy=3,wakefulness=1,wksummary=0x0,uasummary=0x1,bootcompleted=true,boostinprogress=false,waitmodeenable=false,mode=false,manual=38,auto=-1,adj=0.0userId=0",HIT,0,0.664071
900,"Releasing suspend blocker ""PowerManagerService.WakeLocks"".",HIT,0,0.664444
901,shouldBlockLocation running ...,HIT,0,0.664817
902,shouldBlockLocation  ret:false,HIT,0,0.665188
903,"ready=true,policy=3,wakefulness=1,wksummary=0x1,uasummary=0x1,bootcompleted=true,boostinprogress=false,waitmodeenable=false,mode=false,manual=38,auto=-1,adj=0.0userId=0",HIT,0,0.665559
904,"Acquiring suspend blocker ""PowerManagerService.WakeLocks"".",HIT,0,0.665929
905,"ready=true,policy=3,wakefulness=1,wksummary=0x0,uasummary=0x1,bootcompleted=true,boostinprogress=false,waitmodeenable=false,mode=false,manual=38,auto=-1,adj=0.0userId=0",HIT,0,0.666298
906,"Releasing suspend blocker ""PowerManagerService.WakeLocks"".",HIT,0,0.666667
907,"ready=true,policy=3,wakefulness=1,wksummary=0x1,uasummary=0x1,bootcompleted=true,boostinprogress=false,waitmodeenable=false,mode=false,manual=38,auto=-1,adj=0.0userId=0",HIT,0,0.667034
908,"Acquiring suspend blocker ""PowerManagerService.WakeLocks"".",HIT,0,0.667401
909,"ready=true,policy=3,wakefulness=1,wksummary=0x0,uasummary=0x1,bootcompleted=true,boostinprogress=false,waitmodeenable=false,mode=false,manual=38,auto=-1,adj=0.0userId=0",HIT,0,0.667767
910,"Releasing suspend blocker ""PowerManagerService.WakeLocks"".",HIT,0,0.668132
911,shouldBlockLocation running ...,HIT,0,0.668496
912,shouldBlockLocation  ret:false,HIT,0,0.668860
913,HBM brightnessIn =38,HIT,0,0.669222
914,HBM brightnessOut =38,HIT,0,0.669584
915,"Animating brightness: target=38, rate=200",HIT,0,0.669945
916,Unable to start service Intent { act=com.tencent.android.tpush.action.keepalive cmp=com.qqgame.hlddz/com.tencent.android.tpush.service.XGPushService } U=0: not found,MISS,0,0.669214
917,"ready=true,policy=3,wakefulness=1,wksummary=0x1,uasummary=0x1,bootcompleted=true,boostinprogress=false,waitmodeenable=false,mode=false,manual=38,auto=-1,adj=0.0userId=0",HIT,0,0.669575
918,"Acquiring suspend blocker ""PowerManagerService.WakeLocks"".",HIT,0,0.669935
919,getRunningAppProcesses: caller 10091 does not hold REAL_GET_TASKS; limiting output,HIT,0,0.670294
920,getRunningAppProcesses: caller 10091 does not hold REAL_GET_TASKS; limiting output,HIT,0,0.670652
921,"ready=true,policy=3,wakefulness=1,wksummary=0x0,uasummary=0x1,bootcompleted=true,boostinprogress=false,waitmodeenable=false,mode=false,manual=38,auto=-1,adj=0.0userId=0",HIT,0,0.671010
922,"Releasing suspend blocker ""PowerManagerService.WakeLocks"".",HIT,0,0.671367
923,"acquire lock=120758482, flags=0x1, tag=""RILJ_ACK_WL"", name=com.android.phone, ws=null, uid=1001, pid=2626",MISS,0,0.670639
924,"ready=true,policy=3,wakefulness=1,wksummary=0x1,uasummary=0x1,bootcompleted=true,boostinprogress=false,waitmodeenable=false,mode=false,manual=38,auto=-1,adj=0.0userId=0",HIT,0,0.670996
925,"Acquiring suspend blocker ""PowerManagerService.WakeLocks"".",HIT,0,0.671351
926,"release:lock=120758482, flg=0x0, tag=""RILJ_ACK_WL"", name=com.android.phone"", ws=null, uid=1001, pid=2626",MISS,0,0.670626
927,"ready=true,policy=3,wakefulness=1,wksummary=0x0,uasummary=0x1,bootcompleted=true,boostinprogress=false,waitmodeenable=false,mode=false,manual=38,auto=-1,adj=0.0userId=0",HIT,0,0.670982
928,"Releasing suspend blocker ""PowerManagerService.WakeLocks"".",HIT,0,0.671336
929,"acquire lock=120758482, flags=0x1, tag=""RILJ_ACK_WL"", name=com.android.phone, ws=null, uid=1001, pid=2626",MISS,0,0.670614
930,"ready=true,policy=3,wakefulness=1,wksummary=0x1,uasummary=0x1,bootcompleted=true,boostinprogress=false,waitmodeenable=false,mode=false,manual=38,auto=-1,adj=0.0userId=0",HIT,0,0.670968
931,"Acquiring suspend blocker ""PowerManagerService.WakeLocks"".",HIT,0,0.671321
932,"acquire lock=120758482, flags=0x1, tag=""RILJ_ACK_WL"", name=com.android.phone, ws=null, uid=1001, pid=2626",MISS,0,0.670601
933,"ready=true,policy=3,wakefulness=1,wksummary=0x1,uasummary=0x1,bootcompleted=true,boostinprogress=false,waitmodeenable=false,mode=false,manual=38,auto=-1,adj=0.0userId=0",HIT,0,0.670954
934,"ready=true,policy=3,wakefulness=1,wksummary=0x1,uasummary=0x1,bootcompleted=true,boostinprogress=false,waitmodeenable=false,mode=false,manual=38,auto=-1,adj=0.0userId=0",HIT,0,0.671306
935,"ready=true,policy=3,wakefulness=1,wksummary=0x1,uasummary=0x1,bootcompleted=true,boostinprogress=false,waitmodeenable=false,mode=false,manual=38,auto=-1,adj=0.0userId=0",HIT,0,0.671658
936,"ready=true,policy=3,wakefulness=1,wksummary=0x1,uasummary=0x1,bootcompleted=true,boostinprogress=false,waitmodeenable=false,mode=false,manual=38,auto=-1,adj=0.0userId=0",HIT,0,0.672009
937,"ready=true,policy=3,wakefulness=1,wksummary=0x1,uasummary=0x1,bootcompleted=true,boostinprogress=false,waitmodeenable=false,mode=false,manual=38,auto=-1,adj=0.0userId=0",HIT,0,0.672359
938,"ready=true,policy=3,wakefulness=1,wksummary=0x1,uasummary=0x1,bootcompleted=true,boostinprogress=false,waitmodeenable=false,mode=false,manual=38,auto=-1,adj=0.0userId=0",HIT,0,0.672708
939,shouldBlockLocation running ...,HIT,0,0.673056
940,shouldBlockLocation  ret:false,HIT,0,0.673404
941,shouldBlockLocation running ...,HIT,0,0.673751
942,shouldBlockLocation  ret:false,HIT,0,0.674098
943,getNeighboringCellInfo calling app is com.amap.android.ams,HIT,0,0.674443
944,shouldBlockLocation running ...,HIT,0,0.674788
945,shouldBlockLocation  ret:false,HIT,0,0.675132
946,"ready=true,policy=3,wakefulness=1,wksummary=0x1,uasummary=0x1,bootcompleted=true,boostinprogress=false,waitmodeenable=false,mode=false,manual=38,auto=-1,adj=0.0userId=0",HIT,0,0.675476
947,"release:lock=120758482, flg=0x0, tag=""RILJ_ACK_WL"", name=com.android.phone"", ws=null, uid=1001, pid=2626",HIT,0,0.675818
948,"ready=true,policy=3,wakefulness=1,wksummary=0x1,uasummary=0x1,bootcompleted=true,boostinprogress=false,waitmodeenable=false,mode=false,manual=38,auto=-1,adj=0.0userId=0",HIT,0,0.676160
949,"ready=true,policy=3,wakefulness=1,wksummary=0x0,uasummary=0x1,bootcompleted=true,boostinprogress=false,waitmodeenable=false,mode=false,manual=38,auto=-1,adj=0.0userId=0",HIT,0,0.676502
950,"Releasing suspend blocker ""PowerManagerService.WakeLocks"".",HIT,0,0.676842
951,shouldBlockLocation running ...,HIT,0,0.677182
952,shouldBlockLocation  ret:false,HIT,0,0.677521
953,"ready=true,policy=3,wakefulness=1,wksummary=0x1,uasummary=0x1,bootcompleted=true,boostinprogress=false,waitmodeenable=false,mode=false,manual=38,auto=-1,adj=0.0userId=0",HIT,0,0.677859
954,"Acquiring suspend blocker ""PowerManagerService.WakeLocks"".",HIT,0,0.678197
955,"ready=true,policy=3,wakefulness=1,wksummary=0x0,uasummary=0x1,bootcompleted=true,boostinprogress=false,waitmodeenable=false,mode=false,manual=38,auto=-1,adj=0.0userId=0",HIT,0,0.678534
956,"Releasing suspend blocker ""PowerManagerService.WakeLocks"".",HIT,0,0.678870
957,"ready=true,policy=3,wakefulness=1,wksummary=0x1,uasummary=0x1,bootcompleted=true,boostinprogress=false,waitmodeenable=false,mode=false,manual=38,auto=-1,adj=0.0userId=0",HIT,0,0.679206
958,"Acquiring suspend blocker ""PowerManagerService.WakeLocks"".",HIT,0,0.679541
959,"ready=true,policy=3,wakefulness=1,wksummary=0x0,uasummary=0x1,bootcompleted=true,boostinprogress=false,waitmodeenable=false,mode=false,manual=38,auto=-1,adj=0.0userId=0",HIT,0,0.679875
960,"Releasing suspend blocker ""PowerManagerService.WakeLocks"".",HIT,0,0.680208
961,shouldBlockLocation running ...,HIT,0,0.680541
962,shouldBlockLocation  ret:false,HIT,0,0.680873
963,HBM brightnessIn =38,HIT,0,0.681205
964,HBM brightnessOut =38,HIT,0,0.681535
965,"Animating brightness: target=38, rate=200",HIT,0,0.681865
966,"acquire lock=120758482, flags=0x1, tag=""RILJ_ACK_WL"", name=com.android.phone, ws=null, uid=1001, pid=2626",HIT,0,0.682195
967,"ready=true,policy=3,wakefulness=1,wksummary=0x1,uasummary=0x1,bootcompleted=true,boostinprogress=false,waitmodeenable=false,mode=false,manual=38,auto=-1,adj=0.0userId=0",HIT,0,0.682523
968,"Acquiring suspend blocker ""PowerManagerService.WakeLocks"".",HIT,0,0.682851
969,"acquire lock=120758482, flags=0x1, tag=""RILJ_ACK_WL"", name=com.android.phone, ws=null, uid=1001, pid=2626",HIT,0,0.683179
970,"ready=true,policy=3,wakefulness=1,wksummary=0x1,uasummary=0x1,bootcompleted=true,boostinprogress=false,waitmodeenable=false,mode=false,manual=38,auto=-1,adj=0.0userId=0",HIT,0,0.683505
971,"ready=true,policy=3,wakefulness=1,wksummary=0x1,uasummary=0x1,bootcompleted=true,boostinprogress=false,waitmodeenable=false,mode=false,manual=38,auto=-1,adj=0.0userId=0",HIT,0,0.683831
972,"ready=true,policy=3,wakefulness=1,wksummary=0x1,uasummary=0x1,bootcompleted=true,boostinprogress=false,waitmodeenable=false,mode=false,manual=38,auto=-1,adj=0.0userId=0",HIT,0,0.684156
973,"ready=true,policy=3,wakefulness=1,wksummary=0x1,uasummary=0x1,bootcompleted=true,boostinprogress=false,waitmodeenable=false,mode=false,manual=38,auto=-1,adj=0.0userId=0",HIT,0,0.684481
974,"ready=true,policy=3,wakefulness=1,wksummary=0x1,uasummary=0x1,bootcompleted=true,boostinprogress=false,waitmodeenable=false,mode=false,manual=38,auto=-1,adj=0.0userId=0",HIT,0,0.684805
975,"ready=true,policy=3,wakefulness=1,wksummary=0x1,uasummary=0x1,bootcompleted=true,boostinprogress=false,waitmodeenable=false,mode=false,manual=38,auto=-1,adj=0.0userId=0",HIT,0,0.685128
976,shouldBlockLocation running ...,HIT,0,0.685451
977,shouldBlockLocation  ret:false,HIT,0,0.685773
978,shouldBlockLocation running ...,HIT,0,0.686094
979,shouldBlockLocation  ret:false,HIT,0,0.686415
980,"release:lock=120758482, flg=0x0, tag=""RILJ_ACK_WL"", name=com.android.phone"", ws=null, uid=1001, pid=2626",HIT,0,0.686735
981,"ready=true,policy=3,wakefulness=1,wksummary=0x0,uasummary=0x1,bootcompleted=true,boostinprogress=false,waitmodeenable=false,mode=false,manual=38,auto=-1,adj=0.0userId=0",HIT,0,0.687054
982,"Releasing suspend blocker ""PowerManagerService.WakeLocks"".",HIT,0,0.687373
983,getNeighboringCellInfo calling app is com.amap.android.ams,HIT,0,0.687691
984,shouldBlockLocation running ...,HIT,0,0.688008
985,shouldBlockLocation  ret:false,HIT,0,0.688325
986,"ready=true,policy=3,wakefulness=1,wksummary=0x1,uasummary=0x1,bootcompleted=true,boostinprogress=false,waitmodeenable=false,mode=false,manual=38,auto=-1,adj=0.0userId=0",HIT,0,0.688641
987,"Acquiring suspend blocker ""PowerManagerService.WakeLocks"".",HIT,0,0.688956
988,"ready=true,policy=3,wakefulness=1,wksummary=0x0,uasummary=0x1,bootcompleted=true,boostinprogress=false,waitmodeenable=false,mode=false,manual=38,auto=-1,adj=0.0userId=0",HIT,0,0.689271
989,"Releasing suspend blocker ""PowerManagerService.WakeLocks"".",HIT,0,0.689585
990,shouldBlockLocation running ...,HIT,0,0.689899
991,shouldBlockLocation  ret:false,HIT,0,0.690212
992,shouldBlockLocation running ...,HIT,0,0.690524
993,shouldBlockLocation  ret:false,HIT,0,0.690836
994,HBM brightnessIn =38,HIT,0,0.691147
995,HBM brightnessOut =38,HIT,0,0.691457
996,"Animating brightness: target=38, rate=200",HIT,0,0.691767
997,HBM brightnessIn =38,HIT,0,0.692076
998,HBM brightnessOut =38,HIT,0,0.692385
999,"Animating brightness: target=38, rate=200",HIT,0,0.692693
1000,getRunningAppProcesses: caller 10111 does not hold REAL_GET_TASKS; limiting output,HIT,0,0.693000
1001,unregisterAudioFocusListener...,MISS,0,0.692308
1002,abandonAudioFocus,MISS,0,0.691617
1003,"[HSM] stayAwake false uid: 10111, pid: 28601",MISS,0,0.690927
1004,Pid:28601 MediaPlayer destructor,MISS,0,0.690239
1005,getRunningAppProcesses: caller 10111 does not hold REAL_GET_TASKS; limiting output,HIT,0,0.690547
1006,getRunningAppProcesses: caller 10111 does not hold REAL_GET_TASKS; limiting output,HIT,0,0.690855
1007,stopWifiDisplayScanLocked record.mWifiDisplayScanRequested=false,HIT,0,0.691162
1008,stopWifiDisplayScanLocked mWifiDisplayScanRequestCount=0,HIT,0,0.691468
1009,Process com.tencent.mobileqq:qzone (pid 12236) has died,MISS,0,0.690783
1010,cleanUpApplicationRecord -- 12236,MISS,0,0.690099
1011,Scheduling restart of crashed service com.tencent.mobileqq/cooperation.qzone.remote.logic.QzoneWebPluginProxyService in 1000ms,MISS,0,0.689416
1012,"cleanUpApplicationRecordLocked, pid: 12236, restart: false",MISS,0,0.688735
1013,"cleanUpApplicationRecordLocked, reset pid: 12236, euid: 0",MISS,0,0.688055
1014,getTasks: caller 10111 does not hold REAL_GET_TASKS; limiting output,HIT,0,0.688363
1015,isMusicActive...,HIT,0,0.688670
1016,HBM brightnessIn =38,HIT,0,0.688976
1017,HBM brightnessOut =38,HIT,0,0.689282
1018,"Animating brightness: target=38, rate=200",HIT,0,0.689587
1019,HBM brightnessIn =38,HIT,0,0.689892
1020,HBM brightnessOut =38,HIT,0,0.690196
1021,"Animating brightness: target=38, rate=200",HIT,0,0.690500
1022,HBM brightnessIn =38,HIT,0,0.690802
1023,HBM brightnessOut =38,HIT,0,0.691105
1024,"Animating brightness: target=38, rate=200",HIT,0,0.691406
1025,"new Process app=ProcessRecord{6eaaf00 0:com.tencent.mobileqq:qzone/u0a111}, name: com.tencent.mobileqq:qzone, euid: 0",MISS,0,0.690732
1026,Start proc 13003:com.tencent.mobileqq:qzone/u0a111 for service com.tencent.mobileqq/cooperation.qzone.remote.logic.QzoneWebPluginProxyService,MISS,0,0.690058
1027,"ActivityManagerService,attachApplication,callingPid = 13003",MISS,0,0.689387
1028,getRunningAppProcesses: caller 10111 does not hold REAL_GET_TASKS; limiting output,HIT,0,0.689689
1029,getRunningAppProcesses: caller 10111 does not hold REAL_GET_TASKS; limiting output,HIT,0,0.689990
1030,HBM brightnessIn =38,HIT,0,0.690291
1031,HBM brightnessOut =38,HIT,0,0.690592
1032,"Animating brightness: target=38, rate=200",HIT,0,0.690891
1033,getRunningAppProcesses: caller 10111 does not hold REAL_GET_TASKS; limiting output,HIT,0,0.691191
1034,HBM brightnessIn =38,HIT,0,0.691489
1035,HBM brightnessOut =38,HIT,0,0.691787
1036,"Animating brightness: target=38, rate=200",HIT,0,0.692085
1037,getRunningAppProcesses: caller 10113 does not hold REAL_GET_TASKS; limiting output,HIT,0,0.692382
1038,getRunningAppProcesses: caller 10111 does not hold REAL_GET_TASKS; limiting output,HIT,0,0.692678
1039,getRunningAppProcesses: caller 10111 does not hold REAL_GET_TASKS; limiting output,HIT,0,0.692974
1040,getRunningAppProcesses: caller 10111 does not hold REAL_GET_TASKS; limiting output,HIT,0,0.693269
1041,getRunningAppProcesses: caller 10111 does not hold REAL_GET_TASKS; limiting output,HIT,0,0.693564
1042,getRunningAppProcesses: caller 10111 does not hold REAL_GET_TASKS; limiting output,HIT,0,0.693858
1043,getRunningAppProcesses: caller 10111 does not hold REAL_GET_TASKS; limiting output,HIT,0,0.694151
1044,getRunningAppProcesses: caller 10111 does not hold REAL_GET_TASKS; limiting output,HIT,0,0.694444
1045,getRunningAppProcesses: caller 10111 does not hold REAL_GET_TASKS; limiting output,HIT,0,0.694737
1046,getRunningAppProcesses: caller 10111 does not hold REAL_GET_TASKS; limiting output,HIT,0,0.695029
1047,getRunningAppProcesses: caller 10111 does not hold REAL_GET_TASKS; limiting output,HIT,0,0.695320
1048,getRunningAppProcesses: caller 10111 does not hold REAL_GET_TASKS; limiting output,HIT,0,0.695611
1049,getRunningAppProcesses: caller 10113 does not hold REAL_GET_TASKS; limiting output,HIT,0,0.695901
1050,getRunningAppProcesses: caller 10113 does not hold REAL_GET_TASKS; limiting output,HIT,0,0.696190
1051,HBM brightnessIn =38,HIT,0,0.696480
1052,HBM brightnessOut =38,HIT,0,0.696768
1053,"Animating brightness: target=38, rate=200",HIT,0,0.697056
1054,getTasks: caller 10111 does not hold REAL_GET_TASKS; limiting output,HIT,0,0.697343
1055,getTasks: caller 10111 does not hold REAL_GET_TASKS; limiting output,HIT,0,0.697630
1056,getTasks: caller 10111 does not hold REAL_GET_TASKS; limiting output,HIT,0,0.697917
1057,getRunningAppProcesses: caller 10111 does not hold REAL_GET_TASKS; limiting output,HIT,0,0.698202
1058,"userActivityNoUpdateLocked: eventTime=261949797, event=2, flags=0x0, uid=1000",MISS,0,0.697543
1059,"ready=true,policy=3,wakefulness=1,wksummary=0x0,uasummary=0x1,bootcompleted=true,boostinprogress=false,waitmodeenable=false,mode=false,manual=38,auto=-1,adj=0.0userId=0",HIT,0,0.697828
1060,suspendAutohide,HIT,0,0.698113
1061,interceptKeyTq keycode=4 interactive=true keyguardActive=false policyFlags=2b000002 down true canceled false,MISS,0,0.697455
1062,"interceptKeyBeforeQueueing: key 4 , result : 1",HIT,0,0.697740
1063,"userActivityNoUpdateLocked: eventTime=261949805, event=1, flags=0x0, uid=1000",MISS,0,0.697084
1064,"ready=true,policy=3,wakefulness=1,wksummary=0x0,uasummary=0x1,bootcompleted=true,boostinprogress=false,waitmodeenable=false,mode=false,manual=38,auto=-1,adj=0.0userId=0",HIT,0,0.697368
1065,Destroying surface Surface(name=PopupWindow:317e46) called by com.android.server.wm.WindowStateAnimator.destroySurface:2060 com.android.server.wm.WindowStateAnimator.destroySurfaceLocked:913 com.android.server.wm.WindowState.removeLocked:1554 com.android.server.wm.WindowManagerService.removeWindowInnerLocked:2739 com.android.server.wm.WindowManagerService.removeWindowInnerLocked:2702 com.android.server.wm.WindowManagerService.removeWindowLocked:2691 com.android.server.wm.WindowManagerService.removeWindowLocked:2560 com.android.server.wm.WindowManagerService.removeWindow:2555,HIT,0,0.697653
1066,setLightsOn(true),HIT,0,0.697936
1067,"setSystemUiVisibility vis=0 mask=1 oldVal=40000500 newVal=40000500 diff=0 fullscreenStackVis=0 dockedStackVis=0, fullscreenStackBounds=Rect(0, 0 - 0, 0), dockedStackBounds=Rect(0, 0 - 0, 0)",HIT,0,0.698219
1068,resumeSuspendedAutohide,MISS,0,0.697566
1069,interceptKeyTq keycode=4 interactive=true keyguardActive=false policyFlags=2b000002 down false canceled false,MISS,0,0.696913
1070,"interceptKeyBeforeQueueing: key 4 , result : 1",HIT,0,0.697196
1071,querySoundEffectsEnabled...,HIT,0,0.697479
1072,setLightsOn(true),HIT,0,0.697761
1073,"setSystemUiVisibility vis=0 mask=1 oldVal=40000500 newVal=40000500 diff=0 fullscreenStackVis=0 dockedStackVis=0, fullscreenStackBounds=Rect(0, 0 - 0, 0), dockedStackBounds=Rect(0, 0 - 0, 0)",HIT,0,0.698043
1074,setLightsOn(true),HIT,0,0.698324
1075,"setSystemUiVisibility vis=0 mask=1 oldVal=40000500 newVal=40000500 diff=0 fullscreenStackVis=0 dockedStackVis=0, fullscreenStackBounds=Rect(0, 0 - 0, 0), dockedStackBounds=Rect(0, 0 - 0, 0)",HIT,0,0.698605
1076,setLightsOn(true),HIT,0,0.698885
1077,"setSystemUiVisibility vis=0 mask=1 oldVal=40000500 newVal=40000500 diff=0 fullscreenStackVis=0 dockedStackVis=0, fullscreenStackBounds=Rect(0, 0 - 0, 0), dockedStackBounds=Rect(0, 0 - 0, 0)",HIT,0,0.699164
1078,setLightsOn(true),HIT,0,0.699443
1079,"setSystemUiVisibility vis=0 mask=1 oldVal=40000500 newVal=40000500 diff=0 fullscreenStackVis=0 dockedStackVis=0, fullscreenStackBounds=Rect(0, 0 - 0, 0), dockedStackBounds=Rect(0, 0 - 0, 0)",HIT,0,0.699722
1080,Destroying surface Surface(name=InputMethod) called by com.android.server.wm.WindowStateAnimator.destroySurface:2060 com.android.server.wm.WindowStateAnimator.destroySurfaceLocked:913 com.android.server.wm.WindowState.destroyOrSaveSurface:2201 com.android.server.wm.WindowSurfacePlacer.performSurfacePlacementInner:517 com.android.server.wm.WindowSurfacePlacer.performSurfacePlacementLoop:291 com.android.server.wm.WindowSurfacePlacer.performSurfacePlacement:233 com.android.server.wm.WindowManagerService$H.handleMessage:8670 android.os.Handler.dispatchMessage:105,MISS,0,0.699074
1081,suspendAutohide,HIT,0,0.699352
1082,interceptKeyTq keycode=4 interactive=true keyguardActive=false policyFlags=2b000002 down true canceled false,HIT,0,0.699630
1083,"interceptKeyBeforeQueueing: key 4 , result : 1",HIT,0,0.699908
1084,setLightsOn(true),HIT,0,0.700185
1085,"setSystemUiVisibility vis=0 mask=1 oldVal=40000500 newVal=40000500 diff=0 fullscreenStackVis=0 dockedStackVis=0, fullscreenStackBounds=Rect(0, 0 - 0, 0), dockedStackBounds=Rect(0, 0 - 0, 0)",HIT,0,0.700461
1086,resumeSuspendedAutohide,HIT,0,0.700737
1087,interceptKeyTq keycode=4 interactive=true keyguardActive=false policyFlags=2b000002 down false canceled false,HIT,0,0.701012
1088,"interceptKeyBeforeQueueing: key 4 , result : 1",HIT,0,0.701287
1089,querySoundEffectsEnabled...,HIT,0,0.701561
1090,isMusicActive...,HIT,0,0.701835
1091,"userActivityNoUpdateLocked: eventTime=261950783, event=2, flags=0x0, uid=1000",MISS,0,0.701192
1092,"ready=true,policy=3,wakefulness=1,wksummary=0x0,uasummary=0x1,bootcompleted=true,boostinprogress=false,waitmodeenable=false,mode=false,manual=38,auto=-1,adj=0.0userId=0",HIT,0,0.701465
1093,suspendAutohide,HIT,0,0.701738
1094,interceptKeyTq keycode=3 interactive=true keyguardActive=false policyFlags=2b000002 down true canceled false,MISS,0,0.701097
1095,"interceptKeyBeforeQueueing: key 3 , result : 1",MISS,0,0.700457
1096,"userActivityNoUpdateLocked: eventTime=261950787, event=1, flags=0x0, uid=1000",MISS,0,0.699818
1097,"ready=true,policy=3,wakefulness=1,wksummary=0x0,uasummary=0x1,bootcompleted=true,boostinprogress=false,waitmodeenable=false,mode=false,manual=38,auto=-1,adj=0.0userId=0",HIT,0,0.700091
1098,resumeSuspendedAutohide,HIT,0,0.700364
1099,"userActivityNoUpdateLocked: eventTime=261950887, event=0, flags=0x0, uid=1000",MISS,0,0.699727
1100,"ready=true,policy=3,wakefulness=1,wksummary=0x0,uasummary=0x1,bootcompleted=true,boostinprogress=false,waitmodeenable=false,mode=false,manual=38,auto=-1,adj=0.0userId=0",HIT,0,0.700000
1101,interceptKeyTq keycode=3 interactive=true keyguardActive=false policyFlags=2b000002 down false canceled false,MISS,0,0.699364
1102,"interceptKeyBeforeQueueing: key 3 , result : 1",HIT,0,0.699637
1103,querySoundEffectsEnabled...,HIT,0,0.699909
1104,"userActivityNoUpdateLocked: eventTime=261950909, event=0, flags=0x0, uid=1000",MISS,0,0.699275
1105,"ready=true,policy=3,wakefulness=1,wksummary=0x0,uasummary=0x1,bootcompleted=true,boostinprogress=false,waitmodeenable=false,mode=false,manual=38,auto=-1,adj=0.0userId=0",HIT,0,0.699548
1106,"animateCollapsePanels:flags=0, force=false, delayed=false, mExpandedVisible=false",MISS,0,0.698915
1107,closeQs,MISS,0,0.698284
1108,cancelPeek: false,HIT,0,0.698556
1109,instantCollapse,MISS,0,0.697926
1110,cancelPeek: false,HIT,0,0.698198
1111,setLightsOn(true),HIT,0,0.698470
1112,"setSystemUiVisibility vis=0 mask=1 oldVal=40000500 newVal=40000500 diff=0 fullscreenStackVis=0 dockedStackVis=0, fullscreenStackBounds=Rect(0, 0 - 0, 0), dockedStackBounds=Rect(0, 0 - 0, 0)",HIT,0,0.698741
1113,"acquire lock=189667585, flags=0x1, tag=""*launch*"", name=android, ws=WorkSource{10057}, uid=1000, pid=1702",MISS,0,0.698113
1114,"ready=true,policy=3,wakefulness=1,wksummary=0x1,uasummary=0x1,bootcompleted=true,boostinprogress=false,waitmodeenable=false,mode=false,manual=38,auto=-1,adj=0.0userId=0",HIT,0,0.698384
1115,"Acquiring suspend blocker ""PowerManagerService.WakeLocks"".",HIT,0,0.698655
1116,setLightsOn(true),HIT,0,0.698925
1117,"setSystemUiVisibility vis=0 mask=1 oldVal=40000500 newVal=40000500 diff=0 fullscreenStackVis=0 dockedStackVis=0, fullscreenStackBounds=Rect(0, 0 - 0, 0), dockedStackBounds=Rect(0, 0 - 0, 0)",HIT,0,0.699194
1118,setLightsOn(true),HIT,0,0.699463
1119,"setSystemUiVisibility vis=0 mask=1 oldVal=40000500 newVal=40000500 diff=0 fullscreenStackVis=0 dockedStackVis=0, fullscreenStackBounds=Rect(0, 0 - 0, 0), dockedStackBounds=Rect(0, 0 - 0, 0)",HIT,0,0.699732
1120,setLightsOn(true),HIT,0,0.700000
1121,"setSystemUiVisibility vis=0 mask=1 oldVal=40000500 newVal=40000500 diff=0 fullscreenStackVis=0 dockedStackVis=0, fullscreenStackBounds=Rect(0, 0 - 0, 0), dockedStackBounds=Rect(0, 0 - 0, 0)",HIT,0,0.700268
1122,HBM brightnessIn =38,HIT,0,0.700535
1123,HBM brightnessOut =38,HIT,0,0.700801
1124,"Animating brightness: target=38, rate=200",HIT,0,0.701068
1125,"Taking screenshot from Surface with crop:[Rect(0, 48 - 720, 1208)], width:[432], height:[696], minLayer:[21000], maxLayer:[21080], inRotation:[false], rot:[0]",MISS,0,0.700444
1126,The change in focus caused us to need to do a layout begin,MISS,0,0.699822
1127,The change in focus caused us to need to do a layout end,MISS,0,0.699201
1128,"setSystemUiVisibility vis=708 mask=ffffffff oldVal=40000500 newVal=708 diff=40000208 fullscreenStackVis=0 dockedStackVis=0, fullscreenStackBounds=Rect(0, 0 - 720, 1280), dockedStackBounds=Rect(0, 0 - 0, 0)",MISS,0,0.698582
1129,cancelAutohide,HIT,0,0.698849
1130,"notifyUiVisibilityChanged:vis=0x708, SystemUiVisibility=0x708",MISS,0,0.698230
1131,"updateClipping isOverlap:false, getTopPadding=333.0, Translation=0.0",HIT,0,0.698497
1132,updateDimmedActivatedHideSensitive overlap:false,HIT,0,0.698763
1133,"Skipping, withExcluded: false, tr.intent:Intent { flg=0x10804000 cmp=com.android.systemui/.recents.RecentsActivity bnds=[264,444][920,908] }",HIT,0,0.699029
1134,"Skipping, withExcluded: false, tr.intent:Intent { act=android.intent.action.MAIN flg=0x10840000 cmp=com.android.incallui/.InCallActivity (has extras) }",MISS,0,0.698413
1135,"Skipping, withExcluded: false, tr.intent:Intent { flg=0x18800000 cmp=com.tencent.mm/.plugin.base.stub.WXEntryActivity (has extras) }",HIT,0,0.698678
1136,"Skipping, withExcluded: false, tr.intent:Intent { flg=0x10800000 cmp=com.tencent.qqmusic/.business.lockscreen.LockScreenActivity (has extras) }",MISS,0,0.698063
1137,"Skipping, withExcluded: false, tr.intent:Intent { act=com.android.contacts.action.CHOOSE_SUB dat=tel:xxxxxxxxxxx flg=0x10808000 cmp=com.android.contacts/.ChooseSubActivity (has extras) }",MISS,0,0.697449
1138,"Skipping, withExcluded: false, tr.intent:Intent { act=android.intent.action.VIEW dat=file:///storage/emulated/0/Tencent/QQfile_recv/b.apk typ=application/vnd.android.package-archive flg=0x10800000 cmp=com.android.packageinstaller/.PackageInstallerActivity (has extras) }",MISS,0,0.696837
1139,"getRecentTasks: num=20,flags=62,totalTasks=46",MISS,0,0.696225
1140,getRecentTasks: topActivity=ComponentInfo{com.tencent.mobileqq/com.tencent.mobileqq.activity.SplashActivity},MISS,0,0.695614
1141,"Skipping, withExcluded: false, tr.intent:Intent { flg=0x10804000 cmp=com.android.systemui/.recents.RecentsActivity bnds=[264,444][920,908] }",HIT,0,0.695881
1142,"Skipping, withExcluded: false, tr.intent:Intent { act=android.intent.action.MAIN flg=0x10840000 cmp=com.android.incallui/.InCallActivity (has extras) }",HIT,0,0.696147
1143,"Skipping, withExcluded: false, tr.intent:Intent { flg=0x18800000 cmp=com.tencent.mm/.plugin.base.stub.WXEntryActivity (has extras) }",HIT,0,0.696413
1144,"getRecentTasks: num=10,flags=62,totalTasks=46",MISS,0,0.695804
1145,getRecentTasks: topActivity=ComponentInfo{com.tencent.mobileqq/com.tencent.mobileqq.activity.SplashActivity},MISS,0,0.695197
1146,"setSystemUiVisibility vis=c0000700 mask=ffffffff oldVal=708 newVal=c0000700 diff=c0000008 fullscreenStackVis=0 dockedStackVis=0, fullscreenStackBounds=Rect(0, 0 - 720, 1280), dockedStackBounds=Rect(0, 0 - 0, 0)",MISS,0,0.694590
1147,cancelAutohide,HIT,0,0.694856
1148,"notifyUiVisibilityChanged:vis=0xc0000700, SystemUiVisibility=0xc0000700",MISS,0,0.694251
1149,"release:lock=189667585, flg=0x0, tag=""*launch*"", name=android"", ws=WorkSource{10057}, uid=1000, pid=1702",MISS,0,0.693647
1150,"ready=true,policy=3,wakefulness=1,wksummary=0x0,uasummary=0x1,bootcompleted=true,boostinprogress=false,waitmodeenable=false,mode=false,manual=38,auto=-1,adj=0.0userId=0",HIT,0,0.693913
1151,"Releasing suspend blocker ""PowerManagerService.WakeLocks"".",HIT,0,0.694179
1152,shouldBlockLocation running ...,HIT,0,0.694444
1153,shouldBlockLocation  ret:false,HIT,0,0.694709
1154,getRunningAppProcesses: caller 10027 does not hold REAL_GET_TASKS; limiting output,MISS,0,0.694107
1155,getTasks: caller 10111 does not hold REAL_GET_TASKS; limiting output,HIT,0,0.694372
1156,"ActivityManagerService,attachApplication,callingPid = 13094",MISS,0,0.693772
1157,getTasks: caller 10111 does not hold REAL_GET_TASKS; limiting output,HIT,0,0.694036
1158,shouldBlockLocation running ...,HIT,0,0.694301
1159,shouldBlockLocation  ret:false,HIT,0,0.694564
1160,Destroying surface Surface(name=com.tencent.mobileqq/com.tencent.mobileqq.activity.SplashActivity) called by com.android.server.wm.WindowStateAnimator.destroySurface:2060 com.android.server.wm.WindowStateAnimator.destroySurfaceLocked:913 com.android.server.wm.WindowState.destroyOrSaveSurface:2201 com.android.server.wm.AppWindowToken.destroySurfaces:374 com.android.server.wm.AppWindowToken.notifyAppStopped:400 com.android.server.wm.WindowManagerService.notifyAppStopped:4869 com.android.server.am.ActivityStack.activityStoppedLocked:1393 com.android.server.am.ActivityManagerService.activityStopped:7690,MISS,0,0.693966
1161,getRunningAppProcesses: caller 10111 does not hold REAL_GET_TASKS; limiting output,HIT,0,0.694229
1162,getRunningAppProcesses: caller 10027 does not hold REAL_GET_TASKS; limiting output,HIT,0,0.694492
1163,getRunningAppProcesses: caller 10027 does not hold REAL_GET_TASKS; limiting output,HIT,0,0.694755
1164,getRunningAppProcesses: caller 10027 does not hold REAL_GET_TASKS; limiting output,HIT,0,0.695017
1165,shouldBlockLocation running ...,HIT,0,0.695279
1166,shouldBlockLocation  ret:false,HIT,0,0.695540
1167,"ready=true,policy=3,wakefulness=1,wksummary=0x1,uasummary=0x1,bootcompleted=true,boostinprogress=false,waitmodeenable=false,mode=false,manual=38,auto=-1,adj=0.0userId=0",HIT,0,0.695801
1168,"Acquiring suspend blocker ""PowerManagerService.WakeLocks"".",HIT,0,0.696062
1169,"ready=true,policy=3,wakefulness=1,wksummary=0x0,uasummary=0x1,bootcompleted=true,boostinprogress=false,waitmodeenable=false,mode=false,manual=38,auto=-1,adj=0.0userId=0",HIT,0,0.696322
1170,"Releasing suspend blocker ""PowerManagerService.WakeLocks"".",HIT,0,0.696581
1171,"ready=true,policy=3,wakefulness=1,wksummary=0x1,uasummary=0x1,bootcompleted=true,boostinprogress=false,waitmodeenable=false,mode=false,manual=38,auto=-1,adj=0.0userId=0",HIT,0,0.696840
1172,"Acquiring suspend blocker ""PowerManagerService.WakeLocks"".",HIT,0,0.697099
1173,"ready=true,policy=3,wakefulness=1,wksummary=0x0,uasummary=0x1,bootcompleted=true,boostinprogress=false,waitmodeenable=false,mode=false,manual=38,auto=-1,adj=0.0userId=0",HIT,0,0.697357
1174,"Releasing suspend blocker ""PowerManagerService.WakeLocks"".",HIT,0,0.697615
1175,shouldBlockLocation running ...,HIT,0,0.697872
1176,shouldBlockLocation  ret:false,HIT,0,0.698129
1177,getRunningAppProcesses: caller 10027 does not hold REAL_GET_TASKS; limiting output,HIT,0,0.698386
1178,getRunningAppProcesses: caller 10027 does not hold REAL_GET_TASKS; limiting output,HIT,0,0.698642
1179,shouldBlockLocation running ...,HIT,0,0.698897
1180,shouldBlockLocation  ret:false,HIT,0,0.699153
1181,shouldBlockLocation running ...,HIT,0,0.699407
1182,shouldBlockLocation  ret:false,HIT,0,0.699662
1183,getRunningAppProcesses: caller 10027 does not hold REAL_GET_TASKS; limiting output,HIT,0,0.699915
1184,stopWifiDisplayScanLocked record.mWifiDisplayScanRequested=false,HIT,0,0.700169
1185,stopWifiDisplayScanLocked mWifiDisplayScanRequestCount=0,HIT,0,0.700422
1186,cleanUpApplicationRecord -- 13094,MISS,0,0.699831
1187,"cleanUpApplicationRecordLocked, pid: 13094, restart: false",MISS,0,0.699242
1188,"cleanUpApplicationRecordLocked, reset pid: 13094, euid: 0",MISS,0,0.698653
1189,shouldBlockLocation running ...,HIT,0,0.698907
1190,shouldBlockLocation  ret:false,HIT,0,0.699160
1191,HBM brightnessIn =38,HIT,0,0.699412
1192,HBM brightnessOut =38,HIT,0,0.699664
1193,"Animating brightness: target=38, rate=200",HIT,0,0.699916
1194,HBM brightnessIn =38,HIT,0,0.700168
1195,HBM brightnessOut =38,HIT,0,0.700418
1196,"Animating brightness: target=38, rate=200",HIT,0,0.700669
1197,HBM brightnessIn =38,HIT,0,0.700919
1198,HBM brightnessOut =38,HIT,0,0.701169
1199,"Animating brightness: target=38, rate=200",HIT,0,0.701418
1200,shouldBlockLocation running ...,HIT,0,0.701667
1201,shouldBlockLocation  ret:false,HIT,0,0.701915
1202,HBM brightnessIn =38,HIT,0,0.702163
1203,HBM brightnessOut =38,HIT,0,0.702411
1204,"Animating brightness: target=38, rate=200",HIT,0,0.702658
1205,HBM brightnessIn =38,HIT,0,0.702905
1206,HBM brightnessOut =38,HIT,0,0.703151
1207,"Animating brightness: target=38, rate=200",HIT,0,0.703397
1208,HBM brightnessIn =38,HIT,0,0.703642
1209,HBM brightnessOut =38,HIT,0,0.703888
1210,"Animating brightness: target=38, rate=200",HIT,0,0.704132
1211,getTasks: caller 10111 does not hold REAL_GET_TASKS; limiting output,HIT,0,0.704377
1212,HBM brightnessIn =38,HIT,0,0.704620
1213,HBM brightnessOut =38,HIT,0,0.704864
1214,"Animating brightness: target=38, rate=200",HIT,0,0.705107
1215,HBM brightnessIn =38,HIT,0,0.705350
1216,HBM brightnessOut =38,HIT,0,0.705592
1217,"Animating brightness: target=38, rate=200",HIT,0,0.705834
1218,HBM brightnessIn =38,HIT,0,0.706076
1219,HBM brightnessOut =38,HIT,0,0.706317
1220,"Animating brightness: target=38, rate=200",HIT,0,0.706557
1221,HBM brightnessIn =38,HIT,0,0.706798
1222,HBM brightnessOut =38,HIT,0,0.707038
1223,"Animating brightness: target=38, rate=200",HIT,0,0.707277
1224,getTasks: caller 10111 does not hold REAL_GET_TASKS; limiting output,HIT,0,0.707516
1225,"cancelNotificationWithTag pid 28601,uid = 10111,tag = null,pkg =com.tencent.mobileqq,id =121",MISS,0,0.706939
1226,"cancelNotification,index:-1",HIT,0,0.707178
1227,"cancelNotificationWithTag pid 28601,uid = 10111,tag = null,pkg =com.tencent.mobileqq,id =119",MISS,0,0.706601
1228,"cancelNotification,index:-1",HIT,0,0.706840
1229,enqueueNotificationInternal: pkg=com.tencent.mobileqq id=121 notification=Notification(pri=1 contentView=null vibrate=[100] sound=null tick defaults=0x0 flags=0x11 color=0x00000000 vis=PRIVATE),MISS,0,0.706265
1230,enqueueNotificationInternal: n.getKey = 0|com.tencent.mobileqq|121|null|10111,MISS,0,0.705691
1231,getRingerMode...,MISS,0,0.705118
1232,"updateLightsLocked,mInCall =false,mScreenOn = true,ledNotification == null?false",MISS,0,0.704545
1233,"updateLightsLocked,turn off notificationLight",HIT,0,0.704785
1234,addNotification key=0|com.tencent.mobileqq|121|null|10111,MISS,0,0.704214
1235,mHeadsUpExistenceChangedRunnable,MISS,0,0.703644
1236,disable: < expand ICONS* alerts SYSTEM_INFO* back home recent clock navigationbar search quick_settings >,MISS,0,0.703074
1237,suspendAutohide,HIT,0,0.703314
1238,"updateNotificationShade: total=0, active=0",MISS,0,0.702746
1239,removeNotificationChildren,HIT,0,0.702986
1240,"updateNotificationShade: total=1, active=1",MISS,0,0.702419
1241,removeNotificationChildren,HIT,0,0.702659
1242,Marking notification as seen 0|com.tencent.mobileqq|121|null|10111,MISS,0,0.702093
1243,onNotificationExpansionChanged called,MISS,0,0.701529
1244,"updateClipping isOverlap:false, getTopPadding=333.0, Translation=-429.0",MISS,0,0.700965
1245,updateDimmedActivatedHideSensitive overlap:false,HIT,0,0.701205
1246,"updateClipping isOverlap:false, getTopPadding=333.0, Translation=-497.0",MISS,0,0.700642
1247,updateDimmedActivatedHideSensitive overlap:false,HIT,0,0.700882
1248,getRunningAppProcesses: caller 10091 does not hold REAL_GET_TASKS; limiting output,HIT,0,0.701122
1249,"updateClipping isOverlap:false, getTopPadding=333.0, Translation=-497.0",MISS,0,0.700560
1250,updateDimmedActivatedHideSensitive overlap:false,HIT,0,0.700800
1251,logNotificationVisibilityChanges runInThread start,MISS,0,0.700240
1252,onNotificationVisibilityChanged called,MISS,0,0.699681
1253,logNotificationVisibilityChanges runInThread over,MISS,0,0.699122
1254,HBM brightnessIn =38,HIT,0,0.699362
1255,HBM brightnessOut =38,HIT,0,0.699602
1256,"Animating brightness: target=38, rate=200",HIT,0,0.699841
1257,"userActivityNoUpdateLocked: eventTime=261961476, event=2, flags=0x0, uid=1000",MISS,0,0.699284
1258,"ready=true,policy=3,wakefulness=1,wksummary=0x0,uasummary=0x1,bootcompleted=true,boostinprogress=false,waitmodeenable=false,mode=false,manual=38,auto=-1,adj=0.0userId=0",HIT,0,0.699523
1259,playSoundEffect   effectType: 0,HIT,0,0.699762
1260,querySoundEffectsEnabled...,HIT,0,0.700000
1261,"START u0 {act=android.intent.action.MAIN cat=[android.intent.category.LAUNCHER] flg=0x10200000 cmp=com.example.android.notepad/.NotePadActivity bnds=[8,820][184,1011]} from uid 10057 on display 0",MISS,0,0.699445
1262,"ActivityRecord info: ActivityInfo{f39182 com.example.android.notepad.NotePadActivity}, euid: 0",MISS,0,0.698891
1263,"acquire lock=189667585, flags=0x1, tag=""*launch*"", name=android, ws=WorkSource{10020}, uid=1000, pid=1702",MISS,0,0.698337
1264,"ready=true,policy=3,wakefulness=1,wksummary=0x1,uasummary=0x1,bootcompleted=true,boostinprogress=false,waitmodeenable=false,mode=false,manual=38,auto=-1,adj=0.0userId=0",HIT,0,0.698576
1265,"Acquiring suspend blocker ""PowerManagerService.WakeLocks"".",HIT,0,0.698814
1266,"rotationForOrientationLw(orient=-1, last=0); user=0 USER_ROTATION_LOCKED",MISS,0,0.698262
1267,"Application requested orientation -1, got rotation 0 which has compatible metrics",MISS,0,0.697711
1268,The change in focus caused us to need to do a layout begin,HIT,0,0.697950
1269,The change in focus caused us to need to do a layout end,MISS,0,0.697400
1270,"setSystemUiVisibility vis=80000608 mask=ffffffff oldVal=c0000700 newVal=80000608 diff=40000108 fullscreenStackVis=0 dockedStackVis=0, fullscreenStackBounds=Rect(0, 0 - 720, 1280), dockedStackBounds=Rect(0, 0 - 0, 0)",MISS,0,0.696850
1271,cancelAutohide,HIT,0,0.697089
1272,"notifyUiVisibilityChanged:vis=0x80000608, SystemUiVisibility=0x80000608",MISS,0,0.696541
1273,"Skipping, withExcluded: false, tr.intent:Intent { flg=0x10804000 cmp=com.android.systemui/.recents.RecentsActivity bnds=[264,444][920,908] }",HIT,0,0.696779
1274,"Skipping, withExcluded: false, tr.intent:Intent { act=android.intent.action.MAIN flg=0x10840000 cmp=com.android.incallui/.InCallActivity (has extras) }",HIT,0,0.697017
1275,"Skipping, withExcluded: false, tr.intent:Intent { flg=0x18800000 cmp=com.tencent.mm/.plugin.base.stub.WXEntryActivity (has extras) }",HIT,0,0.697255
1276,"Skipping, withExcluded: false, tr.intent:Intent { flg=0x10800000 cmp=com.tencent.qqmusic/.business.lockscreen.LockScreenActivity (has extras) }",MISS,0,0.696708
1277,"Skipping, withExcluded: false, tr.intent:Intent { act=com.android.contacts.action.CHOOSE_SUB dat=tel:xxxxxxxxxxx flg=0x10808000 cmp=com.android.contacts/.ChooseSubActivity (has extras) }",HIT,0,0.696946
1278,"Skipping, withExcluded: false, tr.intent:Intent { act=android.intent.action.VIEW dat=file:///storage/emulated/0/Tencent/QQfile_recv/b.apk typ=application/vnd.android.package-archive flg=0x10800000 cmp=com.android.packageinstaller/.PackageInstallerActivity (has extras) }",MISS,0,0.696401
1279,"getRecentTasks: num=20,flags=62,totalTasks=46",HIT,0,0.696638
1280,getRecentTasks: topActivity=ComponentInfo{com.example.android.notepad/com.example.android.notepad.NoteEditor},MISS,0,0.696094
1281,"Skipping, withExcluded: false, tr.intent:Intent { flg=0x10804000 cmp=com.android.systemui/.recents.RecentsActivity bnds=[264,444][920,908] }",HIT,0,0.696331
1282,"Skipping, withExcluded: false, tr.intent:Intent { act=android.intent.action.MAIN flg=0x10840000 cmp=com.android.incallui/.InCallActivity (has extras) }",HIT,0,0.696568
1283,"Skipping, withExcluded: false, tr.intent:Intent { flg=0x18800000 cmp=com.tencent.mm/.plugin.base.stub.WXEntryActivity (has extras) }",HIT,0,0.696804
1284,"getRecentTasks: num=10,flags=62,totalTasks=46",HIT,0,0.697040
1285,getRecentTasks: topActivity=ComponentInfo{com.example.android.notepad/com.example.android.notepad.NoteEditor},HIT,0,0.697276
1286,"setSystemUiVisibility vis=40000600 mask=ffffffff oldVal=80000608 newVal=40000600 diff=c0000008 fullscreenStackVis=0 dockedStackVis=0, fullscreenStackBounds=Rect(0, 0 - 720, 1280), dockedStackBounds=Rect(0, 0 - 0, 0)",MISS,0,0.696734
1287,cancelAutohide,HIT,0,0.696970
1288,"notifyUiVisibilityChanged:vis=0x40000600, SystemUiVisibility=0x40000600",MISS,0,0.696429
1289,"release:lock=189667585, flg=0x0, tag=""*launch*"", name=android"", ws=WorkSource{10020}, uid=1000, pid=1702",MISS,0,0.695888
1290,"ready=true,policy=3,wakefulness=1,wksummary=0x0,uasummary=0x1,bootcompleted=true,boostinprogress=false,waitmodeenable=false,mode=false,manual=38,auto=-1,adj=0.0userId=0",HIT,0,0.696124
1291,"Releasing suspend blocker ""PowerManagerService.WakeLocks"".",HIT,0,0.696359
1292,"userActivityNoUpdateLocked: eventTime=261963848, event=2, flags=0x0, uid=1000",MISS,0,0.695820
1293,"ready=true,policy=3,wakefulness=1,wksummary=0x0,uasummary=0x1,bootcompleted=true,boostinprogress=false,waitmodeenable=false,mode=false,manual=38,auto=-1,adj=0.0userId=0",HIT,0,0.696056
1294,"updateNotificationShade: total=1, active=1",MISS,0,0.695518
1295,removeNotificationChildren,HIT,0,0.695753
1296,"overlapAmount:164.0, previousNotificationEnd:0.0, newYTranslation:-164.0, location:4, i:0, getTopPadding:333.0, getLocationOnScreen():-497",MISS,0,0.695216
1297,"state.clipTopAmount:148, i:0",MISS,0,0.694680
1298,"updateClipping isOverlap:true, getTopPadding=333.0, Translation=-497.0",MISS,0,0.694145
1299,updateDimmedActivatedHideSensitive overlap:true,MISS,0,0.693610
1300,"ACTIVITY check resid: com.example.android.notepad, size=0",MISS,0,0.693077
1301,mHeadsUpExistenceChangedRunnable,HIT,0,0.693313
1302,"updateNotificationShade: total=1, active=1",MISS,0,0.692780
1303,removeNotificationChildren,HIT,0,0.693016
1304,"overlapAmount:220.0, previousNotificationEnd:0.0, newYTranslation:-220.0, location:4, i:0, getTopPadding:333.0, getLocationOnScreen():-553",MISS,0,0.692485
1305,"state.clipTopAmount:204, i:0",MISS,0,0.691954
1306,"updateClipping isOverlap:true, getTopPadding=333.0, Translation=-553.0",MISS,0,0.691424
1307,updateDimmedActivatedHideSensitive overlap:true,MISS,0,0.690895
1308,makeExpandedInvisible: mExpandedVisible=true,MISS,0,0.690367
1309,closeQs,HIT,0,0.690604
1310,cancelPeek: false,HIT,0,0.690840
1311,instantCollapse,MISS,0,0.690313
1312,cancelPeek: false,HIT,0,0.690549
1313,closeQs,HIT,0,0.690784
1314,logNotificationVisibilityChanges runInThread start,MISS,0,0.690259
1315,onNotificationVisibilityChanged called,HIT,0,0.690494
1316,resumeSuspendedAutohide,HIT,0,0.690729
1317,disable: < expand icons* alerts system_info* back home recent clock navigationbar search quick_settings >,MISS,0,0.690205
1318,logNotificationVisibilityChanges runInThread over,MISS,0,0.689681
1319,"updateClipping isOverlap:false, getTopPadding=333.0, Translation=-24.0",MISS,0,0.689158
1320,updateDimmedActivatedHideSensitive overlap:false,HIT,0,0.689394
1321,"userActivityNoUpdateLocked: eventTime=261967011, event=2, flags=0x0, uid=1000",MISS,0,0.688872
1322,"ready=true,policy=3,wakefulness=1,wksummary=0x0,uasummary=0x1,bootcompleted=true,boostinprogress=false,waitmodeenable=false,mode=false,manual=38,auto=-1,adj=0.0userId=0",HIT,0,0.689107
1323,Destroying surface Surface(name=PopupWindow:6ac503e) called by com.android.server.wm.WindowStateAnimator.destroySurface:2060 com.android.server.wm.WindowStateAnimator.destroySurfaceLocked:913 com.android.server.wm.WindowState.destroyOrSaveSurface:2201 com.android.server.wm.AppWindowToken.destroySurfaces:374 com.android.server.wm.WindowStateAnimator.finishExit:590 com.android.server.wm.WindowStateAnimator.stepAnimationLocked:516 com.android.server.wm.WindowAnimator.updateWindowsLocked:311 com.android.server.wm.WindowAnimator.animateLocked:738,MISS,0,0.688587
1324,getRunningAppProcesses: caller 10113 does not hold REAL_GET_TASKS; limiting output,HIT,0,0.688822
1325,"userActivityNoUpdateLocked: eventTime=261968328, event=2, flags=0x0, uid=1000",MISS,0,0.688302
1326,"ready=true,policy=3,wakefulness=1,wksummary=0x0,uasummary=0x1,bootcompleted=true,boostinprogress=false,waitmodeenable=false,mode=false,manual=38,auto=-1,adj=0.0userId=0",HIT,0,0.688537
1327,"userActivityNoUpdateLocked: eventTime=261968928, event=2, flags=0x0, uid=1000",MISS,0,0.688018
1328,"ready=true,policy=3,wakefulness=1,wksummary=0x0,uasummary=0x1,bootcompleted=true,boostinprogress=false,waitmodeenable=false,mode=false,manual=38,auto=-1,adj=0.0userId=0",HIT,0,0.688253
1329,"userActivityNoUpdateLocked: eventTime=261969446, event=2, flags=0x0, uid=1000",MISS,0,0.687735
1330,"ready=true,policy=3,wakefulness=1,wksummary=0x0,uasummary=0x1,bootcompleted=true,boostinprogress=false,waitmodeenable=false,mode=false,manual=38,auto=-1,adj=0.0userId=0",HIT,0,0.687970
1331,getRunningAppProcesses: caller 10113 does not hold REAL_GET_TASKS; limiting output,HIT,0,0.688204
1332,HBM brightnessIn =38,HIT,0,0.688438
1333,HBM brightnessOut =38,HIT,0,0.688672
1334,"Animating brightness: target=38, rate=200",HIT,0,0.688906
1335,HBM brightnessIn =38,HIT,0,0.689139
1336,HBM brightnessOut =38,HIT,0,0.689371
1337,"Animating brightness: target=38, rate=200",HIT,0,0.689604
1338,HBM brightnessIn =38,HIT,0,0.689836
1339,HBM brightnessOut =38,HIT,0,0.690067
1340,"Animating brightness: target=38, rate=200",HIT,0,0.690299
1341,"userActivityNoUpdateLocked: eventTime=261970966, event=2, flags=0x0, uid=1000",MISS,0,0.689784
1342,"ready=true,policy=3,wakefulness=1,wksummary=0x0,uasummary=0x1,bootcompleted=true,boostinprogress=false,waitmodeenable=false,mode=false,manual=38,auto=-1,adj=0.0userId=0",HIT,0,0.690015
1343,playSoundEffect   effectType: 0,HIT,0,0.690246
1344,querySoundEffectsEnabled...,HIT,0,0.690476
1345,Destroying surface Surface(name=PopupWindow:317e46) called by com.android.server.wm.WindowStateAnimator.destroySurface:2060 com.android.server.wm.WindowStateAnimator.destroySurfaceLocked:913 com.android.server.wm.WindowState.removeLocked:1554 com.android.server.wm.WindowManagerService.removeWindowInnerLocked:2739 com.android.server.wm.WindowManagerService.removeWindowInnerLocked:2702 com.android.server.wm.WindowManagerService.removeWindowLocked:2691 com.android.server.wm.WindowManagerService.removeWindowLocked:2560 com.android.server.wm.WindowManagerService.removeWindow:2555,HIT,0,0.690706
1346,"ActivityManagerService,attachApplication,callingPid = 13175",MISS,0,0.690193
1347,Destroying surface Surface(name=InputMethod) called by com.android.server.wm.WindowStateAnimator.destroySurface:2060 com.android.server.wm.WindowStateAnimator.destroySurfaceLocked:913 com.android.server.wm.WindowState.destroyOrSaveSurface:2201 com.android.server.wm.WindowSurfacePlacer.performSurfacePlacementInner:517 com.android.server.wm.WindowSurfacePlacer.performSurfacePlacementLoop:291 com.android.server.wm.WindowSurfacePlacer.performSurfacePlacement:233 com.android.server.wm.WindowManagerService$H.handleMessage:8670 android.os.Handler.dispatchMessage:105,MISS,0,0.689681
1348,"ACTIVITY check resid: com.example.android.notepad, size=1",MISS,0,0.689169
1349,"setSystemUiVisibility vis=40000000 mask=ffffffff oldVal=40000600 newVal=40000000 diff=600 fullscreenStackVis=0 dockedStackVis=0, fullscreenStackBounds=Rect(0, 0 - 720, 1280), dockedStackBounds=Rect(0, 0 - 0, 0)",MISS,0,0.688658
1350,"notifyUiVisibilityChanged:vis=0x40000000, SystemUiVisibility=0x40000000",MISS,0,0.688148
1351,"setSystemUiVisibility vis=40000600 mask=ffffffff oldVal=40000000 newVal=40000600 diff=600 fullscreenStackVis=0 dockedStackVis=0, fullscreenStackBounds=Rect(0, 0 - 720, 1280), dockedStackBounds=Rect(0, 0 - 0, 0)",MISS,0,0.687639
1352,"notifyUiVisibilityChanged:vis=0x40000600, SystemUiVisibility=0x40000600",HIT,0,0.687870
1353,"userActivityNoUpdateLocked: eventTime=261972153, event=2, flags=0x0, uid=1000",MISS,0,0.687361
1354,"ready=true,policy=3,wakefulness=1,wksummary=0x0,uasummary=0x1,bootcompleted=true,boostinprogress=false,waitmodeenable=false,mode=false,manual=38,auto=-1,adj=0.0userId=0",HIT,0,0.687592
1355,suspendAutohide,HIT,0,0.687823
1356,interceptKeyTq keycode=3 interactive=true keyguardActive=false policyFlags=2b000002 down true canceled false,HIT,0,0.688053
1357,"interceptKeyBeforeQueueing: key 3 , result : 1",HIT,0,0.688283
1358,"userActivityNoUpdateLocked: eventTime=261972159, event=1, flags=0x0, uid=1000",MISS,0,0.687776
1359,"ready=true,policy=3,wakefulness=1,wksummary=0x0,uasummary=0x1,bootcompleted=true,boostinprogress=false,waitmodeenable=false,mode=false,manual=38,auto=-1,adj=0.0userId=0",HIT,0,0.688006
1360,resumeSuspendedAutohide,HIT,0,0.688235
1361,"userActivityNoUpdateLocked: eventTime=261972223, event=0, flags=0x0, uid=1000",MISS,0,0.687730
1362,"ready=true,policy=3,wakefulness=1,wksummary=0x0,uasummary=0x1,bootcompleted=true,boostinprogress=false,waitmodeenable=false,mode=false,manual=38,auto=-1,adj=0.0userId=0",HIT,0,0.687959
1363,interceptKeyTq keycode=3 interactive=true keyguardActive=false policyFlags=2b000002 down false canceled false,HIT,0,0.688188
1364,"interceptKeyBeforeQueueing: key 3 , result : 1",HIT,0,0.688416
1365,querySoundEffectsEnabled...,HIT,0,0.688645
1366,"animateCollapsePanels:flags=0, force=false, delayed=false, mExpandedVisible=false",MISS,0,0.688141
1367,"userActivityNoUpdateLocked: eventTime=261972262, event=0, flags=0x0, uid=1000",MISS,0,0.687637
1368,"ready=true,policy=3,wakefulness=1,wksummary=0x0,uasummary=0x1,bootcompleted=true,boostinprogress=false,waitmodeenable=false,mode=false,manual=38,auto=-1,adj=0.0userId=0",HIT,0,0.687865
1369,closeQs,HIT,0,0.688093
1370,cancelPeek: false,HIT,0,0.688321
1371,instantCollapse,HIT,0,0.688549
1372,cancelPeek: false,HIT,0,0.688776
1373,"acquire lock=189667585, flags=0x1, tag=""*launch*"", name=android, ws=WorkSource{10057}, uid=1000, pid=1702",HIT,0,0.689002
1374,"ready=true,policy=3,wakefulness=1,wksummary=0x1,uasummary=0x1,bootcompleted=true,boostinprogress=false,waitmodeenable=false,mode=false,manual=38,auto=-1,adj=0.0userId=0",HIT,0,0.689229
1375,"Acquiring suspend blocker ""PowerManagerService.WakeLocks"".",HIT,0,0.689455
1376,"rotationForOrientationLw(orient=1, last=0); user=0 USER_ROTATION_LOCKED",MISS,0,0.688953
1377,"Application requested orientation 1, got rotation 0 which has compatible metrics",MISS,0,0.688453
1378,"Taking screenshot from Surface with crop:[Rect(0, 48 - 720, 1208)], width:[432], height:[696], minLayer:[21080], maxLayer:[21085], inRotation:[false], rot:[0]",MISS,0,0.687954
1379,The change in focus caused us to need to do a layout begin,HIT,0,0.688180
1380,The change in focus caused us to need to do a layout end,HIT,0,0.688406
1381,"setSystemUiVisibility vis=708 mask=ffffffff oldVal=40000600 newVal=708 diff=40000108 fullscreenStackVis=0 dockedStackVis=0, fullscreenStackBounds=Rect(0, 0 - 720, 1280), dockedStackBounds=Rect(0, 0 - 0, 0)",MISS,0,0.687907
1382,cancelAutohide,HIT,0,0.688133
1383,"notifyUiVisibilityChanged:vis=0x708, SystemUiVisibility=0x708",MISS,0,0.687636
1384,"updateClipping isOverlap:false, getTopPadding=333.0, Translation=-24.0",HIT,0,0.687861
1385,updateDimmedActivatedHideSensitive overlap:false,HIT,0,0.688087
1386,"Skipping, withExcluded: false, tr.intent:Intent { flg=0x10804000 cmp=com.android.systemui/.recents.RecentsActivity bnds=[264,444][920,908] }",HIT,0,0.688312
1387,"Skipping, withExcluded: false, tr.intent:Intent { act=android.intent.action.MAIN flg=0x10840000 cmp=com.android.incallui/.InCallActivity (has extras) }",HIT,0,0.688536
1388,"Skipping, withExcluded: false, tr.intent:Intent { flg=0x18800000 cmp=com.tencent.mm/.plugin.base.stub.WXEntryActivity (has extras) }",HIT,0,0.688761
1389,"Skipping, withExcluded: false, tr.intent:Intent { flg=0x10800000 cmp=com.tencent.qqmusic/.business.lockscreen.LockScreenActivity (has extras) }",HIT,0,0.688985
1390,"Skipping, withExcluded: false, tr.intent:Intent { act=com.android.contacts.action.CHOOSE_SUB dat=tel:xxxxxxxxxxx flg=0x10808000 cmp=com.android.contacts/.ChooseSubActivity (has extras) }",HIT,0,0.689209
1391,"Skipping, withExcluded: false, tr.intent:Intent { act=android.intent.action.VIEW dat=file:///storage/emulated/0/Tencent/QQfile_recv/b.apk typ=application/vnd.android.package-archive flg=0x10800000 cmp=com.android.packageinstaller/.PackageInstallerActivity (has extras) }",HIT,0,0.689432
1392,"getRecentTasks: num=20,flags=62,totalTasks=46",HIT,0,0.689655
1393,getRecentTasks: topActivity=ComponentInfo{com.example.android.notepad/com.example.android.notepad.NoteEditor},HIT,0,0.689878
1394,"Skipping, withExcluded: false, tr.intent:Intent { flg=0x10804000 cmp=com.android.systemui/.recents.RecentsActivity bnds=[264,444][920,908] }",HIT,0,0.690100
1395,"Skipping, withExcluded: false, tr.intent:Intent { act=android.intent.action.MAIN flg=0x10840000 cmp=com.android.incallui/.InCallActivity (has extras) }",HIT,0,0.690323
1396,"Skipping, withExcluded: false, tr.intent:Intent { flg=0x18800000 cmp=com.tencent.mm/.plugin.base.stub.WXEntryActivity (has extras) }",HIT,0,0.690544
1397,"getRecentTasks: num=10,flags=62,totalTasks=46",HIT,0,0.690766
1398,getRecentTasks: topActivity=ComponentInfo{com.example.android.notepad/com.example.android.notepad.NoteEditor},HIT,0,0.690987
1399,getTasks: caller 10020 does not hold REAL_GET_TASKS; limiting output,MISS,0,0.690493
1400,"setSystemUiVisibility vis=c0000700 mask=ffffffff oldVal=708 newVal=c0000700 diff=c0000008 fullscreenStackVis=0 dockedStackVis=0, fullscreenStackBounds=Rect(0, 0 - 720, 1280), dockedStackBounds=Rect(0, 0 - 0, 0)",MISS,0,0.690000
1401,cancelAutohide,HIT,0,0.690221
1402,"notifyUiVisibilityChanged:vis=0xc0000700, SystemUiVisibility=0xc0000700",HIT,0,0.690442
1403,getTasks: caller 10020 does not hold REAL_GET_TASKS; limiting output,HIT,0,0.690663
1404,"release:lock=189667585, flg=0x0, tag=""*launch*"", name=android"", ws=WorkSource{10057}, uid=1000, pid=1702",MISS,0,0.690171
1405,"ready=true,policy=3,wakefulness=1,wksummary=0x0,uasummary=0x1,bootcompleted=true,boostinprogress=false,waitmodeenable=false,mode=false,manual=38,auto=-1,adj=0.0userId=0",HIT,0,0.690391
1406,"Releasing suspend blocker ""PowerManagerService.WakeLocks"".",HIT,0,0.690612
1407,Destroying surface Surface(name=com.example.android.notepad/com.example.android.notepad.NoteEditor) called by com.android.server.wm.WindowStateAnimator.destroySurface:2060 com.android.server.wm.WindowStateAnimator.destroySurfaceLocked:913 com.android.server.wm.WindowState.destroyOrSaveSurface:2201 com.android.server.wm.AppWindowToken.destroySurfaces:374 com.android.server.wm.AppWindowToken.notifyAppStopped:400 com.android.server.wm.WindowManagerService.notifyAppStopped:4869 com.android.server.am.ActivityStack.activityStoppedLocked:1393 com.android.server.am.ActivityManagerService.activityStopped:7690,MISS,0,0.690121
1408,Destroying surface Surface(name=com.example.android.notepad/com.example.android.notepad.NoteEditor) called by com.android.server.wm.WindowStateAnimator.destroySurface:2060 com.android.server.wm.WindowStateAnimator.destroySurfaceLocked:913 com.android.server.wm.WindowState.destroyOrSaveSurface:2201 com.android.server.wm.AppWindowToken.destroySurfaces:374 com.android.server.wm.AppWindowToken.notifyAppStopped:400 com.android.server.wm.WindowManagerService.notifyAppStopped:4869 com.android.server.am.ActivityStack.activityStoppedLocked:1393 com.android.server.am.ActivityManagerService.activityStopped:7690,HIT,0,0.690341
1409,getTasks: caller 10020 does not hold REAL_GET_TASKS; limiting output,HIT,0,0.690561
1410,getTasks: caller 10020 does not hold REAL_GET_TASKS; limiting output,HIT,0,0.690780
1411,getRingerMode...,MISS,0,0.690291
1412,"userActivityNoUpdateLocked: eventTime=261973289, event=2, flags=0x0, uid=1000",MISS,0,0.689802
1413,suspendAutohide,HIT,0,0.690021
1414,"ready=true,policy=3,wakefulness=1,wksummary=0x0,uasummary=0x1,bootcompleted=true,boostinprogress=false,waitmodeenable=false,mode=false,manual=38,auto=-1,adj=0.0userId=0",HIT,0,0.690240
1415,interceptKeyTq keycode=3 interactive=true keyguardActive=false policyFlags=2b000002 down true canceled false,HIT,0,0.690459
1416,"interceptKeyBeforeQueueing: key 3 , result : 1",HIT,0,0.690678
1417,"userActivityNoUpdateLocked: eventTime=261973293, event=1, flags=0x0, uid=1000",MISS,0,0.690191
1418,"ready=true,policy=3,wakefulness=1,wksummary=0x0,uasummary=0x1,bootcompleted=true,boostinprogress=false,waitmodeenable=false,mode=false,manual=38,auto=-1,adj=0.0userId=0",HIT,0,0.690409
1419,resumeSuspendedAutohide,HIT,0,0.690627
1420,"userActivityNoUpdateLocked: eventTime=261973328, event=0, flags=0x0, uid=1000",MISS,0,0.690141
1421,"ready=true,policy=3,wakefulness=1,wksummary=0x0,uasummary=0x1,bootcompleted=true,boostinprogress=false,waitmodeenable=false,mode=false,manual=38,auto=-1,adj=0.0userId=0",HIT,0,0.690359
1422,interceptKeyTq keycode=3 interactive=true keyguardActive=false policyFlags=2b000002 down false canceled false,HIT,0,0.690577
1423,"interceptKeyBeforeQueueing: key 3 , result : 1",HIT,0,0.690794
1424,querySoundEffectsEnabled...,HIT,0,0.691011
1425,"userActivityNoUpdateLocked: eventTime=261973352, event=0, flags=0x0, uid=1000",MISS,0,0.690526
1426,"ready=true,policy=3,wakefulness=1,wksummary=0x0,uasummary=0x1,bootcompleted=true,boostinprogress=false,waitmodeenable=false,mode=false,manual=38,auto=-1,adj=0.0userId=0",HIT,0,0.690743
1427,"animateCollapsePanels:flags=0, force=false, delayed=false, mExpandedVisible=false",HIT,0,0.690960
1428,closeQs,HIT,0,0.691176
1429,cancelPeek: false,HIT,0,0.691393
1430,instantCollapse,HIT,0,0.691608
1431,cancelPeek: false,HIT,0,0.691824
1432,"userActivityNoUpdateLocked: eventTime=261973840, event=2, flags=0x0, uid=1000",MISS,0,0.691341
1433,"ready=true,policy=3,wakefulness=1,wksummary=0x0,uasummary=0x1,bootcompleted=true,boostinprogress=false,waitmodeenable=false,mode=false,manual=38,auto=-1,adj=0.0userId=0",HIT,0,0.691556
1434,playSoundEffect   effectType: 0,HIT,0,0.691771
1435,querySoundEffectsEnabled...,HIT,0,0.691986
1436,"START u0 {act=android.intent.action.MAIN cat=[android.intent.category.LAUNCHER] flg=0x10200000 cmp=com.tencent.mobileqq/.activity.SplashActivity bnds=[360,820][536,1011]} from uid 10057 on display 0",MISS,0,0.691504
1437,"ActivityRecord info: ActivityInfo{71e60ba com.tencent.mobileqq.activity.SplashActivity}, euid: 0",MISS,0,0.691023
1438,"acquire lock=189667585, flags=0x1, tag=""*launch*"", name=android, ws=WorkSource{10111}, uid=1000, pid=1702",MISS,0,0.690542
1439,"ready=true,policy=3,wakefulness=1,wksummary=0x1,uasummary=0x1,bootcompleted=true,boostinprogress=false,waitmodeenable=false,mode=false,manual=38,auto=-1,adj=0.0userId=0",HIT,0,0.690757
1440,"Acquiring suspend blocker ""PowerManagerService.WakeLocks"".",HIT,0,0.690972
1441,The change in focus caused us to need to do a layout begin,HIT,0,0.691187
1442,The change in focus caused us to need to do a layout end,HIT,0,0.691401
1443,"updateClipping isOverlap:false, getTopPadding=333.0, Translation=-24.0",HIT,0,0.691615
1444,updateDimmedActivatedHideSensitive overlap:false,HIT,0,0.691828
1445,"setSystemUiVisibility vis=80000508 mask=ffffffff oldVal=c0000700 newVal=80000508 diff=40000208 fullscreenStackVis=0 dockedStackVis=0, fullscreenStackBounds=Rect(0, 0 - 720, 1280), dockedStackBounds=Rect(0, 0 - 0, 0)",MISS,0,0.691349
1446,cancelAutohide,HIT,0,0.691563
1447,"notifyUiVisibilityChanged:vis=0x80000508, SystemUiVisibility=0x80000508",MISS,0,0.691085
1448,setLightsOn(true),HIT,0,0.691298
1449,"setSystemUiVisibility vis=0 mask=1 oldVal=80000508 newVal=80000508 diff=0 fullscreenStackVis=0 dockedStackVis=0, fullscreenStackBounds=Rect(0, 0 - 0, 0), dockedStackBounds=Rect(0, 0 - 0, 0)",MISS,0,0.690821
1450,"Skipping, withExcluded: false, tr.intent:Intent { flg=0x10804000 cmp=com.android.systemui/.recents.RecentsActivity bnds=[264,444][920,908] }",HIT,0,0.691034
1451,"Skipping, withExcluded: false, tr.intent:Intent { act=android.intent.action.MAIN flg=0x10840000 cmp=com.android.incallui/.InCallActivity (has extras) }",HIT,0,0.691247
1452,"Skipping, withExcluded: false, tr.intent:Intent { flg=0x18800000 cmp=com.tencent.mm/.plugin.base.stub.WXEntryActivity (has extras) }",HIT,0,0.691460
1453,"Skipping, withExcluded: false, tr.intent:Intent { flg=0x10800000 cmp=com.tencent.qqmusic/.business.lockscreen.LockScreenActivity (has extras) }",HIT,0,0.691672
1454,"Skipping, withExcluded: false, tr.intent:Intent { act=com.android.contacts.action.CHOOSE_SUB dat=tel:xxxxxxxxxxx flg=0x10808000 cmp=com.android.contacts/.ChooseSubActivity (has extras) }",HIT,0,0.691884
1455,"Skipping, withExcluded: false, tr.intent:Intent { act=android.intent.action.VIEW dat=file:///storage/emulated/0/Tencent/QQfile_recv/b.apk typ=application/vnd.android.package-archive flg=0x10800000 cmp=com.android.packageinstaller/.PackageInstallerActivity (has extras) }",HIT,0,0.692096
1456,"getRecentTasks: num=20,flags=62,totalTasks=46",HIT,0,0.692308
1457,getRecentTasks: topActivity=ComponentInfo{com.tencent.mobileqq/com.tencent.mobileqq.activity.SplashActivity},HIT,0,0.692519
1458,"Skipping, withExcluded: false, tr.intent:Intent { flg=0x10804000 cmp=com.android.systemui/.recents.RecentsActivity bnds=[264,444][920,908] }",HIT,0,0.692730
1459,"Skipping, withExcluded: false, tr.intent:Intent { act=android.intent.action.MAIN flg=0x10840000 cmp=com.android.incallui/.InCallActivity (has extras) }",HIT,0,0.692940
1460,"Skipping, withExcluded: false, tr.intent:Intent { flg=0x18800000 cmp=com.tencent.mm/.plugin.base.stub.WXEntryActivity (has extras) }",HIT,0,0.693151
1461,"getRecentTasks: num=10,flags=62,totalTasks=46",HIT,0,0.693361
1462,getRecentTasks: topActivity=ComponentInfo{com.tencent.mobileqq/com.tencent.mobileqq.activity.SplashActivity},HIT,0,0.693570
1463,setLightsOn(true),HIT,0,0.693780
1464,"setSystemUiVisibility vis=0 mask=1 oldVal=80000508 newVal=80000508 diff=0 fullscreenStackVis=0 dockedStackVis=0, fullscreenStackBounds=Rect(0, 0 - 0, 0), dockedStackBounds=Rect(0, 0 - 0, 0)",MISS,0,0.693306
1465,"cancelNotificationWithTag pid 28601,uid = 10111,tag = null,pkg =com.tencent.mobileqq,id =121",MISS,0,0.692833
1466,"cancelNotification,index:0",MISS,0,0.692360
1467,"cancelNotification,cancelNotificationLocked,callingUid = 10111,callingPid = 28601",MISS,0,0.691888
1468,"cancelNotificationLocked called,tell the app,reason = 8",MISS,0,0.691417
1469,cancelNotificationLocked:0|com.tencent.mobileqq|121|null|10111,MISS,0,0.690946
1470,"cancelNotificationWithTag pid 28601,uid = 10111,tag = null,pkg =com.tencent.mobileqq,id =119",HIT,0,0.691156
1471,"cancelNotificationLocked,remove =com.tencent.mobileqq",MISS,0,0.690687
1472,"cancelNotificationWithTag pid 28601,uid = 10111,tag = null,pkg =com.tencent.mobileqq,id =122",MISS,0,0.690217
1473,"updateLightsLocked,mInCall =false,mScreenOn = true,ledNotification == null?true",MISS,0,0.689749
1474,"updateLightsLocked,turn off notificationLight",HIT,0,0.689959
1475,"cancelNotification,index:-1",HIT,0,0.690169
1476,"cancelNotification,index:-1",HIT,0,0.690379
1477,"setSystemUiVisibility vis=40000500 mask=ffffffff oldVal=80000508 newVal=40000500 diff=c0000008 fullscreenStackVis=0 dockedStackVis=0, fullscreenStackBounds=Rect(0, 0 - 720, 1280), dockedStackBounds=Rect(0, 0 - 0, 0)",MISS,0,0.689912
1478,cancelAutohide,HIT,0,0.690122
1479,"notifyUiVisibilityChanged:vis=0x40000500, SystemUiVisibility=0x40000500",MISS,0,0.689655
1480,"cancelNotificationWithTag pid 28601,uid = 10111,tag = null,pkg =com.tencent.mobileqq,id =123",MISS,0,0.689189
1481,"cancelNotificationWithTag pid 28601,uid = 10111,tag = null,pkg =com.tencent.mobileqq,id =129",MISS,0,0.688724
1482,"cancelNotification,index:-1",HIT,0,0.688934
1483,"cancelNotification,index:-1",HIT,0,0.689144
1484,"cancelNotificationWithTag pid 28601,uid = 10111,tag = null,pkg =com.tencent.mobileqq,id =135",MISS,0,0.688679
1485,"cancelNotification,index:-1",HIT,0,0.688889
1486,"cancelNotificationWithTag pid 28601,uid = 10111,tag = null,pkg =com.tencent.mobileqq,id =140",MISS,0,0.688425
1487,"cancelNotification,index:-1",HIT,0,0.688635
1488,shouldBlockLocation running ...,HIT,0,0.688844
1489,setLightsOn(true),HIT,0,0.689053
1490,"setSystemUiVisibility vis=0 mask=1 oldVal=40000500 newVal=40000500 diff=0 fullscreenStackVis=0 dockedStackVis=0, fullscreenStackBounds=Rect(0, 0 - 0, 0), dockedStackBounds=Rect(0, 0 - 0, 0)",MISS,0,0.688591
1491,removeNotification:0|com.tencent.mobileqq|121|null|10111,MISS,0,0.688129
1492,"updateNotificationShade: total=0, active=0",HIT,0,0.688338
1493,"cancelNotificationWithTag pid 28601,uid = 10111,tag = null,pkg =com.tencent.mobileqq,id =144",MISS,0,0.687877
1494,"cancelNotification,index:-1",HIT,0,0.688086
1495,removeNotificationChildren,HIT,0,0.688294
1496,"animateCollapsePanels:flags=0, force=false, delayed=false, mExpandedVisible=false",HIT,0,0.688503
1497,closeQs,HIT,0,0.688711
1498,cancelPeek: false,HIT,0,0.688919
1499,instantCollapse,HIT,0,0.689126
1500,cancelPeek: false,HIT,0,0.689333
1501,"release:lock=189667585, flg=0x0, tag=""*launch*"", name=android"", ws=WorkSource{10111}, uid=1000, pid=1702",MISS,0,0.688874
1502,"ready=true,policy=3,wakefulness=1,wksummary=0x0,uasummary=0x1,bootcompleted=true,boostinprogress=false,waitmodeenable=false,mode=false,manual=38,auto=-1,adj=0.0userId=0",HIT,0,0.689081
1503,"Releasing suspend blocker ""PowerManagerService.WakeLocks"".",HIT,0,0.689288
1504,"updateClipping isOverlap:false, getTopPadding=333.0, Translation=0.0",MISS,0,0.688830
1505,updateDimmedActivatedHideSensitive overlap:false,HIT,0,0.689037
1506,setLightsOn(true),HIT,0,0.689243
1507,"setSystemUiVisibility vis=0 mask=1 oldVal=40000500 newVal=40000500 diff=0 fullscreenStackVis=0 dockedStackVis=0, fullscreenStackBounds=Rect(0, 0 - 0, 0), dockedStackBounds=Rect(0, 0 - 0, 0)",MISS,0,0.688786
1508,setLightsOn(true),HIT,0,0.688992
1509,"setSystemUiVisibility vis=0 mask=1 oldVal=40000500 newVal=40000500 diff=0 fullscreenStackVis=0 dockedStackVis=0, fullscreenStackBounds=Rect(0, 0 - 0, 0), dockedStackBounds=Rect(0, 0 - 0, 0)",MISS,0,0.688535
1510,"cancelNotificationWithTag pid 28601,uid = 10111,tag = null,pkg =com.tencent.mobileqq,id =193",MISS,0,0.688079
1511,"cancelNotification,index:-1",HIT,0,0.688286
1512,shouldBlockLocation  ret:true,MISS,0,0.687831
1513,getAllCellInfo is blocked by permission manager . callingPackage = com.tencent.mobileqq,MISS,0,0.687376
1514,setLightsOn(true),HIT,0,0.687583
1515,"setSystemUiVisibility vis=0 mask=1 oldVal=40000500 newVal=40000500 diff=0 fullscreenStackVis=0 dockedStackVis=0, fullscreenStackBounds=Rect(0, 0 - 0, 0), dockedStackBounds=Rect(0, 0 - 0, 0)",HIT,0,0.687789
1516,setLightsOn(true),HIT,0,0.687995
1517,"setSystemUiVisibility vis=0 mask=1 oldVal=40000500 newVal=40000500 diff=0 fullscreenStackVis=0 dockedStackVis=0, fullscreenStackBounds=Rect(0, 0 - 0, 0), dockedStackBounds=Rect(0, 0 - 0, 0)",HIT,0,0.688200
1518,setLightsOn(true),HIT,0,0.688406
1519,"setSystemUiVisibility vis=0 mask=1 oldVal=40000500 newVal=40000500 diff=0 fullscreenStackVis=0 dockedStackVis=0, fullscreenStackBounds=Rect(0, 0 - 0, 0), dockedStackBounds=Rect(0, 0 - 0, 0)",HIT,0,0.688611
1520,getTasks: caller 10111 does not hold REAL_GET_TASKS; limiting output,HIT,0,0.688816
1521,getTasks: caller 10111 does not hold REAL_GET_TASKS; limiting output,HIT,0,0.689020
1522,isMusicActive...,MISS,0,0.688568
1523,"userActivityNoUpdateLocked: eventTime=261975077, event=2, flags=0x0, uid=1000",MISS,0,0.688116
1524,"ready=true,policy=3,wakefulness=1,wksummary=0x0,uasummary=0x1,bootcompleted=true,boostinprogress=false,waitmodeenable=false,mode=false,manual=38,auto=-1,adj=0.0userId=0",HIT,0,0.688320
1525,playSoundEffect   effectType: 0,HIT,0,0.688525
1526,querySoundEffectsEnabled...,HIT,0,0.688729
1527,setLightsOn(true),HIT,0,0.688933
1528,"setSystemUiVisibility vis=0 mask=1 oldVal=40000500 newVal=40000500 diff=0 fullscreenStackVis=0 dockedStackVis=0, fullscreenStackBounds=Rect(0, 0 - 0, 0), dockedStackBounds=Rect(0, 0 - 0, 0)",HIT,0,0.689136
1529,HBM brightnessIn =38,HIT,0,0.689339
1530,HBM brightnessOut =38,HIT,0,0.689542
1531,"Animating brightness: target=38, rate=200",HIT,0,0.689745
1532,HBM brightnessIn =38,HIT,0,0.689948
1533,HBM brightnessOut =38,HIT,0,0.690150
1534,"Animating brightness: target=38, rate=200",HIT,0,0.690352
1535,shouldBlockLocation running ...,HIT,0,0.690554
1536,shouldBlockLocation  ret:true,HIT,0,0.690755
1537,getAllCellInfo is blocked by permission manager . callingPackage = com.tencent.mobileqq,MISS,0,0.690306
1538,shouldBlockLocation running ...,HIT,0,0.690507
1539,shouldBlockLocation  ret:true,HIT,0,0.690708
1540,getCellLocation is blocked by permission manager uid:10111 pid:28601,MISS,0,0.690260
1541,getRunningAppProcesses: caller 10111 does not hold REAL_GET_TASKS; limiting output,MISS,0,0.689812
1542,HBM brightnessIn =38,HIT,0,0.690013
1543,HBM brightnessOut =38,HIT,0,0.690214
1544,"Animating brightness: target=38, rate=200",HIT,0,0.690415
1545,"userActivityNoUpdateLocked: eventTime=261976180, event=2, flags=0x0, uid=1000",MISS,0,0.689968
1546,"ready=true,policy=3,wakefulness=1,wksummary=0x0,uasummary=0x1,bootcompleted=true,boostinprogress=false,waitmodeenable=false,mode=false,manual=38,auto=-1,adj=0.0userId=0",HIT,0,0.690168
1547,HBM brightnessIn =38,HIT,0,0.690368
1548,HBM brightnessOut =38,HIT,0,0.690568
1549,"Animating brightness: target=38, rate=200",HIT,0,0.690768
1550,setLightsOn(true),HIT,0,0.690968
1551,"setSystemUiVisibility vis=0 mask=1 oldVal=40000500 newVal=40000500 diff=0 fullscreenStackVis=0 dockedStackVis=0, fullscreenStackBounds=Rect(0, 0 - 0, 0), dockedStackBounds=Rect(0, 0 - 0, 0)",HIT,0,0.691167
1552,setLightsOn(true),HIT,0,0.691366
1553,"setSystemUiVisibility vis=0 mask=1 oldVal=40000500 newVal=40000500 diff=0 fullscreenStackVis=0 dockedStackVis=0, fullscreenStackBounds=Rect(0, 0 - 0, 0), dockedStackBounds=Rect(0, 0 - 0, 0)",HIT,0,0.691565
1554,setLightsOn(true),HIT,0,0.691763
1555,"setSystemUiVisibility vis=0 mask=1 oldVal=40000500 newVal=40000500 diff=0 fullscreenStackVis=0 dockedStackVis=0, fullscreenStackBounds=Rect(0, 0 - 0, 0), dockedStackBounds=Rect(0, 0 - 0, 0)",HIT,0,0.691961
1556,setLightsOn(true),HIT,0,0.692159
1557,"setSystemUiVisibility vis=0 mask=1 oldVal=40000500 newVal=40000500 diff=0 fullscreenStackVis=0 dockedStackVis=0, fullscreenStackBounds=Rect(0, 0 - 0, 0), dockedStackBounds=Rect(0, 0 - 0, 0)",HIT,0,0.692357
1558,setLightsOn(true),HIT,0,0.692555
1559,"setSystemUiVisibility vis=0 mask=1 oldVal=40000500 newVal=40000500 diff=0 fullscreenStackVis=0 dockedStackVis=0, fullscreenStackBounds=Rect(0, 0 - 0, 0), dockedStackBounds=Rect(0, 0 - 0, 0)",HIT,0,0.692752
1560,setLightsOn(true),HIT,0,0.692949
1561,"setSystemUiVisibility vis=0 mask=1 oldVal=40000500 newVal=40000500 diff=0 fullscreenStackVis=0 dockedStackVis=0, fullscreenStackBounds=Rect(0, 0 - 0, 0), dockedStackBounds=Rect(0, 0 - 0, 0)",HIT,0,0.693145
1562,setLightsOn(true),HIT,0,0.693342
1563,"setSystemUiVisibility vis=0 mask=1 oldVal=40000500 newVal=40000500 diff=0 fullscreenStackVis=0 dockedStackVis=0, fullscreenStackBounds=Rect(0, 0 - 0, 0), dockedStackBounds=Rect(0, 0 - 0, 0)",HIT,0,0.693538
1564,setLightsOn(true),HIT,0,0.693734
1565,"setSystemUiVisibility vis=0 mask=1 oldVal=40000500 newVal=40000500 diff=0 fullscreenStackVis=0 dockedStackVis=0, fullscreenStackBounds=Rect(0, 0 - 0, 0), dockedStackBounds=Rect(0, 0 - 0, 0)",HIT,0,0.693930
1566,setLightsOn(true),HIT,0,0.694125
1567,"setSystemUiVisibility vis=0 mask=1 oldVal=40000500 newVal=40000500 diff=0 fullscreenStackVis=0 dockedStackVis=0, fullscreenStackBounds=Rect(0, 0 - 0, 0), dockedStackBounds=Rect(0, 0 - 0, 0)",HIT,0,0.694320
1568,setLightsOn(true),HIT,0,0.694515
1569,"setSystemUiVisibility vis=0 mask=1 oldVal=40000500 newVal=40000500 diff=0 fullscreenStackVis=0 dockedStackVis=0, fullscreenStackBounds=Rect(0, 0 - 0, 0), dockedStackBounds=Rect(0, 0 - 0, 0)",HIT,0,0.694710
1570,setLightsOn(true),HIT,0,0.694904
1571,"setSystemUiVisibility vis=0 mask=1 oldVal=40000500 newVal=40000500 diff=0 fullscreenStackVis=0 dockedStackVis=0, fullscreenStackBounds=Rect(0, 0 - 0, 0), dockedStackBounds=Rect(0, 0 - 0, 0)",HIT,0,0.695099
1572,setLightsOn(true),HIT,0,0.695293
1573,"setSystemUiVisibility vis=0 mask=1 oldVal=40000500 newVal=40000500 diff=0 fullscreenStackVis=0 dockedStackVis=0, fullscreenStackBounds=Rect(0, 0 - 0, 0), dockedStackBounds=Rect(0, 0 - 0, 0)",HIT,0,0.695486
1574,setLightsOn(true),HIT,0,0.695680
1575,"setSystemUiVisibility vis=0 mask=1 oldVal=40000500 newVal=40000500 diff=0 fullscreenStackVis=0 dockedStackVis=0, fullscreenStackBounds=Rect(0, 0 - 0, 0), dockedStackBounds=Rect(0, 0 - 0, 0)",HIT,0,0.695873
1576,setLightsOn(true),HIT,0,0.696066
1577,"setSystemUiVisibility vis=0 mask=1 oldVal=40000500 newVal=40000500 diff=0 fullscreenStackVis=0 dockedStackVis=0, fullscreenStackBounds=Rect(0, 0 - 0, 0), dockedStackBounds=Rect(0, 0 - 0, 0)",HIT,0,0.696259
1578,setLightsOn(true),HIT,0,0.696451
1579,"setSystemUiVisibility vis=0 mask=1 oldVal=40000500 newVal=40000500 diff=0 fullscreenStackVis=0 dockedStackVis=0, fullscreenStackBounds=Rect(0, 0 - 0, 0), dockedStackBounds=Rect(0, 0 - 0, 0)",HIT,0,0.696643
1580,setLightsOn(true),HIT,0,0.696835
1581,"setSystemUiVisibility vis=0 mask=1 oldVal=40000500 newVal=40000500 diff=0 fullscreenStackVis=0 dockedStackVis=0, fullscreenStackBounds=Rect(0, 0 - 0, 0), dockedStackBounds=Rect(0, 0 - 0, 0)",HIT,0,0.697027
1582,"userActivityNoUpdateLocked: eventTime=261976915, event=2, flags=0x0, uid=1000",MISS,0,0.696587
1583,"ready=true,policy=3,wakefulness=1,wksummary=0x0,uasummary=0x1,bootcompleted=true,boostinprogress=false,waitmodeenable=false,mode=false,manual=38,auto=-1,adj=0.0userId=0",HIT,0,0.696778
1584,setLightsOn(true),HIT,0,0.696970
1585,"setSystemUiVisibility vis=0 mask=1 oldVal=40000500 newVal=40000500 diff=0 fullscreenStackVis=0 dockedStackVis=0, fullscreenStackBounds=Rect(0, 0 - 0, 0), dockedStackBounds=Rect(0, 0 - 0, 0)",HIT,0,0.697161
1586,setLightsOn(true),HIT,0,0.697352
1587,"setSystemUiVisibility vis=0 mask=1 oldVal=40000500 newVal=40000500 diff=0 fullscreenStackVis=0 dockedStackVis=0, fullscreenStackBounds=Rect(0, 0 - 0, 0), dockedStackBounds=Rect(0, 0 - 0, 0)",HIT,0,0.697543
1588,setLightsOn(true),HIT,0,0.697733
1589,"setSystemUiVisibility vis=0 mask=1 oldVal=40000500 newVal=40000500 diff=0 fullscreenStackVis=0 dockedStackVis=0, fullscreenStackBounds=Rect(0, 0 - 0, 0), dockedStackBounds=Rect(0, 0 - 0, 0)",HIT,0,0.697923
1590,setLightsOn(true),HIT,0,0.698113
1591,"setSystemUiVisibility vis=0 mask=1 oldVal=40000500 newVal=40000500 diff=0 fullscreenStackVis=0 dockedStackVis=0, fullscreenStackBounds=Rect(0, 0 - 0, 0), dockedStackBounds=Rect(0, 0 - 0, 0)",HIT,0,0.698303
1592,setLightsOn(true),HIT,0,0.698492
1593,"setSystemUiVisibility vis=0 mask=1 oldVal=40000500 newVal=40000500 diff=0 fullscreenStackVis=0 dockedStackVis=0, fullscreenStackBounds=Rect(0, 0 - 0, 0), dockedStackBounds=Rect(0, 0 - 0, 0)",HIT,0,0.698682
1594,setLightsOn(true),HIT,0,0.698871
1595,"setSystemUiVisibility vis=0 mask=1 oldVal=40000500 newVal=40000500 diff=0 fullscreenStackVis=0 dockedStackVis=0, fullscreenStackBounds=Rect(0, 0 - 0, 0), dockedStackBounds=Rect(0, 0 - 0, 0)",HIT,0,0.699060
1596,shouldBlockLocation running ...,HIT,0,0.699248
1597,shouldBlockLocation  ret:true,HIT,0,0.699436
1598,getAllCellInfo is blocked by permission manager . callingPackage = com.tencent.mobileqq,HIT,0,0.699625
1599,"userActivityNoUpdateLocked: eventTime=261977717, event=2, flags=0x0, uid=1000",MISS,0,0.699187
1600,"ready=true,policy=3,wakefulness=1,wksummary=0x0,uasummary=0x1,bootcompleted=true,boostinprogress=false,waitmodeenable=false,mode=false,manual=38,auto=-1,adj=0.0userId=0",HIT,0,0.699375
1601,setLightsOn(true),HIT,0,0.699563
1602,"setSystemUiVisibility vis=0 mask=1 oldVal=40000500 newVal=40000500 diff=0 fullscreenStackVis=0 dockedStackVis=0, fullscreenStackBounds=Rect(0, 0 - 0, 0), dockedStackBounds=Rect(0, 0 - 0, 0)",HIT,0,0.699750
1603,"userActivityNoUpdateLocked: eventTime=261978352, event=2, flags=0x0, uid=1000",MISS,0,0.699314
1604,"ready=true,policy=3,wakefulness=1,wksummary=0x0,uasummary=0x1,bootcompleted=true,boostinprogress=false,waitmodeenable=false,mode=false,manual=38,auto=-1,adj=0.0userId=0",HIT,0,0.699501
1605,getRunningAppProcesses: caller 10113 does not hold REAL_GET_TASKS; limiting output,HIT,0,0.699688
1606,getRunningAppProcesses: caller 10113 does not hold REAL_GET_TASKS; limiting output,HIT,0,0.699875
1607,"userActivityNoUpdateLocked: eventTime=261979355, event=2, flags=0x0, uid=1000",MISS,0,0.699440
1608,"ready=true,policy=3,wakefulness=1,wksummary=0x0,uasummary=0x1,bootcompleted=true,boostinprogress=false,waitmodeenable=false,mode=false,manual=38,auto=-1,adj=0.0userId=0",HIT,0,0.699627
1609,setLightsOn(true),HIT,0,0.699814
1610,"setSystemUiVisibility vis=0 mask=1 oldVal=40000500 newVal=40000500 diff=0 fullscreenStackVis=0 dockedStackVis=0, fullscreenStackBounds=Rect(0, 0 - 0, 0), dockedStackBounds=Rect(0, 0 - 0, 0)",HIT,0,0.700000
1611,setLightsOn(true),HIT,0,0.700186
1612,"setSystemUiVisibility vis=0 mask=1 oldVal=40000500 newVal=40000500 diff=0 fullscreenStackVis=0 dockedStackVis=0, fullscreenStackBounds=Rect(0, 0 - 0, 0), dockedStackBounds=Rect(0, 0 - 0, 0)",HIT,0,0.700372
1613,setLightsOn(true),HIT,0,0.700558
1614,"setSystemUiVisibility vis=0 mask=1 oldVal=40000500 newVal=40000500 diff=0 fullscreenStackVis=0 dockedStackVis=0, fullscreenStackBounds=Rect(0, 0 - 0, 0), dockedStackBounds=Rect(0, 0 - 0, 0)",HIT,0,0.700743
1615,getRunningAppProcesses: caller 10111 does not hold REAL_GET_TASKS; limiting output,HIT,0,0.700929
1616,getTasks: caller 10111 does not hold REAL_GET_TASKS; limiting output,HIT,0,0.701114
1617,setLightsOn(true),HIT,0,0.701299
1618,"setSystemUiVisibility vis=0 mask=1 oldVal=40000500 newVal=40000500 diff=0 fullscreenStackVis=0 dockedStackVis=0, fullscreenStackBounds=Rect(0, 0 - 0, 0), dockedStackBounds=Rect(0, 0 - 0, 0)",HIT,0,0.701483
1619,"userActivityNoUpdateLocked: eventTime=261980307, event=2, flags=0x0, uid=1000",MISS,0,0.701050
1620,"ready=true,policy=3,wakefulness=1,wksummary=0x0,uasummary=0x1,bootcompleted=true,boostinprogress=false,waitmodeenable=false,mode=false,manual=38,auto=-1,adj=0.0userId=0",HIT,0,0.701235
1621,setLightsOn(true),HIT,0,0.701419
1622,"setSystemUiVisibility vis=0 mask=1 oldVal=40000500 newVal=40000500 diff=0 fullscreenStackVis=0 dockedStackVis=0, fullscreenStackBounds=Rect(0, 0 - 0, 0), dockedStackBounds=Rect(0, 0 - 0, 0)",HIT,0,0.701603
1623,setLightsOn(true),HIT,0,0.701787
1624,"setSystemUiVisibility vis=0 mask=1 oldVal=40000500 newVal=40000500 diff=0 fullscreenStackVis=0 dockedStackVis=0, fullscreenStackBounds=Rect(0, 0 - 0, 0), dockedStackBounds=Rect(0, 0 - 0, 0)",HIT,0,0.701970
1625,isMusicActive...,HIT,0,0.702154
1626,setLightsOn(true),HIT,0,0.702337
1627,"setSystemUiVisibility vis=0 mask=1 oldVal=40000500 newVal=40000500 diff=0 fullscreenStackVis=0 dockedStackVis=0, fullscreenStackBounds=Rect(0, 0 - 0, 0), dockedStackBounds=Rect(0, 0 - 0, 0)",HIT,0,0.702520
1628,setLightsOn(true),HIT,0,0.702703
1629,"setSystemUiVisibility vis=0 mask=1 oldVal=40000500 newVal=40000500 diff=0 fullscreenStackVis=0 dockedStackVis=0, fullscreenStackBounds=Rect(0, 0 - 0, 0), dockedStackBounds=Rect(0, 0 - 0, 0)",HIT,0,0.702885
1630,setLightsOn(true),HIT,0,0.703067
1631,"setSystemUiVisibility vis=0 mask=1 oldVal=40000500 newVal=40000500 diff=0 fullscreenStackVis=0 dockedStackVis=0, fullscreenStackBounds=Rect(0, 0 - 0, 0), dockedStackBounds=Rect(0, 0 - 0, 0)",HIT,0,0.703250
1632,setLightsOn(true),HIT,0,0.703431
1633,"setSystemUiVisibility vis=0 mask=1 oldVal=40000500 newVal=40000500 diff=0 fullscreenStackVis=0 dockedStackVis=0, fullscreenStackBounds=Rect(0, 0 - 0, 0), dockedStackBounds=Rect(0, 0 - 0, 0)",HIT,0,0.703613
1634,"userActivityNoUpdateLocked: eventTime=261980925, event=2, flags=0x0, uid=1000",MISS,0,0.703182
1635,"ready=true,policy=3,wakefulness=1,wksummary=0x0,uasummary=0x1,bootcompleted=true,boostinprogress=false,waitmodeenable=false,mode=false,manual=38,auto=-1,adj=0.0userId=0",HIT,0,0.703364
1636,setLightsOn(true),HIT,0,0.703545
1637,"setSystemUiVisibility vis=0 mask=1 oldVal=40000500 newVal=40000500 diff=0 fullscreenStackVis=0 dockedStackVis=0, fullscreenStackBounds=Rect(0, 0 - 0, 0), dockedStackBounds=Rect(0, 0 - 0, 0)",HIT,0,0.703726
1638,setLightsOn(true),HIT,0,0.703907
1639,"setSystemUiVisibility vis=0 mask=1 oldVal=40000500 newVal=40000500 diff=0 fullscreenStackVis=0 dockedStackVis=0, fullscreenStackBounds=Rect(0, 0 - 0, 0), dockedStackBounds=Rect(0, 0 - 0, 0)",HIT,0,0.704088
1640,"userActivityNoUpdateLocked: eventTime=261981426, event=2, flags=0x0, uid=1000",MISS,0,0.703659
1641,"ready=true,policy=3,wakefulness=1,wksummary=0x0,uasummary=0x1,bootcompleted=true,boostinprogress=false,waitmodeenable=false,mode=false,manual=38,auto=-1,adj=0.0userId=0",HIT,0,0.703839
1642,setLightsOn(true),HIT,0,0.704019
1643,"setSystemUiVisibility vis=0 mask=1 oldVal=40000500 newVal=40000500 diff=0 fullscreenStackVis=0 dockedStackVis=0, fullscreenStackBounds=Rect(0, 0 - 0, 0), dockedStackBounds=Rect(0, 0 - 0, 0)",HIT,0,0.704200
1644,"userActivityNoUpdateLocked: eventTime=261982379, event=2, flags=0x0, uid=1000",MISS,0,0.703771
1645,"ready=true,policy=3,wakefulness=1,wksummary=0x0,uasummary=0x1,bootcompleted=true,boostinprogress=false,waitmodeenable=false,mode=false,manual=38,auto=-1,adj=0.0userId=0",HIT,0,0.703951
1646,HBM brightnessIn =38,HIT,0,0.704131
1647,HBM brightnessOut =38,HIT,0,0.704311
1648,"Animating brightness: target=38, rate=200",HIT,0,0.704490
1649,setLightsOn(true),HIT,0,0.704669
1650,"setSystemUiVisibility vis=0 mask=1 oldVal=40000500 newVal=40000500 diff=0 fullscreenStackVis=0 dockedStackVis=0, fullscreenStackBounds=Rect(0, 0 - 0, 0), dockedStackBounds=Rect(0, 0 - 0, 0)",HIT,0,0.704848
1651,setLightsOn(true),HIT,0,0.705027
1652,"setSystemUiVisibility vis=0 mask=1 oldVal=40000500 newVal=40000500 diff=0 fullscreenStackVis=0 dockedStackVis=0, fullscreenStackBounds=Rect(0, 0 - 0, 0), dockedStackBounds=Rect(0, 0 - 0, 0)",HIT,0,0.705206
1653,HBM brightnessIn =38,HIT,0,0.705384
1654,HBM brightnessOut =38,HIT,0,0.705562
1655,"Animating brightness: target=38, rate=200",HIT,0,0.705740
1656,"userActivityNoUpdateLocked: eventTime=261983047, event=2, flags=0x0, uid=1000",MISS,0,0.705314
1657,"ready=true,policy=3,wakefulness=1,wksummary=0x0,uasummary=0x1,bootcompleted=true,boostinprogress=false,waitmodeenable=false,mode=false,manual=38,auto=-1,adj=0.0userId=0",HIT,0,0.705492
1658,setLightsOn(true),HIT,0,0.705669
1659,"setSystemUiVisibility vis=0 mask=1 oldVal=40000500 newVal=40000500 diff=0 fullscreenStackVis=0 dockedStackVis=0, fullscreenStackBounds=Rect(0, 0 - 0, 0), dockedStackBounds=Rect(0, 0 - 0, 0)",HIT,0,0.705847
1660,setLightsOn(true),HIT,0,0.706024
1661,"setSystemUiVisibility vis=0 mask=1 oldVal=40000500 newVal=40000500 diff=0 fullscreenStackVis=0 dockedStackVis=0, fullscreenStackBounds=Rect(0, 0 - 0, 0), dockedStackBounds=Rect(0, 0 - 0, 0)",HIT,0,0.706201
1662,HBM brightnessIn =38,HIT,0,0.706378
1663,HBM brightnessOut =38,HIT,0,0.706554
1664,"Animating brightness: target=38, rate=200",HIT,0,0.706731
1665,setLightsOn(true),HIT,0,0.706907
1666,"setSystemUiVisibility vis=0 mask=1 oldVal=40000500 newVal=40000500 diff=0 fullscreenStackVis=0 dockedStackVis=0, fullscreenStackBounds=Rect(0, 0 - 0, 0), dockedStackBounds=Rect(0, 0 - 0, 0)",HIT,0,0.707083
1667,setLightsOn(true),HIT,0,0.707259
1668,"setSystemUiVisibility vis=0 mask=1 oldVal=40000500 newVal=40000500 diff=0 fullscreenStackVis=0 dockedStackVis=0, fullscreenStackBounds=Rect(0, 0 - 0, 0), dockedStackBounds=Rect(0, 0 - 0, 0)",HIT,0,0.707434
1669,HBM brightnessIn =38,HIT,0,0.707609
1670,HBM brightnessOut =38,HIT,0,0.707784
1671,"Animating brightness: target=38, rate=200",HIT,0,0.707959
1672,"userActivityNoUpdateLocked: eventTime=261983733, event=2, flags=0x0, uid=1000",MISS,0,0.707536
1673,"ready=true,policy=3,wakefulness=1,wksummary=0x0,uasummary=0x1,bootcompleted=true,boostinprogress=false,waitmodeenable=false,mode=false,manual=38,auto=-1,adj=0.0userId=0",HIT,0,0.707711
1674,setLightsOn(true),HIT,0,0.707885
1675,"setSystemUiVisibility vis=0 mask=1 oldVal=40000500 newVal=40000500 diff=0 fullscreenStackVis=0 dockedStackVis=0, fullscreenStackBounds=Rect(0, 0 - 0, 0), dockedStackBounds=Rect(0, 0 - 0, 0)",HIT,0,0.708060
1676,HBM brightnessIn =38,HIT,0,0.708234
1677,HBM brightnessOut =38,HIT,0,0.708408
1678,"Animating brightness: target=38, rate=200",HIT,0,0.708582
1679,HBM brightnessIn =38,HIT,0,0.708755
1680,HBM brightnessOut =38,HIT,0,0.708929
1681,"Animating brightness: target=38, rate=200",HIT,0,0.709102
1682,HBM brightnessIn =38,HIT,0,0.709275
1683,HBM brightnessOut =38,HIT,0,0.709447
1684,"Animating brightness: target=38, rate=200",HIT,0,0.709620
1685,"userActivityNoUpdateLocked: eventTime=261984484, event=2, flags=0x0, uid=1000",MISS,0,0.709199
1686,"ready=true,policy=3,wakefulness=1,wksummary=0x0,uasummary=0x1,bootcompleted=true,boostinprogress=false,waitmodeenable=false,mode=false,manual=38,auto=-1,adj=0.0userId=0",HIT,0,0.709371
1687,"sending alarm Alarm{d764221 type 3 when 509262332 PendingIntent{1749923: PendingIntentRecord{9600e20 android broadcastIntent}}},repeatInterval = 0,listenerTag =time_tick",MISS,0,0.708951
1688,"ready=true,policy=3,wakefulness=1,wksummary=0x1,uasummary=0x1,bootcompleted=true,boostinprogress=false,waitmodeenable=false,mode=false,manual=38,auto=-1,adj=0.0userId=0",HIT,0,0.709123
1689,"Acquiring suspend blocker ""PowerManagerService.WakeLocks"".",HIT,0,0.709295
1690,Received TIME_TICK alarm; rescheduling,MISS,0,0.708876
1691,scheduleTimeTickEvent triggerAtTime = 509322332,MISS,0,0.708457
1692,"updateClipping isOverlap:false, getTopPadding=333.0, Translation=0.0",HIT,0,0.708629
1693,updateDimmedActivatedHideSensitive overlap:false,HIT,0,0.708801
1694,"updateClipping isOverlap:false, getTopPadding=333.0, Translation=0.0",HIT,0,0.708973
1695,updateDimmedActivatedHideSensitive overlap:false,HIT,0,0.709145
1696,received broadcast android.intent.action.TIME_TICK,MISS,0,0.708726
1697,handleTimeUpdate,MISS,0,0.708309
1698,HBM brightnessIn =38,HIT,0,0.708481
1699,HBM brightnessOut =38,HIT,0,0.708652
1700,"Animating brightness: target=38, rate=200",HIT,0,0.708824
1701,playSoundEffect   effectType: 0,HIT,0,0.708995
1702,querySoundEffectsEnabled...,HIT,0,0.709166
1703,Destroying surface Surface(name=PopupWindow:9b04807) called by com.android.server.wm.WindowStateAnimator.destroySurface:2060 com.android.server.wm.WindowStateAnimator.destroySurfaceLocked:913 com.android.server.wm.WindowState.removeLocked:1554 com.android.server.wm.WindowManagerService.removeWindowInnerLocked:2739 com.android.server.wm.WindowManagerService.removeWindowInnerLocked:2702 com.android.server.wm.WindowManagerService.removeWindowLocked:2691 com.android.server.wm.WindowManagerService.removeWindowLocked:2560 com.android.server.wm.WindowManagerService.removeWindow:2555,MISS,0,0.708749
1704,isWiredHeadsetOn...,MISS,0,0.708333
1705,Destroying surface Surface(name=PopupWindow:317e46) called by com.android.server.wm.WindowStateAnimator.destroySurface:2060 com.android.server.wm.WindowStateAnimator.destroySurfaceLocked:913 com.android.server.wm.WindowState.removeLocked:1554 com.android.server.wm.WindowManagerService.removeWindowInnerLocked:2739 com.android.server.wm.WindowManagerService.removeWindowInnerLocked:2702 com.android.server.wm.WindowManagerService.removeWindowLocked:2691 com.android.server.wm.WindowManagerService.removeWindowLocked:2560 com.android.server.wm.WindowManagerService.removeWindow:2555,HIT,0,0.708504
1706,"acquire lock=191063310, flags=0x1, tag=""AudioMix"", name=audioserver, ws=null, uid=1041, pid=0",MISS,0,0.708089
1707,"ready=true,policy=3,wakefulness=1,wksummary=0x1,uasummary=0x1,bootcompleted=true,boostinprogress=false,waitmodeenable=false,mode=false,manual=38,auto=-1,adj=0.0userId=0",HIT,0,0.708260
1708,"acquire lock=149977903, flags=0x1, tag=""AudioMix"", name=audioserver, ws=null, uid=1041, pid=0",MISS,0,0.707845
1709,"ready=true,policy=3,wakefulness=1,wksummary=0x1,uasummary=0x1,bootcompleted=true,boostinprogress=false,waitmodeenable=false,mode=false,manual=38,auto=-1,adj=0.0userId=0",HIT,0,0.708016
1710,"acquire lock=155645244, flags=0x1, tag=""AudioMix"", name=audioserver, ws=null, uid=1041, pid=0",MISS,0,0.707602
1711,"ready=true,policy=3,wakefulness=1,wksummary=0x1,uasummary=0x1,bootcompleted=true,boostinprogress=false,waitmodeenable=false,mode=false,manual=38,auto=-1,adj=0.0userId=0",HIT,0,0.707773
1712,"acquire lock=173466309, flags=0x1, tag=""AudioMix"", name=audioserver, ws=null, uid=1041, pid=0",MISS,0,0.707360
1713,"ready=true,policy=3,wakefulness=1,wksummary=0x1,uasummary=0x1,bootcompleted=true,boostinprogress=false,waitmodeenable=false,mode=false,manual=38,auto=-1,adj=0.0userId=0",HIT,0,0.707531
1714,HBM brightnessIn =38,HIT,0,0.707701
1715,HBM brightnessOut =38,HIT,0,0.707872
1716,"Animating brightness: target=38, rate=200",HIT,0,0.708042
1717,"ready=true,policy=3,wakefulness=1,wksummary=0x1,uasummary=0x1,bootcompleted=true,boostinprogress=false,waitmodeenable=false,mode=false,manual=38,auto=-1,adj=0.0userId=0",HIT,0,0.708212
1718,setLightsOn(true),HIT,0,0.708382
1719,"setSystemUiVisibility vis=0 mask=1 oldVal=40000500 newVal=40000500 diff=0 fullscreenStackVis=0 dockedStackVis=0, fullscreenStackBounds=Rect(0, 0 - 0, 0), dockedStackBounds=Rect(0, 0 - 0, 0)",HIT,0,0.708551
1720,"setDataSource(166, 0, 576460752303423487)",MISS,0,0.708140
1721,setLightsOn(true),HIT,0,0.708309
1722,"setSystemUiVisibility vis=0 mask=1 oldVal=40000500 newVal=40000500 diff=0 fullscreenStackVis=0 dockedStackVis=0, fullscreenStackBounds=Rect(0, 0 - 0, 0), dockedStackBounds=Rect(0, 0 - 0, 0)",HIT,0,0.708479
1723,setLightsOn(true),HIT,0,0.708648
1724,"setSystemUiVisibility vis=0 mask=1 oldVal=40000500 newVal=40000500 diff=0 fullscreenStackVis=0 dockedStackVis=0, fullscreenStackBounds=Rect(0, 0 - 0, 0), dockedStackBounds=Rect(0, 0 - 0, 0)",HIT,0,0.708817
1725,setLightsOn(true),HIT,0,0.708986
1726,"setSystemUiVisibility vis=0 mask=1 oldVal=40000500 newVal=40000500 diff=0 fullscreenStackVis=0 dockedStackVis=0, fullscreenStackBounds=Rect(0, 0 - 0, 0), dockedStackBounds=Rect(0, 0 - 0, 0)",HIT,0,0.709154
1727,getStreamVolume  treamType: 5,MISS,0,0.708743
1728,setLightsOn(true),HIT,0,0.708912
1729,"setSystemUiVisibility vis=0 mask=1 oldVal=40000500 newVal=40000500 diff=0 fullscreenStackVis=0 dockedStackVis=0, fullscreenStackBounds=Rect(0, 0 - 0, 0), dockedStackBounds=Rect(0, 0 - 0, 0)",HIT,0,0.709080
1730,setLightsOn(true),HIT,0,0.709249
1731,"setSystemUiVisibility vis=0 mask=1 oldVal=40000500 newVal=40000500 diff=0 fullscreenStackVis=0 dockedStackVis=0, fullscreenStackBounds=Rect(0, 0 - 0, 0), dockedStackBounds=Rect(0, 0 - 0, 0)",HIT,0,0.709417
1732,HBM brightnessIn =38,HIT,0,0.709584
1733,HBM brightnessOut =38,HIT,0,0.709752
1734,"Animating brightness: target=38, rate=200",HIT,0,0.709919
1735,"userActivityNoUpdateLocked: eventTime=261985554, event=2, flags=0x0, uid=1000",MISS,0,0.709510
1736,"ready=true,policy=3,wakefulness=1,wksummary=0x1,uasummary=0x1,bootcompleted=true,boostinprogress=false,waitmodeenable=false,mode=false,manual=38,auto=-1,adj=0.0userId=0",HIT,0,0.709677
1737,HBM brightnessIn =38,HIT,0,0.709845
1738,HBM brightnessOut =38,HIT,0,0.710012
1739,"Animating brightness: target=38, rate=200",HIT,0,0.710178
1740,Destroying surface Surface(name=PopupWindow:317e46) called by com.android.server.wm.WindowStateAnimator.destroySurface:2060 com.android.server.wm.WindowStateAnimator.destroySurfaceLocked:913 com.android.server.wm.WindowState.removeLocked:1554 com.android.server.wm.WindowManagerService.removeWindowInnerLocked:2739 com.android.server.wm.WindowManagerService.removeWindowInnerLocked:2702 com.android.server.wm.WindowManagerService.removeWindowLocked:2691 com.android.server.wm.WindowManagerService.removeWindowLocked:2560 com.android.server.wm.WindowManagerService.removeWindow:2555,HIT,0,0.710345
1741,setLightsOn(true),HIT,0,0.710511
1742,"setSystemUiVisibility vis=0 mask=1 oldVal=40000500 newVal=40000500 diff=0 fullscreenStackVis=0 dockedStackVis=0, fullscreenStackBounds=Rect(0, 0 - 0, 0), dockedStackBounds=Rect(0, 0 - 0, 0)",HIT,0,0.710677
1743,setLightsOn(true),HIT,0,0.710843
1744,"setSystemUiVisibility vis=0 mask=1 oldVal=40000500 newVal=40000500 diff=0 fullscreenStackVis=0 dockedStackVis=0, fullscreenStackBounds=Rect(0, 0 - 0, 0), dockedStackBounds=Rect(0, 0 - 0, 0)",HIT,0,0.711009
1745,setLightsOn(true),HIT,0,0.711175
1746,"setSystemUiVisibility vis=0 mask=1 oldVal=40000500 newVal=40000500 diff=0 fullscreenStackVis=0 dockedStackVis=0, fullscreenStackBounds=Rect(0, 0 - 0, 0), dockedStackBounds=Rect(0, 0 - 0, 0)",HIT,0,0.711340
1747,HBM brightnessIn =38,HIT,0,0.711505
1748,HBM brightnessOut =38,HIT,0,0.711670
1749,"Animating brightness: target=38, rate=200",HIT,0,0.711835
1750,setLightsOn(true),HIT,0,0.712000
1751,"setSystemUiVisibility vis=0 mask=1 oldVal=40000500 newVal=40000500 diff=0 fullscreenStackVis=0 dockedStackVis=0, fullscreenStackBounds=Rect(0, 0 - 0, 0), dockedStackBounds=Rect(0, 0 - 0, 0)",HIT,0,0.712164
1752,Destroying surface Surface(name=InputMethod) called by com.android.server.wm.WindowStateAnimator.destroySurface:2060 com.android.server.wm.WindowStateAnimator.destroySurfaceLocked:913 com.android.server.wm.WindowState.destroyOrSaveSurface:2201 com.android.server.wm.WindowSurfacePlacer.performSurfacePlacementInner:517 com.android.server.wm.WindowSurfacePlacer.performSurfacePlacementLoop:291 com.android.server.wm.WindowSurfacePlacer.performSurfacePlacement:233 com.android.server.wm.WindowManagerService$H.handleMessage:8670 android.os.Handler.dispatchMessage:105,HIT,0,0.712329
1753,"userActivityNoUpdateLocked: eventTime=261986105, event=2, flags=0x0, uid=1000",MISS,0,0.711922
1754,"ready=true,policy=3,wakefulness=1,wksummary=0x1,uasummary=0x1,bootcompleted=true,boostinprogress=false,waitmodeenable=false,mode=false,manual=38,auto=-1,adj=0.0userId=0",HIT,0,0.712087
1755,playSoundEffect   effectType: 0,HIT,0,0.712251
1756,querySoundEffectsEnabled...,HIT,0,0.712415
1757,HBM brightnessIn =38,HIT,0,0.712578
1758,HBM brightnessOut =38,HIT,0,0.712742
1759,"Animating brightness: target=38, rate=200",HIT,0,0.712905
1760,HBM brightnessIn =38,HIT,0,0.713068
1761,HBM brightnessOut =38,HIT,0,0.713231
1762,"Animating brightness: target=38, rate=200",HIT,0,0.713394
1763,HBM brightnessIn =38,HIT,0,0.713556
1764,HBM brightnessOut =38,HIT,0,0.713719
1765,"Animating brightness: target=38, rate=200",HIT,0,0.713881
1766,"userActivityNoUpdateLocked: eventTime=261986874, event=2, flags=0x0, uid=1000",MISS,0,0.713477
1767,"ready=true,policy=3,wakefulness=1,wksummary=0x1,uasummary=0x1,bootcompleted=true,boostinprogress=false,waitmodeenable=false,mode=false,manual=38,auto=-1,adj=0.0userId=0",HIT,0,0.713639
1768,HBM brightnessIn =38,HIT,0,0.713801
1769,HBM brightnessOut =38,HIT,0,0.713963
1770,"Animating brightness: target=38, rate=200",HIT,0,0.714124
1771,"userActivityNoUpdateLocked: eventTime=261987391, event=2, flags=0x0, uid=1000",MISS,0,0.713721
1772,"ready=true,policy=3,wakefulness=1,wksummary=0x1,uasummary=0x1,bootcompleted=true,boostinprogress=false,waitmodeenable=false,mode=false,manual=38,auto=-1,adj=0.0userId=0",HIT,0,0.713883
1773,HBM brightnessIn =38,HIT,0,0.714044
1774,HBM brightnessOut =38,HIT,0,0.714205
1775,"Animating brightness: target=38, rate=200",HIT,0,0.714366
1776,"updateIsPoweredLocked: wasPowered=false, mIsPowered=false, oldPlugType=0, mPlugType=0, mBatteryLevel=23",MISS,0,0.713964
1777,received broadcast android.intent.action.BATTERY_CHANGED,MISS,0,0.713562
1778,ACTION_BATTERY_CHANGED AMP: 0; Volt: 0,MISS,0,0.713161
1779,updateChargingLocked: charging=false,MISS,0,0.712760
1780,"onReceive, action:android.intent.action.BATTERY_CHANGED",MISS,0,0.712360
1781,ACTION_BATTERY_CHANGED pluggedType: 0,MISS,0,0.711960
1782,ApStaDisabledState what=155652,MISS,0,0.711560
1783,DefaultState what=155652,MISS,0,0.711161
1784,battery changed pluggedType: 0,MISS,0,0.710762
1785,RefreshBatteryInfo isBatteryLow: 23,MISS,0,0.710364
1786,ChargingSpeed  Wattage: -1 ST: 5000000 --> 7500000,MISS,0,0.709966
1787,handleBatteryUpdate,MISS,0,0.709569
1788,RefreshBatteryInfo isBatteryLow: 23,HIT,0,0.709732
1789,"ready=true,policy=3,wakefulness=1,wksummary=0x1,uasummary=0x1,bootcompleted=true,boostinprogress=false,waitmodeenable=false,mode=false,manual=38,auto=-1,adj=0.0userId=0",HIT,0,0.709894
1790,"ready=true,policy=3,wakefulness=1,wksummary=0x1,uasummary=0x1,bootcompleted=true,boostinprogress=false,waitmodeenable=false,mode=false,manual=38,auto=-1,adj=0.0userId=0",HIT,0,0.710056
1791,setLightsOn(true),HIT,0,0.710218
1792,"setSystemUiVisibility vis=0 mask=1 oldVal=40000500 newVal=40000500 diff=0 fullscreenStackVis=0 dockedStackVis=0, fullscreenStackBounds=Rect(0, 0 - 0, 0), dockedStackBounds=Rect(0, 0 - 0, 0)",HIT,0,0.710379
1793,HBM brightnessIn =38,HIT,0,0.710541
1794,HBM brightnessOut =38,HIT,0,0.710702
1795,"Animating brightness: target=38, rate=200",HIT,0,0.710864
1796,"release:lock=149977903, flg=0x0, tag=""AudioMix"", name=audioserver"", ws=null, uid=1041, pid=0",MISS,0,0.710468
1797,"ready=true,policy=3,wakefulness=1,wksummary=0x1,uasummary=0x1,bootcompleted=true,boostinprogress=false,waitmodeenable=false,mode=false,manual=38,auto=-1,adj=0.0userId=0",HIT,0,0.710629
1798,"release:lock=155645244, flg=0x0, tag=""AudioMix"", name=audioserver"", ws=null, uid=1041, pid=0",MISS,0,0.710234
1799,"ready=true,policy=3,wakefulness=1,wksummary=0x1,uasummary=0x1,bootcompleted=true,boostinprogress=false,waitmodeenable=false,mode=false,manual=38,auto=-1,adj=0.0userId=0",HIT,0,0.710395
1800,"release:lock=191063310, flg=0x0, tag=""AudioMix"", name=audioserver"", ws=null, uid=1041, pid=0",MISS,0,0.710000
1801,"ready=true,policy=3,wakefulness=1,wksummary=0x1,uasummary=0x1,bootcompleted=true,boostinprogress=false,waitmodeenable=false,mode=false,manual=38,auto=-1,adj=0.0userId=0",HIT,0,0.710161
1802,"release:lock=173466309, flg=0x0, tag=""AudioMix"", name=audioserver"", ws=null, uid=1041, pid=0",MISS,0,0.709767
1803,"ready=true,policy=3,wakefulness=1,wksummary=0x0,uasummary=0x1,bootcompleted=true,boostinprogress=false,waitmodeenable=false,mode=false,manual=38,auto=-1,adj=0.0userId=0",HIT,0,0.709928
1804,"Releasing suspend blocker ""PowerManagerService.WakeLocks"".",HIT,0,0.710089
1805,HBM brightnessIn =38,HIT,0,0.710249
1806,HBM brightnessOut =38,HIT,0,0.710410
1807,"Animating brightness: target=38, rate=200",HIT,0,0.710570
1808,getRunningAppProcesses: caller 10091 does not hold REAL_GET_TASKS; limiting output,MISS,0,0.710177
1809,getRunningAppProcesses: caller 10091 does not hold REAL_GET_TASKS; limiting output,HIT,0,0.710337
1810,HBM brightnessIn =38,HIT,0,0.710497
1811,HBM brightnessOut =38,HIT,0,0.710657
1812,"Animating brightness: target=38, rate=200",HIT,0,0.710817
1813,"userActivityNoUpdateLocked: eventTime=261988728, event=2, flags=0x0, uid=1000",MISS,0,0.710425
1814,"ready=true,policy=3,wakefulness=1,wksummary=0x0,uasummary=0x1,bootcompleted=true,boostinprogress=false,waitmodeenable=false,mode=false,manual=38,auto=-1,adj=0.0userId=0",HIT,0,0.710584
1815,suspendAutohide,HIT,0,0.710744
1816,interceptKeyTq keycode=3 interactive=true keyguardActive=false policyFlags=2b000002 down true canceled false,HIT,0,0.710903
1817,"interceptKeyBeforeQueueing: key 3 , result : 1",HIT,0,0.711062
1818,"userActivityNoUpdateLocked: eventTime=261988739, event=1, flags=0x0, uid=1000",MISS,0,0.710671
1819,"ready=true,policy=3,wakefulness=1,wksummary=0x0,uasummary=0x1,bootcompleted=true,boostinprogress=false,waitmodeenable=false,mode=false,manual=38,auto=-1,adj=0.0userId=0",HIT,0,0.710830
1820,resumeSuspendedAutohide,HIT,0,0.710989
1821,"userActivityNoUpdateLocked: eventTime=261988799, event=0, flags=0x0, uid=1000",MISS,0,0.710599
1822,"ready=true,policy=3,wakefulness=1,wksummary=0x0,uasummary=0x1,bootcompleted=true,boostinprogress=false,waitmodeenable=false,mode=false,manual=38,auto=-1,adj=0.0userId=0",HIT,0,0.710757
1823,interceptKeyTq keycode=3 interactive=true keyguardActive=false policyFlags=2b000002 down false canceled false,HIT,0,0.710916
1824,"interceptKeyBeforeQueueing: key 3 , result : 1",HIT,0,0.711075
1825,querySoundEffectsEnabled...,HIT,0,0.711233
1826,"userActivityNoUpdateLocked: eventTime=261988822, event=0, flags=0x0, uid=1000",MISS,0,0.710843
1827,"ready=true,policy=3,wakefulness=1,wksummary=0x0,uasummary=0x1,bootcompleted=true,boostinprogress=false,waitmodeenable=false,mode=false,manual=38,auto=-1,adj=0.0userId=0",HIT,0,0.711002
1828,"animateCollapsePanels:flags=0, force=false, delayed=false, mExpandedVisible=false",HIT,0,0.711160
1829,closeQs,HIT,0,0.711318
1830,cancelPeek: false,HIT,0,0.711475
1831,instantCollapse,HIT,0,0.711633
1832,cancelPeek: false,HIT,0,0.711790
1833,setLightsOn(true),HIT,0,0.711948
1834,"setSystemUiVisibility vis=0 mask=1 oldVal=40000500 newVal=40000500 diff=0 fullscreenStackVis=0 dockedStackVis=0, fullscreenStackBounds=Rect(0, 0 - 0, 0), dockedStackBounds=Rect(0, 0 - 0, 0)",HIT,0,0.712105
1835,"acquire lock=189667585, flags=0x1, tag=""*launch*"", name=android, ws=WorkSource{10057}, uid=1000, pid=1702",MISS,0,0.711717
1836,"ready=true,policy=3,wakefulness=1,wksummary=0x1,uasummary=0x1,bootcompleted=true,boostinprogress=false,waitmodeenable=false,mode=false,manual=38,auto=-1,adj=0.0userId=0",HIT,0,0.711874
1837,"Acquiring suspend blocker ""PowerManagerService.WakeLocks"".",HIT,0,0.712030
1838,setLightsOn(true),HIT,0,0.712187
1839,"setSystemUiVisibility vis=0 mask=1 oldVal=40000500 newVal=40000500 diff=0 fullscreenStackVis=0 dockedStackVis=0, fullscreenStackBounds=Rect(0, 0 - 0, 0), dockedStackBounds=Rect(0, 0 - 0, 0)",HIT,0,0.712344
1840,setLightsOn(true),HIT,0,0.712500
1841,"setSystemUiVisibility vis=0 mask=1 oldVal=40000500 newVal=40000500 diff=0 fullscreenStackVis=0 dockedStackVis=0, fullscreenStackBounds=Rect(0, 0 - 0, 0), dockedStackBounds=Rect(0, 0 - 0, 0)",HIT,0,0.712656
1842,getRunningAppProcesses: caller 10112 does not hold REAL_GET_TASKS; limiting output,MISS,0,0.712269
1843,setLightsOn(true),HIT,0,0.712425
1844,"setSystemUiVisibility vis=0 mask=1 oldVal=40000500 newVal=40000500 diff=0 fullscreenStackVis=0 dockedStackVis=0, fullscreenStackBounds=Rect(0, 0 - 0, 0), dockedStackBounds=Rect(0, 0 - 0, 0)",HIT,0,0.712581
1845,"Taking screenshot from Surface with crop:[Rect(0, 48 - 720, 1208)], width:[432], height:[696], minLayer:[21000], maxLayer:[21080], inRotation:[false], rot:[0]",MISS,0,0.712195
1846,The change in focus caused us to need to do a layout begin,HIT,0,0.712351
1847,The change in focus caused us to need to do a layout end,HIT,0,0.712507
1848,"setSystemUiVisibility vis=708 mask=ffffffff oldVal=40000500 newVal=708 diff=40000208 fullscreenStackVis=0 dockedStackVis=0, fullscreenStackBounds=Rect(0, 0 - 720, 1280), dockedStackBounds=Rect(0, 0 - 0, 0)",MISS,0,0.712121
1849,cancelAutohide,HIT,0,0.712277
1850,"notifyUiVisibilityChanged:vis=0x708, SystemUiVisibility=0x708",HIT,0,0.712432
1851,"updateClipping isOverlap:false, getTopPadding=333.0, Translation=0.0",HIT,0,0.712588
1852,updateDimmedActivatedHideSensitive overlap:false,HIT,0,0.712743
1853,"Skipping, withExcluded: false, tr.intent:Intent { flg=0x10804000 cmp=com.android.systemui/.recents.RecentsActivity bnds=[264,444][920,908] }",HIT,0,0.712898
1854,"Skipping, withExcluded: false, tr.intent:Intent { act=android.intent.action.MAIN flg=0x10840000 cmp=com.android.incallui/.InCallActivity (has extras) }",HIT,0,0.713053
1855,"Skipping, withExcluded: false, tr.intent:Intent { flg=0x18800000 cmp=com.tencent.mm/.plugin.base.stub.WXEntryActivity (has extras) }",HIT,0,0.713208
1856,"Skipping, withExcluded: false, tr.intent:Intent { flg=0x10800000 cmp=com.tencent.qqmusic/.business.lockscreen.LockScreenActivity (has extras) }",HIT,0,0.713362
1857,"Skipping, withExcluded: false, tr.intent:Intent { act=com.android.contacts.action.CHOOSE_SUB dat=tel:xxxxxxxxxxx flg=0x10808000 cmp=com.android.contacts/.ChooseSubActivity (has extras) }",HIT,0,0.713516
1858,"Skipping, withExcluded: false, tr.intent:Intent { act=android.intent.action.VIEW dat=file:///storage/emulated/0/Tencent/QQfile_recv/b.apk typ=application/vnd.android.package-archive flg=0x10800000 cmp=com.android.packageinstaller/.PackageInstallerActivity (has extras) }",HIT,0,0.713671
1859,"getRecentTasks: num=20,flags=62,totalTasks=46",HIT,0,0.713825
1860,getRecentTasks: topActivity=ComponentInfo{com.tencent.mobileqq/com.tencent.mobileqq.activity.SplashActivity},HIT,0,0.713978
1861,"Skipping, withExcluded: false, tr.intent:Intent { flg=0x10804000 cmp=com.android.systemui/.recents.RecentsActivity bnds=[264,444][920,908] }",HIT,0,0.714132
1862,"Skipping, withExcluded: false, tr.intent:Intent { act=android.intent.action.MAIN flg=0x10840000 cmp=com.android.incallui/.InCallActivity (has extras) }",HIT,0,0.714286
1863,"Skipping, withExcluded: false, tr.intent:Intent { flg=0x18800000 cmp=com.tencent.mm/.plugin.base.stub.WXEntryActivity (has extras) }",HIT,0,0.714439
1864,"getRecentTasks: num=10,flags=62,totalTasks=46",HIT,0,0.714592
1865,getRecentTasks: topActivity=ComponentInfo{com.tencent.mobileqq/com.tencent.mobileqq.activity.SplashActivity},HIT,0,0.714745
1866,"setSystemUiVisibility vis=c0000700 mask=ffffffff oldVal=708 newVal=c0000700 diff=c0000008 fullscreenStackVis=0 dockedStackVis=0, fullscreenStackBounds=Rect(0, 0 - 720, 1280), dockedStackBounds=Rect(0, 0 - 0, 0)",HIT,0,0.714898
1867,cancelAutohide,HIT,0,0.715051
1868,"notifyUiVisibilityChanged:vis=0xc0000700, SystemUiVisibility=0xc0000700",MISS,0,0.714668
1869,getRingerMode...,HIT,0,0.714821
1870,"release:lock=189667585, flg=0x0, tag=""*launch*"", name=android"", ws=WorkSource{10057}, uid=1000, pid=1702",HIT,0,0.714973
1871,"ready=true,policy=3,wakefulness=1,wksummary=0x0,uasummary=0x1,bootcompleted=true,boostinprogress=false,waitmodeenable=false,mode=false,manual=38,auto=-1,adj=0.0userId=0",HIT,0,0.715126
1872,"Releasing suspend blocker ""PowerManagerService.WakeLocks"".",HIT,0,0.715278
1873,enqueueNotificationInternal: pkg=com.tencent.mm id=4097 notification=Notification(pri=1 contentView=null vibrate=[] sound=null tick defaults=0x0 flags=0x101 color=0x00000000 category=msg vis=PRIVATE),MISS,0,0.714896
1874,enqueueNotificationInternal: n.getKey = 0|com.tencent.mm|4097|null|10112,MISS,0,0.714514
1875,"updateLightsLocked,mInCall =false,mScreenOn = true,ledNotification == null?false",MISS,0,0.714133
1876,"updateLightsLocked,turn off notificationLight",HIT,0,0.714286
1877,addNotification key=0|com.tencent.mm|4097|null|10112,MISS,0,0.713905
1878,mHeadsUpExistenceChangedRunnable,MISS,0,0.713525
1879,disable: < expand ICONS* alerts SYSTEM_INFO* back home recent clock navigationbar search quick_settings >,MISS,0,0.713145
1880,suspendAutohide,HIT,0,0.713298
1881,"updateNotificationShade: total=0, active=0",HIT,0,0.713450
1882,removeNotificationChildren,HIT,0,0.713603
1883,"updateNotificationShade: total=1, active=1",MISS,0,0.713224
1884,removeNotificationChildren,HIT,0,0.713376
1885,Marking notification as seen 0|com.tencent.mm|4097|null|10112,MISS,0,0.712997
1886,getTasks: caller 10111 does not hold REAL_GET_TASKS; limiting output,HIT,0,0.713150
1887,getTasks: caller 10111 does not hold REAL_GET_TASKS; limiting output,HIT,0,0.713302
1888,onNotificationExpansionChanged called,MISS,0,0.712924
1889,Destroying surface Surface(name=com.tencent.mobileqq/com.tencent.mobileqq.activity.SplashActivity) called by com.android.server.wm.WindowStateAnimator.destroySurface:2060 com.android.server.wm.WindowStateAnimator.destroySurfaceLocked:913 com.android.server.wm.WindowState.destroyOrSaveSurface:2201 com.android.server.wm.AppWindowToken.destroySurfaces:374 com.android.server.wm.AppWindowToken.notifyAppStopped:400 com.android.server.wm.WindowManagerService.notifyAppStopped:4869 com.android.server.am.ActivityStack.activityStoppedLocked:1393 com.android.server.am.ActivityManagerService.activityStopped:7690,MISS,0,0.712546
1890,"updateClipping isOverlap:false, getTopPadding=333.0, Translation=-429.0",MISS,0,0.712169
1891,updateDimmedActivatedHideSensitive overlap:false,HIT,0,0.712322
1892,getRunningAppProcesses: caller 10111 does not hold REAL_GET_TASKS; limiting output,HIT,0,0.712474
1893,"updateClipping isOverlap:false, getTopPadding=333.0, Translation=-497.0",MISS,0,0.712097
1894,updateDimmedActivatedHideSensitive overlap:false,HIT,0,0.712249
1895,getTasks: caller 10111 does not hold REAL_GET_TASKS; limiting output,HIT,0,0.712401
1896,getTasks: caller 10111 does not hold REAL_GET_TASKS; limiting output,HIT,0,0.712553
1897,getTasks: caller 10111 does not hold REAL_GET_TASKS; limiting output,HIT,0,0.712704
1898,getTasks: caller 10111 does not hold REAL_GET_TASKS; limiting output,HIT,0,0.712856
1899,getTasks: caller 10111 does not hold REAL_GET_TASKS; limiting output,HIT,0,0.713007
1900,getRunningAppProcesses: caller 10113 does not hold REAL_GET_TASKS; limiting output,HIT,0,0.713158
1901,"sending alarm Alarm{2741459 type 3 when 509267844 PendingIntent{f75f81e: PendingIntentRecord{e204f60 com.android.phone broadcastIntent}}},repeatInterval = 0,listenerTag =null",MISS,0,0.712783
1902,"ready=true,policy=3,wakefulness=1,wksummary=0x1,uasummary=0x1,bootcompleted=true,boostinprogress=false,waitmodeenable=false,mode=false,manual=38,auto=-1,adj=0.0userId=0",HIT,0,0.712934
1903,"Acquiring suspend blocker ""PowerManagerService.WakeLocks"".",HIT,0,0.713085
1904,"ready=true,policy=3,wakefulness=1,wksummary=0x0,uasummary=0x1,bootcompleted=true,boostinprogress=false,waitmodeenable=false,mode=false,manual=38,auto=-1,adj=0.0userId=0",HIT,0,0.713235
1905,"Releasing suspend blocker ""PowerManagerService.WakeLocks"".",HIT,0,0.713386
1906,"ready=true,policy=3,wakefulness=1,wksummary=0x1,uasummary=0x1,bootcompleted=true,boostinprogress=false,waitmodeenable=false,mode=false,manual=38,auto=-1,adj=0.0userId=0",HIT,0,0.713536
1907,"Acquiring suspend blocker ""PowerManagerService.WakeLocks"".",HIT,0,0.713686
1908,"updateClipping isOverlap:false, getTopPadding=333.0, Translation=-497.0",HIT,0,0.713836
1909,updateDimmedActivatedHideSensitive overlap:false,HIT,0,0.713986
1910,logNotificationVisibilityChanges runInThread start,MISS,0,0.713613
1911,onNotificationVisibilityChanged called,MISS,0,0.713239
1912,logNotificationVisibilityChanges runInThread over,MISS,0,0.712866
1913,"ready=true,policy=3,wakefulness=1,wksummary=0x0,uasummary=0x1,bootcompleted=true,boostinprogress=false,waitmodeenable=false,mode=false,manual=38,auto=-1,adj=0.0userId=0",HIT,0,0.713016
1914,"Releasing suspend blocker ""PowerManagerService.WakeLocks"".",HIT,0,0.713166
1915,"userActivityNoUpdateLocked: eventTime=261991304, event=2, flags=0x0, uid=1000",MISS,0,0.712794
1916,"ready=true,policy=3,wakefulness=1,wksummary=0x0,uasummary=0x1,bootcompleted=true,boostinprogress=false,waitmodeenable=false,mode=false,manual=38,auto=-1,adj=0.0userId=0",HIT,0,0.712944
1917,"onInterceptTouchEvent MotionEvent { action=ACTION_DOWN, actionButton=0, id[0]=0, x[0]=622.0, y[0]=86.0, toolType[0]=TOOL_TYPE_FINGER, buttonState=0, metaState=0, flags=0x0, edgeFlags=0x0, pointerCount=1, historySize=0, eventTime=261991304, downTime=261991304, deviceId=3, source=0x1002 }, mBlockTouches=false",MISS,0,0.712572
1918,"updateClipping isOverlap:false, getTopPadding=333.0, Translation=-497.0",HIT,0,0.712722
1919,updateDimmedActivatedHideSensitive overlap:false,HIT,0,0.712871
1920,"onInterceptTouchEvent MotionEvent { action=ACTION_UP, actionButton=0, id[0]=0, x[0]=622.0, y[0]=86.0, toolType[0]=TOOL_TYPE_FINGER, buttonState=0, metaState=0, flags=0x0, edgeFlags=0x0, pointerCount=1, historySize=0, eventTime=261991368, downTime=261991304, deviceId=3, source=0x1002 }, mBlockTouches=false",MISS,0,0.712500
1921,HBM brightnessIn =38,HIT,0,0.712650
1922,HBM brightnessOut =38,HIT,0,0.712799
1923,"Animating brightness: target=38, rate=200",HIT,0,0.712949
1924,playSoundEffect   effectType: 0,HIT,0,0.713098
1925,querySoundEffectsEnabled...,HIT,0,0.713247
1926,"updateNotificationShade: total=1, active=1",MISS,0,0.712876
1927,removeNotificationChildren,HIT,0,0.713025
1928,"animateCollapsePanels:flags=2, force=true, delayed=true, mExpandedVisible=true",MISS,0,0.712656
1929,closeQs,HIT,0,0.712805
1930,cancelPeek: false,HIT,0,0.712953
1931,instantCollapse,HIT,0,0.713102
1932,cancelPeek: false,HIT,0,0.713251
1933,"updateNotificationShade: total=1, active=1",MISS,0,0.712882
1934,removeNotificationChildren,HIT,0,0.713030
1935,logNotificationVisibilityChanges runInThread start,HIT,0,0.713178
1936,onNotificationVisibilityChanged called,HIT,0,0.713326
1937,logNotificationVisibilityChanges runInThread over,MISS,0,0.712958
1938,START u0 {flg=0x24000000 cmp=com.tencent.mm/.ui.LauncherUI (has extras)} from uid 10112 on display 0,MISS,0,0.712590
1939,"ActivityRecord info: ActivityInfo{80c2e70 com.tencent.mm.ui.LauncherUI}, euid: 0",MISS,0,0.712223
1940,"overlapAmount:220.0, previousNotificationEnd:0.0, newYTranslation:-220.0, location:4, i:0, getTopPadding:333.0, getLocationOnScreen():-553",MISS,0,0.711856
1941,"state.clipTopAmount:204, i:0",MISS,0,0.711489
1942,"updateClipping isOverlap:true, getTopPadding=333.0, Translation=-553.0",MISS,0,0.711123
1943,updateDimmedActivatedHideSensitive overlap:true,MISS,0,0.710757
1944,makeExpandedInvisible: mExpandedVisible=true,MISS,0,0.710391
1945,closeQs,HIT,0,0.710540
1946,cancelPeek: false,HIT,0,0.710689
1947,instantCollapse,HIT,0,0.710837
1948,cancelPeek: false,HIT,0,0.710986
1949,"updateNotificationShade: total=1, active=1",MISS,0,0.710621
1950,removeNotificationChildren,HIT,0,0.710769
1951,closeQs,HIT,0,0.710917
1952,startActivity called from non-Activity context; forcing Intent.FLAG_ACTIVITY_NEW_TASK for: Intent { flg=0x24000000 cmp=com.tencent.mm/.ui.LauncherUI (has extras) },MISS,0,0.710553
1953,resumeSuspendedAutohide,HIT,0,0.710701
1954,disable: < expand icons* alerts system_info* back home recent clock navigationbar search quick_settings >,MISS,0,0.710338
1955,"overlapAmount:220.0, previousNotificationEnd:0.0, newYTranslation:-220.0, location:4, i:0, getTopPadding:333.0, getLocationOnScreen():-553",MISS,0,0.709974
1956,"state.clipTopAmount:204, i:0",HIT,0,0.710123
1957,"updateClipping isOverlap:true, getTopPadding=333.0, Translation=-553.0",MISS,0,0.709760
1958,updateDimmedActivatedHideSensitive overlap:true,HIT,0,0.709908
1959,makeExpandedInvisible: mExpandedVisible=false,MISS,0,0.709546
1960,"acquire lock=189667585, flags=0x1, tag=""*launch*"", name=android, ws=WorkSource{10112}, uid=1000, pid=1702",MISS,0,0.709184
1961,"ready=true,policy=3,wakefulness=1,wksummary=0x1,uasummary=0x1,bootcompleted=true,boostinprogress=false,waitmodeenable=false,mode=false,manual=38,auto=-1,adj=0.0userId=0",HIT,0,0.709332
1962,"Acquiring suspend blocker ""PowerManagerService.WakeLocks"".",HIT,0,0.709480
1963,onNotificationClick called,MISS,0,0.709119
1964,"cancelNotification,index:0",MISS,0,0.708758
1965,applyOptionsLocked: Unknown animationType=0,MISS,0,0.708397
1966,getRunningAppProcesses: caller 10113 does not hold REAL_GET_TASKS; limiting output,HIT,0,0.708545
1967,"Skipping, withExcluded: false, tr.intent:Intent { flg=0x10804000 cmp=com.android.systemui/.recents.RecentsActivity bnds=[264,444][920,908] }",HIT,0,0.708693
1968,"Skipping, withExcluded: false, tr.intent:Intent { act=android.intent.action.MAIN flg=0x10840000 cmp=com.android.incallui/.InCallActivity (has extras) }",HIT,0,0.708841
1969,"Skipping, withExcluded: false, tr.intent:Intent { flg=0x18800000 cmp=com.tencent.mm/.plugin.base.stub.WXEntryActivity (has extras) }",HIT,0,0.708989
1970,"Skipping, withExcluded: false, tr.intent:Intent { flg=0x10800000 cmp=com.tencent.qqmusic/.business.lockscreen.LockScreenActivity (has extras) }",HIT,0,0.709137
1971,"Skipping, withExcluded: false, tr.intent:Intent { act=com.android.contacts.action.CHOOSE_SUB dat=tel:xxxxxxxxxxx flg=0x10808000 cmp=com.android.contacts/.ChooseSubActivity (has extras) }",HIT,0,0.709285
1972,"Skipping, withExcluded: false, tr.intent:Intent { act=android.intent.action.VIEW dat=file:///storage/emulated/0/Tencent/QQfile_recv/b.apk typ=application/vnd.android.package-archive flg=0x10800000 cmp=com.android.packageinstaller/.PackageInstallerActivity (has extras) }",HIT,0,0.709432
1973,"getRecentTasks: num=20,flags=62,totalTasks=46",HIT,0,0.709579
1974,getRecentTasks: topActivity=ComponentInfo{com.tencent.mm/com.tencent.mm.ui.LauncherUI},MISS,0,0.709220
1975,"Skipping, withExcluded: false, tr.intent:Intent { flg=0x10804000 cmp=com.android.systemui/.recents.RecentsActivity bnds=[264,444][920,908] }",HIT,0,0.709367
1976,"Skipping, withExcluded: false, tr.intent:Intent { act=android.intent.action.MAIN flg=0x10840000 cmp=com.android.incallui/.InCallActivity (has extras) }",HIT,0,0.709514
1977,"Skipping, withExcluded: false, tr.intent:Intent { flg=0x18800000 cmp=com.tencent.mm/.plugin.base.stub.WXEntryActivity (has extras) }",HIT,0,0.709661
1978,"getRecentTasks: num=10,flags=62,totalTasks=46",HIT,0,0.709808
1979,getRecentTasks: topActivity=ComponentInfo{com.tencent.mm/com.tencent.mm.ui.LauncherUI},HIT,0,0.709955
1980,mHeadsUpExistenceChangedRunnable,MISS,0,0.709596
1981,"updateClipping isOverlap:false, getTopPadding=333.0, Translation=-24.0",MISS,0,0.709238
1982,updateDimmedActivatedHideSensitive overlap:false,HIT,0,0.709384
1983,HBM brightnessIn =38,HIT,0,0.709531
1984,HBM brightnessOut =38,HIT,0,0.709677
1985,"Animating brightness: target=38, rate=200",HIT,0,0.709824
1986,HBM brightnessIn =38,HIT,0,0.709970
1987,HBM brightnessOut =38,HIT,0,0.710116
1988,"Animating brightness: target=38, rate=200",HIT,0,0.710262
1989,HBM brightnessIn =38,HIT,0,0.710407
1990,HBM brightnessOut =38,HIT,0,0.710553
1991,"Animating brightness: target=38, rate=200",HIT,0,0.710698
1992,HBM brightnessIn =38,HIT,0,0.710843
1993,HBM brightnessOut =38,HIT,0,0.710988
1994,"Animating brightness: target=38, rate=200",HIT,0,0.711133
1995,HBM brightnessIn =38,HIT,0,0.711278
1996,HBM brightnessOut =38,HIT,0,0.711423
1997,"Animating brightness: target=38, rate=200",HIT,0,0.711567
1998,HBM brightnessIn =38,HIT,0,0.711712
1999,HBM brightnessOut =38,HIT,0,0.711856
2000,"Animating brightness: target=38, rate=200",HIT,0,0.712000
